{"v":"5.6.8","fr":30,"ip":0,"op":330,"w":1125,"h":1050,"nm":"订阅视频-手相","ddd":0,"assets":[],"layers":[{"ddd":0,"ind":72,"ty":4,"nm":"“Life :”轮廓","parent":84,"sr":1,"ks":{"o":{"a":1,"k":[{"i":{"x":[0.833],"y":[0.833]},"o":{"x":[0.167],"y":[0.167]},"t":230,"s":[0]},{"t":240,"s":[100]}],"ix":11},"r":{"a":0,"k":0,"ix":10},"p":{"a":0,"k":[265.755,-192.692,0],"ix":2},"a":{"a":0,"k":[-0.81,-13.716,0],"ix":1},"s":{"a":0,"k":[100,100,100],"ix":6}},"ao":0,"shapes":[{"ty":"gr","it":[{"ind":0,"ty":"sh","ix":1,"ks":{"a":0,"k":{"i":[[0,0],[0,0],[0,0],[0,0],[0,0],[0,0]],"o":[[0,0],[0,0],[0,0],[0,0],[0,0],[0,0]],"v":[[2.742,0],[19.195,0],[19.195,-3.076],[6.24,-3.076],[6.24,-25.822],[2.742,-25.822]],"c":true},"ix":2},"nm":"L","mn":"ADBE Vector Shape - Group","hd":false},{"ty":"fl","c":{"a":0,"k":[1,1,1,1],"ix":4},"o":{"a":0,"k":100,"ix":5},"r":1,"bm":0,"nm":"填充 1","mn":"ADBE Vector Graphic - Fill","hd":false},{"ty":"st","c":{"a":0,"k":[0.098040008545,0.098040008545,0.098040008545,1],"ix":3},"o":{"a":0,"k":100,"ix":4},"w":{"a":0,"k":0.01,"ix":5},"lc":1,"lj":1,"ml":4,"bm":0,"nm":"描边 1","mn":"ADBE Vector Graphic - Stroke","hd":false},{"ty":"tr","p":{"a":0,"k":[0,0],"ix":2},"a":{"a":0,"k":[0,0],"ix":1},"s":{"a":0,"k":[100,100],"ix":3},"r":{"a":0,"k":0,"ix":6},"o":{"a":0,"k":100,"ix":7},"sk":{"a":0,"k":0,"ix":4},"sa":{"a":0,"k":0,"ix":5},"nm":"变换"}],"nm":"L","np":3,"cix":2,"bm":0,"ix":1,"mn":"ADBE Vector Group","hd":false},{"ty":"gr","it":[{"ind":0,"ty":"sh","ix":1,"ks":{"a":0,"k":{"i":[[0,0],[0,0],[0,0],[0,0]],"o":[[0,0],[0,0],[0,0],[0,0]],"v":[[22.342,0],[25.559,0],[25.559,-18.738],[22.342,-18.738]],"c":true},"ix":2},"nm":"i","mn":"ADBE Vector Shape - Group","hd":false},{"ind":1,"ty":"sh","ix":2,"ks":{"a":0,"k":{"i":[[0,0],[0,0],[0,0],[0,0]],"o":[[0,0],[0,0],[0,0],[0,0]],"v":[[22.342,-22.236],[25.559,-22.236],[25.559,-25.822],[22.342,-25.822]],"c":true},"ix":2},"nm":"i","mn":"ADBE Vector Shape - Group","hd":false},{"ty":"mm","mm":1,"nm":"合并路径 1","mn":"ADBE Vector Filter - Merge","hd":false},{"ty":"fl","c":{"a":0,"k":[1,1,1,1],"ix":4},"o":{"a":0,"k":100,"ix":5},"r":1,"bm":0,"nm":"填充 1","mn":"ADBE Vector Graphic - Fill","hd":false},{"ty":"st","c":{"a":0,"k":[0.098040008545,0.098040008545,0.098040008545,1],"ix":3},"o":{"a":0,"k":100,"ix":4},"w":{"a":0,"k":0.01,"ix":5},"lc":1,"lj":1,"ml":4,"bm":0,"nm":"描边 1","mn":"ADBE Vector Graphic - Stroke","hd":false},{"ty":"tr","p":{"a":0,"k":[0,0],"ix":2},"a":{"a":0,"k":[0,0],"ix":1},"s":{"a":0,"k":[100,100],"ix":3},"r":{"a":0,"k":0,"ix":6},"o":{"a":0,"k":100,"ix":7},"sk":{"a":0,"k":0,"ix":4},"sa":{"a":0,"k":0,"ix":5},"nm":"变换"}],"nm":"i","np":5,"cix":2,"bm":0,"ix":2,"mn":"ADBE Vector Group","hd":false},{"ty":"gr","it":[{"ind":0,"ty":"sh","ix":1,"ks":{"a":0,"k":{"i":[[0.047,-1.312],[0,0],[0,0],[0,0],[0,0],[0,0],[0,0],[0,0],[0,0],[0,0],[0,0],[-0.19,0.498],[-0.972,0],[-0.148,-0.006],[-0.332,-0.023],[0,0],[0.211,0.012],[0.199,0],[0.738,-1.078]],"o":[[0,0],[0,0],[0,0],[0,0],[0,0],[0,0],[0,0],[0,0],[0,0],[0,0],[0,-2.039],[0.19,-0.498],[0.13,0],[0.148,0.006],[0,0],[-0.27,-0.023],[-0.211,-0.012],[-2.109,0],[-0.41,0.609]],"v":[[31.131,-21.691],[31.131,-18.738],[28.512,-18.738],[28.512,-16.242],[31.131,-16.242],[31.131,0],[34.26,0],[34.26,-16.242],[37.424,-16.242],[37.424,-18.738],[34.26,-18.738],[34.544,-22.544],[36.286,-23.291],[36.704,-23.282],[37.424,-23.238],[37.424,-26.121],[36.703,-26.174],[36.088,-26.191],[31.816,-24.574]],"c":true},"ix":2},"nm":"f","mn":"ADBE Vector Shape - Group","hd":false},{"ty":"fl","c":{"a":0,"k":[1,1,1,1],"ix":4},"o":{"a":0,"k":100,"ix":5},"r":1,"bm":0,"nm":"填充 1","mn":"ADBE Vector Graphic - Fill","hd":false},{"ty":"st","c":{"a":0,"k":[0.098040008545,0.098040008545,0.098040008545,1],"ix":3},"o":{"a":0,"k":100,"ix":4},"w":{"a":0,"k":0.01,"ix":5},"lc":1,"lj":1,"ml":4,"bm":0,"nm":"描边 1","mn":"ADBE Vector Graphic - Stroke","hd":false},{"ty":"tr","p":{"a":0,"k":[0,0],"ix":2},"a":{"a":0,"k":[0,0],"ix":1},"s":{"a":0,"k":[100,100],"ix":3},"r":{"a":0,"k":0,"ix":6},"o":{"a":0,"k":100,"ix":7},"sk":{"a":0,"k":0,"ix":4},"sa":{"a":0,"k":0,"ix":5},"nm":"变换"}],"nm":"f","np":3,"cix":2,"bm":0,"ix":3,"mn":"ADBE Vector Group","hd":false},{"ty":"gr","it":[{"ind":0,"ty":"sh","ix":1,"ks":{"a":0,"k":{"i":[[1.328,0],[1.63,-1.887],[0,-3.023],[-1.619,-1.705],[-2.329,0],[-0.756,0.187],[-0.954,0.938],[-0.463,0.85],[-0.082,0.692],[0,0],[0.547,-0.636],[1.639,0],[0.837,1.157],[0.058,1.915],[0,0],[0.186,0.867],[0.629,0.949],[1.246,0.627]],"o":[[-2.632,0],[-1.631,1.887],[0,3.07],[1.619,1.705],[0.954,0],[1.407,-0.328],[0.57,-0.539],[0.463,-0.85],[0,0],[-0.228,0.836],[-0.977,1.095],[-1.756,0],[-0.837,-1.157],[0,0],[0,-1.898],[-0.21,-1.266],[-0.652,-0.996],[-1.246,-0.627]],"v":[[48.109,-19.248],[41.715,-16.418],[39.27,-9.053],[41.698,-1.89],[47.619,0.668],[50.184,0.387],[53.725,-1.512],[55.274,-3.595],[56.092,-5.906],[52.98,-5.906],[51.819,-3.699],[47.894,-2.057],[44.005,-3.793],[42.662,-8.402],[56.355,-8.402],[56.076,-12.551],[54.818,-15.873],[51.97,-18.308]],"c":true},"ix":2},"nm":"e","mn":"ADBE Vector Shape - Group","hd":false},{"ind":1,"ty":"sh","ix":2,"ks":{"a":0,"k":{"i":[[0,0],[-0.976,1.049],[-1.441,0],[-0.86,-1.523],[-0.128,-1.371]],"o":[[0.058,-1.617],[0.976,-1.049],[2.01,0],[0.465,0.82],[0,0]],"v":[[42.732,-10.916],[44.284,-14.915],[47.909,-16.488],[52.214,-14.203],[53.104,-10.916]],"c":true},"ix":2},"nm":"e","mn":"ADBE Vector Shape - Group","hd":false},{"ty":"mm","mm":1,"nm":"合并路径 1","mn":"ADBE Vector Filter - Merge","hd":false},{"ty":"fl","c":{"a":0,"k":[1,1,1,1],"ix":4},"o":{"a":0,"k":100,"ix":5},"r":1,"bm":0,"nm":"填充 1","mn":"ADBE Vector Graphic - Fill","hd":false},{"ty":"st","c":{"a":0,"k":[0.098040008545,0.098040008545,0.098040008545,1],"ix":3},"o":{"a":0,"k":100,"ix":4},"w":{"a":0,"k":0.01,"ix":5},"lc":1,"lj":1,"ml":4,"bm":0,"nm":"描边 1","mn":"ADBE Vector Graphic - Stroke","hd":false},{"ty":"tr","p":{"a":0,"k":[0,0],"ix":2},"a":{"a":0,"k":[0,0],"ix":1},"s":{"a":0,"k":[100,100],"ix":3},"r":{"a":0,"k":0,"ix":6},"o":{"a":0,"k":100,"ix":7},"sk":{"a":0,"k":0,"ix":4},"sa":{"a":0,"k":0,"ix":5},"nm":"变换"}],"nm":"e","np":5,"cix":2,"bm":0,"ix":4,"mn":"ADBE Vector Group","hd":false},{"ty":"gr","it":[{"ind":0,"ty":"sh","ix":1,"ks":{"a":0,"k":{"i":[[0,0],[0,0],[0,0],[0,0]],"o":[[0,0],[0,0],[0,0],[0,0]],"v":[[72.035,-14.748],[75.709,-14.748],[75.709,-18.58],[72.035,-18.58]],"c":true},"ix":2},"nm":":","mn":"ADBE Vector Shape - Group","hd":false},{"ind":1,"ty":"sh","ix":2,"ks":{"a":0,"k":{"i":[[0,0],[0,0],[0,0],[0,0]],"o":[[0,0],[0,0],[0,0],[0,0]],"v":[[72.035,0],[75.709,0],[75.709,-3.832],[72.035,-3.832]],"c":true},"ix":2},"nm":":","mn":"ADBE Vector Shape - Group","hd":false},{"ty":"mm","mm":1,"nm":"合并路径 1","mn":"ADBE Vector Filter - Merge","hd":false},{"ty":"fl","c":{"a":0,"k":[1,1,1,1],"ix":4},"o":{"a":0,"k":100,"ix":5},"r":1,"bm":0,"nm":"填充 1","mn":"ADBE Vector Graphic - Fill","hd":false},{"ty":"st","c":{"a":0,"k":[0.098040008545,0.098040008545,0.098040008545,1],"ix":3},"o":{"a":0,"k":100,"ix":4},"w":{"a":0,"k":0.01,"ix":5},"lc":1,"lj":1,"ml":4,"bm":0,"nm":"描边 1","mn":"ADBE Vector Graphic - Stroke","hd":false},{"ty":"tr","p":{"a":0,"k":[0,0],"ix":2},"a":{"a":0,"k":[0,0],"ix":1},"s":{"a":0,"k":[100,100],"ix":3},"r":{"a":0,"k":0,"ix":6},"o":{"a":0,"k":100,"ix":7},"sk":{"a":0,"k":0,"ix":4},"sa":{"a":0,"k":0,"ix":5},"nm":"变换"}],"nm":":","np":5,"cix":2,"bm":0,"ix":5,"mn":"ADBE Vector Group","hd":false}],"ip":220,"op":400,"st":40,"bm":0},{"ddd":0,"ind":74,"ty":4,"nm":"“Love :”轮廓","parent":88,"sr":1,"ks":{"o":{"a":1,"k":[{"i":{"x":[0.833],"y":[0.833]},"o":{"x":[0.167],"y":[0.167]},"t":195,"s":[0]},{"t":205,"s":[100]}],"ix":11},"r":{"a":0,"k":0,"ix":10},"p":{"a":0,"k":[266.882,-195.738,0],"ix":2},"a":{"a":0,"k":[-0.81,-13.716,0],"ix":1},"s":{"a":0,"k":[100,100,100],"ix":6}},"ao":0,"shapes":[{"ty":"gr","it":[{"ind":0,"ty":"sh","ix":1,"ks":{"a":0,"k":{"i":[[0,0],[0,0],[0,0],[0,0],[0,0],[0,0]],"o":[[0,0],[0,0],[0,0],[0,0],[0,0],[0,0]],"v":[[2.742,0],[19.195,0],[19.195,-3.076],[6.24,-3.076],[6.24,-25.822],[2.742,-25.822]],"c":true},"ix":2},"nm":"L","mn":"ADBE Vector Shape - Group","hd":false},{"ty":"fl","c":{"a":0,"k":[1,1,1,1],"ix":4},"o":{"a":0,"k":100,"ix":5},"r":1,"bm":0,"nm":"填充 1","mn":"ADBE Vector Graphic - Fill","hd":false},{"ty":"st","c":{"a":0,"k":[0.098040008545,0.098040008545,0.098040008545,1],"ix":3},"o":{"a":0,"k":100,"ix":4},"w":{"a":0,"k":0.01,"ix":5},"lc":1,"lj":1,"ml":4,"bm":0,"nm":"描边 1","mn":"ADBE Vector Graphic - Stroke","hd":false},{"ty":"tr","p":{"a":0,"k":[0,0],"ix":2},"a":{"a":0,"k":[0,0],"ix":1},"s":{"a":0,"k":[100,100],"ix":3},"r":{"a":0,"k":0,"ix":6},"o":{"a":0,"k":100,"ix":7},"sk":{"a":0,"k":0,"ix":4},"sa":{"a":0,"k":0,"ix":5},"nm":"变换"}],"nm":"L","np":3,"cix":2,"bm":0,"ix":1,"mn":"ADBE Vector Group","hd":false},{"ty":"gr","it":[{"ind":0,"ty":"sh","ix":1,"ks":{"a":0,"k":{"i":[[2.074,0],[0.869,1.334],[0,2.002],[-0.869,1.475],[-1.912,0],[-0.881,-1.732],[0,-1.756],[0.771,-1.586]],"o":[[-1.889,0],[-0.869,-1.334],[0,-2.083],[0.869,-1.475],[2.155,0],[0.556,1.1],[0,1.943],[-0.771,1.586]],"v":[[29.751,-2.057],[25.614,-4.058],[24.311,-9.062],[25.614,-14.399],[29.786,-16.611],[34.339,-14.013],[35.174,-9.729],[34.018,-4.435]],"c":true},"ix":2},"nm":"o","mn":"ADBE Vector Shape - Group","hd":false},{"ind":1,"ty":"sh","ix":2,"ks":{"a":0,"k":{"i":[[2.409,0],[1.594,-1.873],[0,-3.161],[-1.513,-1.75],[-2.572,0],[-1.466,1.979],[0,3.033],[1.664,1.616]],"o":[[-2.688,0],[-1.594,1.873],[0,2.951],[1.513,1.75],[3.084,0],[1.466,-1.979],[0,-3.138],[-1.664,-1.616]],"v":[[29.873,-19.371],[23.45,-16.561],[21.059,-9.009],[23.328,-1.957],[29.454,0.668],[36.279,-2.3],[38.479,-9.817],[35.982,-16.947]],"c":true},"ix":2},"nm":"o","mn":"ADBE Vector Shape - Group","hd":false},{"ty":"mm","mm":1,"nm":"合并路径 1","mn":"ADBE Vector Filter - Merge","hd":false},{"ty":"fl","c":{"a":0,"k":[1,1,1,1],"ix":4},"o":{"a":0,"k":100,"ix":5},"r":1,"bm":0,"nm":"填充 1","mn":"ADBE Vector Graphic - Fill","hd":false},{"ty":"st","c":{"a":0,"k":[0.098040008545,0.098040008545,0.098040008545,1],"ix":3},"o":{"a":0,"k":100,"ix":4},"w":{"a":0,"k":0.01,"ix":5},"lc":1,"lj":1,"ml":4,"bm":0,"nm":"描边 1","mn":"ADBE Vector Graphic - Stroke","hd":false},{"ty":"tr","p":{"a":0,"k":[0,0],"ix":2},"a":{"a":0,"k":[0,0],"ix":1},"s":{"a":0,"k":[100,100],"ix":3},"r":{"a":0,"k":0,"ix":6},"o":{"a":0,"k":100,"ix":7},"sk":{"a":0,"k":0,"ix":4},"sa":{"a":0,"k":0,"ix":5},"nm":"变换"}],"nm":"o","np":5,"cix":2,"bm":0,"ix":2,"mn":"ADBE Vector Group","hd":false},{"ty":"gr","it":[{"ind":0,"ty":"sh","ix":1,"ks":{"a":0,"k":{"i":[[0,0],[0,0],[0,0],[0,0],[0,0],[0,0],[0,0]],"o":[[0,0],[0,0],[0,0],[0,0],[0,0],[0,0],[0,0]],"v":[[40.245,-18.826],[47.188,0],[50.56,0],[57.647,-18.826],[54.185,-18.826],[48.946,-3.498],[43.919,-18.826]],"c":true},"ix":2},"nm":"v","mn":"ADBE Vector Shape - Group","hd":false},{"ty":"fl","c":{"a":0,"k":[1,1,1,1],"ix":4},"o":{"a":0,"k":100,"ix":5},"r":1,"bm":0,"nm":"填充 1","mn":"ADBE Vector Graphic - Fill","hd":false},{"ty":"st","c":{"a":0,"k":[0.098040008545,0.098040008545,0.098040008545,1],"ix":3},"o":{"a":0,"k":100,"ix":4},"w":{"a":0,"k":0.01,"ix":5},"lc":1,"lj":1,"ml":4,"bm":0,"nm":"描边 1","mn":"ADBE Vector Graphic - Stroke","hd":false},{"ty":"tr","p":{"a":0,"k":[0,0],"ix":2},"a":{"a":0,"k":[0,0],"ix":1},"s":{"a":0,"k":[100,100],"ix":3},"r":{"a":0,"k":0,"ix":6},"o":{"a":0,"k":100,"ix":7},"sk":{"a":0,"k":0,"ix":4},"sa":{"a":0,"k":0,"ix":5},"nm":"变换"}],"nm":"v","np":3,"cix":2,"bm":0,"ix":3,"mn":"ADBE Vector Group","hd":false},{"ty":"gr","it":[{"ind":0,"ty":"sh","ix":1,"ks":{"a":0,"k":{"i":[[1.328,0],[1.63,-1.887],[0,-3.023],[-1.619,-1.705],[-2.329,0],[-0.756,0.187],[-0.954,0.938],[-0.463,0.85],[-0.082,0.692],[0,0],[0.547,-0.636],[1.639,0],[0.837,1.157],[0.058,1.915],[0,0],[0.186,0.867],[0.629,0.949],[1.246,0.627]],"o":[[-2.632,0],[-1.631,1.887],[0,3.07],[1.619,1.705],[0.954,0],[1.407,-0.328],[0.57,-0.539],[0.463,-0.85],[0,0],[-0.228,0.836],[-0.977,1.095],[-1.756,0],[-0.837,-1.157],[0,0],[0,-1.898],[-0.21,-1.266],[-0.652,-0.996],[-1.246,-0.627]],"v":[[68.131,-19.248],[61.737,-16.418],[59.291,-9.053],[61.719,-1.89],[67.641,0.668],[70.205,0.387],[73.747,-1.512],[75.296,-3.595],[76.113,-5.906],[73.002,-5.906],[71.84,-3.699],[67.916,-2.057],[64.027,-3.793],[62.684,-8.402],[76.377,-8.402],[76.097,-12.551],[74.839,-15.873],[71.992,-18.308]],"c":true},"ix":2},"nm":"e","mn":"ADBE Vector Shape - Group","hd":false},{"ind":1,"ty":"sh","ix":2,"ks":{"a":0,"k":{"i":[[0,0],[-0.976,1.049],[-1.441,0],[-0.86,-1.523],[-0.128,-1.371]],"o":[[0.058,-1.617],[0.976,-1.049],[2.01,0],[0.465,0.82],[0,0]],"v":[[62.754,-10.916],[64.305,-14.915],[67.931,-16.488],[72.236,-14.203],[73.125,-10.916]],"c":true},"ix":2},"nm":"e","mn":"ADBE Vector Shape - Group","hd":false},{"ty":"mm","mm":1,"nm":"合并路径 1","mn":"ADBE Vector Filter - Merge","hd":false},{"ty":"fl","c":{"a":0,"k":[1,1,1,1],"ix":4},"o":{"a":0,"k":100,"ix":5},"r":1,"bm":0,"nm":"填充 1","mn":"ADBE Vector Graphic - Fill","hd":false},{"ty":"st","c":{"a":0,"k":[0.098040008545,0.098040008545,0.098040008545,1],"ix":3},"o":{"a":0,"k":100,"ix":4},"w":{"a":0,"k":0.01,"ix":5},"lc":1,"lj":1,"ml":4,"bm":0,"nm":"描边 1","mn":"ADBE Vector Graphic - Stroke","hd":false},{"ty":"tr","p":{"a":0,"k":[0,0],"ix":2},"a":{"a":0,"k":[0,0],"ix":1},"s":{"a":0,"k":[100,100],"ix":3},"r":{"a":0,"k":0,"ix":6},"o":{"a":0,"k":100,"ix":7},"sk":{"a":0,"k":0,"ix":4},"sa":{"a":0,"k":0,"ix":5},"nm":"变换"}],"nm":"e","np":5,"cix":2,"bm":0,"ix":4,"mn":"ADBE Vector Group","hd":false},{"ty":"gr","it":[{"ind":0,"ty":"sh","ix":1,"ks":{"a":0,"k":{"i":[[0,0],[0,0],[0,0],[0,0]],"o":[[0,0],[0,0],[0,0],[0,0]],"v":[[92.057,-14.748],[95.73,-14.748],[95.73,-18.58],[92.057,-18.58]],"c":true},"ix":2},"nm":":","mn":"ADBE Vector Shape - Group","hd":false},{"ind":1,"ty":"sh","ix":2,"ks":{"a":0,"k":{"i":[[0,0],[0,0],[0,0],[0,0]],"o":[[0,0],[0,0],[0,0],[0,0]],"v":[[92.057,0],[95.73,0],[95.73,-3.832],[92.057,-3.832]],"c":true},"ix":2},"nm":":","mn":"ADBE Vector Shape - Group","hd":false},{"ty":"mm","mm":1,"nm":"合并路径 1","mn":"ADBE Vector Filter - Merge","hd":false},{"ty":"fl","c":{"a":0,"k":[1,1,1,1],"ix":4},"o":{"a":0,"k":100,"ix":5},"r":1,"bm":0,"nm":"填充 1","mn":"ADBE Vector Graphic - Fill","hd":false},{"ty":"st","c":{"a":0,"k":[0.098040008545,0.098040008545,0.098040008545,1],"ix":3},"o":{"a":0,"k":100,"ix":4},"w":{"a":0,"k":0.01,"ix":5},"lc":1,"lj":1,"ml":4,"bm":0,"nm":"描边 1","mn":"ADBE Vector Graphic - Stroke","hd":false},{"ty":"tr","p":{"a":0,"k":[0,0],"ix":2},"a":{"a":0,"k":[0,0],"ix":1},"s":{"a":0,"k":[100,100],"ix":3},"r":{"a":0,"k":0,"ix":6},"o":{"a":0,"k":100,"ix":7},"sk":{"a":0,"k":0,"ix":4},"sa":{"a":0,"k":0,"ix":5},"nm":"变换"}],"nm":":","np":5,"cix":2,"bm":0,"ix":5,"mn":"ADBE Vector Group","hd":false}],"ip":185,"op":370,"st":5,"bm":0},{"ddd":0,"ind":76,"ty":4,"nm":"“Wisdom :”轮廓","parent":92,"sr":1,"ks":{"o":{"a":1,"k":[{"i":{"x":[0.833],"y":[0.833]},"o":{"x":[0.167],"y":[0.167]},"t":160,"s":[0]},{"t":170,"s":[100]}],"ix":11},"r":{"a":0,"k":0,"ix":10},"p":{"a":0,"k":[337.063,-198.786,0],"ix":2},"a":{"a":0,"k":[74.167,-12.595,0],"ix":1},"s":{"a":0,"k":[100,100,100],"ix":6}},"ao":0,"shapes":[{"ty":"gr","it":[{"ind":0,"ty":"sh","ix":1,"ks":{"a":0,"k":{"i":[[0,0],[0,0],[0,0],[0,0],[0,0],[0,0],[0,0],[0,0],[0,0],[0,0],[0,0],[0,0],[0,0]],"o":[[0,0],[0,0],[0,0],[0,0],[0,0],[0,0],[0,0],[0,0],[0,0],[0,0],[0,0],[0,0],[0,0]],"v":[[0.659,-25.822],[7.409,0],[11.083,0],[17.077,-21.41],[23.036,0],[26.71,0],[33.495,-25.822],[29.66,-25.822],[24.792,-4.803],[18.942,-25.822],[15.161,-25.822],[9.324,-4.843],[4.457,-25.822]],"c":true},"ix":2},"nm":"W","mn":"ADBE Vector Shape - Group","hd":false},{"ty":"fl","c":{"a":0,"k":[1,1,1,1],"ix":4},"o":{"a":0,"k":100,"ix":5},"r":1,"bm":0,"nm":"填充 1","mn":"ADBE Vector Graphic - Fill","hd":false},{"ty":"st","c":{"a":0,"k":[0.098040008545,0.098040008545,0.098040008545,1],"ix":3},"o":{"a":0,"k":100,"ix":4},"w":{"a":0,"k":0.01,"ix":5},"lc":1,"lj":1,"ml":4,"bm":0,"nm":"描边 1","mn":"ADBE Vector Graphic - Stroke","hd":false},{"ty":"tr","p":{"a":0,"k":[0,0],"ix":2},"a":{"a":0,"k":[0,0],"ix":1},"s":{"a":0,"k":[100,100],"ix":3},"r":{"a":0,"k":0,"ix":6},"o":{"a":0,"k":100,"ix":7},"sk":{"a":0,"k":0,"ix":4},"sa":{"a":0,"k":0,"ix":5},"nm":"变换"}],"nm":"W","np":3,"cix":2,"bm":0,"ix":1,"mn":"ADBE Vector Group","hd":false},{"ty":"gr","it":[{"ind":0,"ty":"sh","ix":1,"ks":{"a":0,"k":{"i":[[0,0],[0,0],[0,0],[0,0]],"o":[[0,0],[0,0],[0,0],[0,0]],"v":[[36.299,0],[39.516,0],[39.516,-18.738],[36.299,-18.738]],"c":true},"ix":2},"nm":"i","mn":"ADBE Vector Shape - Group","hd":false},{"ind":1,"ty":"sh","ix":2,"ks":{"a":0,"k":{"i":[[0,0],[0,0],[0,0],[0,0]],"o":[[0,0],[0,0],[0,0],[0,0]],"v":[[36.299,-22.236],[39.516,-22.236],[39.516,-25.822],[36.299,-25.822]],"c":true},"ix":2},"nm":"i","mn":"ADBE Vector Shape - Group","hd":false},{"ty":"mm","mm":1,"nm":"合并路径 1","mn":"ADBE Vector Filter - Merge","hd":false},{"ty":"fl","c":{"a":0,"k":[1,1,1,1],"ix":4},"o":{"a":0,"k":100,"ix":5},"r":1,"bm":0,"nm":"填充 1","mn":"ADBE Vector Graphic - Fill","hd":false},{"ty":"st","c":{"a":0,"k":[0.098040008545,0.098040008545,0.098040008545,1],"ix":3},"o":{"a":0,"k":100,"ix":4},"w":{"a":0,"k":0.01,"ix":5},"lc":1,"lj":1,"ml":4,"bm":0,"nm":"描边 1","mn":"ADBE Vector Graphic - Stroke","hd":false},{"ty":"tr","p":{"a":0,"k":[0,0],"ix":2},"a":{"a":0,"k":[0,0],"ix":1},"s":{"a":0,"k":[100,100],"ix":3},"r":{"a":0,"k":0,"ix":6},"o":{"a":0,"k":100,"ix":7},"sk":{"a":0,"k":0,"ix":4},"sa":{"a":0,"k":0,"ix":5},"nm":"变换"}],"nm":"i","np":5,"cix":2,"bm":0,"ix":2,"mn":"ADBE Vector Group","hd":false},{"ty":"gr","it":[{"ind":0,"ty":"sh","ix":1,"ks":{"a":0,"k":{"i":[[0,0],[-1.18,-1.271],[-2.836,0],[-1.287,1.219],[0,1.676],[1.23,0.809],[2.316,0.551],[0,0],[0.477,0.292],[0,0.817],[-0.63,0.455],[-1.224,0],[-0.744,-0.827],[-0.06,-0.711],[0,0],[0.796,1.055],[2.874,0],[1.3,-1.101],[0,-1.781],[-1.382,-0.855],[-1.631,-0.398],[0,0],[-0.465,-0.258],[0,-0.809],[0.909,-0.51],[1.196,0],[0.813,1.02],[0.096,1.055]],"o":[[0.083,1.875],[1.18,1.271],[2.634,0],[1.287,-1.219],[0,-1.734],[-0.788,-0.516],[0,0],[-0.931,-0.222],[-0.828,-0.491],[0,-0.747],[0.63,-0.455],[1.835,0],[0.456,0.583],[0,0],[0.023,-1.219],[-1.271,-1.664],[-2.197,0],[-1.301,1.102],[0,1.512],[0.774,0.492],[0,0],[1.369,0.34],[0.726,0.422],[0,1.066],[-0.909,0.51],[-2.009,0],[-0.443,-0.562],[0,0]],"v":[[43.137,-5.906],[45.032,-1.187],[51.056,0.721],[56.938,-1.107],[58.869,-5.449],[57.023,-9.264],[52.367,-10.863],[50.236,-11.373],[48.122,-12.145],[46.881,-14.107],[47.825,-15.911],[50.605,-16.594],[54.474,-15.353],[55.248,-13.412],[58.236,-13.412],[57.078,-16.822],[50.861,-19.318],[45.615,-17.666],[43.664,-13.342],[45.736,-9.791],[49.345,-8.455],[51.899,-7.822],[54.65,-6.926],[55.74,-5.08],[54.377,-2.716],[51.219,-1.951],[46.985,-3.48],[46.178,-5.906]],"c":true},"ix":2},"nm":"s","mn":"ADBE Vector Shape - Group","hd":false},{"ty":"fl","c":{"a":0,"k":[1,1,1,1],"ix":4},"o":{"a":0,"k":100,"ix":5},"r":1,"bm":0,"nm":"填充 1","mn":"ADBE Vector Graphic - Fill","hd":false},{"ty":"st","c":{"a":0,"k":[0.098040008545,0.098040008545,0.098040008545,1],"ix":3},"o":{"a":0,"k":100,"ix":4},"w":{"a":0,"k":0.01,"ix":5},"lc":1,"lj":1,"ml":4,"bm":0,"nm":"描边 1","mn":"ADBE Vector Graphic - Stroke","hd":false},{"ty":"tr","p":{"a":0,"k":[0,0],"ix":2},"a":{"a":0,"k":[0,0],"ix":1},"s":{"a":0,"k":[100,100],"ix":3},"r":{"a":0,"k":0,"ix":6},"o":{"a":0,"k":100,"ix":7},"sk":{"a":0,"k":0,"ix":4},"sa":{"a":0,"k":0,"ix":5},"nm":"变换"}],"nm":"s","np":3,"cix":2,"bm":0,"ix":3,"mn":"ADBE Vector Group","hd":false},{"ty":"gr","it":[{"ind":0,"ty":"sh","ix":1,"ks":{"a":0,"k":{"i":[[0,2.016],[-0.985,1.219],[-1.586,0],[-0.968,-1.143],[0,-2.379],[0.939,-1.26],[1.457,0],[0.851,1.36]],"o":[[0,-2.367],[0.985,-1.219],[1.422,0],[0.968,1.143],[0,2.355],[-0.939,1.26],[-1.877,0],[-0.851,-1.359]],"v":[[64.301,-9.193],[65.778,-14.572],[69.635,-16.4],[73.22,-14.687],[74.672,-9.404],[73.264,-3.981],[69.67,-2.092],[65.577,-4.131]],"c":true},"ix":2},"nm":"d","mn":"ADBE Vector Shape - Group","hd":false},{"ind":1,"ty":"sh","ix":2,"ks":{"a":0,"k":{"i":[[1.436,0],[1.395,-2.01],[0,-2.742],[-1.529,-1.764],[-2.09,0],[-1.004,0.516],[-0.736,1.16],[0,0],[0,0],[0,0],[0,0],[0,0],[0.56,0.352]],"o":[[-2.592,0],[-1.395,2.01],[0,2.93],[1.529,1.764],[1.296,0],[1.004,-0.516],[0,0],[0,0],[0,0],[0,0],[0,0],[-0.712,-0.879],[-0.969,-0.609]],"v":[[69.033,-19.16],[63.053,-16.146],[60.961,-9.018],[63.255,-1.978],[68.683,0.668],[72.133,-0.105],[74.742,-2.619],[74.742,0],[77.59,0],[77.59,-25.91],[74.549,-25.91],[74.549,-16.4],[72.64,-18.246]],"c":true},"ix":2},"nm":"d","mn":"ADBE Vector Shape - Group","hd":false},{"ty":"mm","mm":1,"nm":"合并路径 1","mn":"ADBE Vector Filter - Merge","hd":false},{"ty":"fl","c":{"a":0,"k":[1,1,1,1],"ix":4},"o":{"a":0,"k":100,"ix":5},"r":1,"bm":0,"nm":"填充 1","mn":"ADBE Vector Graphic - Fill","hd":false},{"ty":"st","c":{"a":0,"k":[0.098040008545,0.098040008545,0.098040008545,1],"ix":3},"o":{"a":0,"k":100,"ix":4},"w":{"a":0,"k":0.01,"ix":5},"lc":1,"lj":1,"ml":4,"bm":0,"nm":"描边 1","mn":"ADBE Vector Graphic - Stroke","hd":false},{"ty":"tr","p":{"a":0,"k":[0,0],"ix":2},"a":{"a":0,"k":[0,0],"ix":1},"s":{"a":0,"k":[100,100],"ix":3},"r":{"a":0,"k":0,"ix":6},"o":{"a":0,"k":100,"ix":7},"sk":{"a":0,"k":0,"ix":4},"sa":{"a":0,"k":0,"ix":5},"nm":"变换"}],"nm":"d","np":5,"cix":2,"bm":0,"ix":4,"mn":"ADBE Vector Group","hd":false},{"ty":"gr","it":[{"ind":0,"ty":"sh","ix":1,"ks":{"a":0,"k":{"i":[[2.074,0],[0.869,1.334],[0,2.002],[-0.869,1.475],[-1.912,0],[-0.881,-1.732],[0,-1.756],[0.771,-1.586]],"o":[[-1.889,0],[-0.869,-1.334],[0,-2.083],[0.869,-1.475],[2.155,0],[0.556,1.1],[0,1.943],[-0.771,1.586]],"v":[[89.728,-2.057],[85.591,-4.058],[84.287,-9.062],[85.591,-14.399],[89.762,-16.611],[94.316,-14.013],[95.15,-9.729],[93.994,-4.435]],"c":true},"ix":2},"nm":"o","mn":"ADBE Vector Shape - Group","hd":false},{"ind":1,"ty":"sh","ix":2,"ks":{"a":0,"k":{"i":[[2.409,0],[1.594,-1.873],[0,-3.161],[-1.513,-1.75],[-2.572,0],[-1.466,1.979],[0,3.033],[1.664,1.616]],"o":[[-2.688,0],[-1.594,1.873],[0,2.951],[1.513,1.75],[3.084,0],[1.466,-1.979],[0,-3.138],[-1.664,-1.616]],"v":[[89.85,-19.371],[83.426,-16.561],[81.035,-9.009],[83.304,-1.957],[89.431,0.668],[96.256,-2.3],[98.455,-9.817],[95.959,-16.947]],"c":true},"ix":2},"nm":"o","mn":"ADBE Vector Shape - Group","hd":false},{"ty":"mm","mm":1,"nm":"合并路径 1","mn":"ADBE Vector Filter - Merge","hd":false},{"ty":"fl","c":{"a":0,"k":[1,1,1,1],"ix":4},"o":{"a":0,"k":100,"ix":5},"r":1,"bm":0,"nm":"填充 1","mn":"ADBE Vector Graphic - Fill","hd":false},{"ty":"st","c":{"a":0,"k":[0.098040008545,0.098040008545,0.098040008545,1],"ix":3},"o":{"a":0,"k":100,"ix":4},"w":{"a":0,"k":0.01,"ix":5},"lc":1,"lj":1,"ml":4,"bm":0,"nm":"描边 1","mn":"ADBE Vector Graphic - Stroke","hd":false},{"ty":"tr","p":{"a":0,"k":[0,0],"ix":2},"a":{"a":0,"k":[0,0],"ix":1},"s":{"a":0,"k":[100,100],"ix":3},"r":{"a":0,"k":0,"ix":6},"o":{"a":0,"k":100,"ix":7},"sk":{"a":0,"k":0,"ix":4},"sa":{"a":0,"k":0,"ix":5},"nm":"变换"}],"nm":"o","np":5,"cix":2,"bm":0,"ix":5,"mn":"ADBE Vector Group","hd":false},{"ty":"gr","it":[{"ind":0,"ty":"sh","ix":1,"ks":{"a":0,"k":{"i":[[0,0],[0,0],[0,0],[-0.979,0.926],[-1.195,0],[-0.481,-0.879],[0,-1.277],[0,0],[0,0],[0,0],[-0.896,0.832],[-1.242,0],[-0.627,-0.469],[0,-1.254],[0,0],[0,0],[0,0],[0.492,0.984],[2.531,0],[0.949,-0.486],[0.703,-1.008],[0.516,0.422],[1.5,0],[1.043,-0.715],[0.75,-0.926],[0,0],[0,0]],"o":[[0,0],[0,0],[0,-2.426],[0.978,-0.926],[1.312,0],[0.305,0.586],[0,0],[0,0],[0,0],[0,-1.945],[0.896,-0.832],[0.902,0],[0.627,0.469],[0,0],[0,0],[0,0],[0,-1.664],[-0.914,-1.828],[-1.184,0],[-0.949,0.486],[-0.422,-0.82],[-0.914,-0.738],[-1.324,0],[-0.609,0.422],[0,0],[0,0],[0,0]],"v":[[102.34,0],[105.504,0],[105.504,-9.984],[106.972,-15.012],[110.232,-16.4],[112.922,-15.082],[113.379,-12.287],[113.379,0],[116.596,0],[116.596,-10.951],[117.94,-15.117],[121.148,-16.365],[123.442,-15.662],[124.383,-13.078],[124.383,0],[127.67,0],[127.67,-12.533],[126.932,-16.506],[121.764,-19.248],[118.564,-18.519],[116.086,-16.277],[114.68,-18.141],[111.059,-19.248],[107.508,-18.176],[105.469,-16.154],[105.469,-18.826],[102.34,-18.826]],"c":true},"ix":2},"nm":"m","mn":"ADBE Vector Shape - Group","hd":false},{"ty":"fl","c":{"a":0,"k":[1,1,1,1],"ix":4},"o":{"a":0,"k":100,"ix":5},"r":1,"bm":0,"nm":"填充 1","mn":"ADBE Vector Graphic - Fill","hd":false},{"ty":"st","c":{"a":0,"k":[0.098040008545,0.098040008545,0.098040008545,1],"ix":3},"o":{"a":0,"k":100,"ix":4},"w":{"a":0,"k":0.01,"ix":5},"lc":1,"lj":1,"ml":4,"bm":0,"nm":"描边 1","mn":"ADBE Vector Graphic - Stroke","hd":false},{"ty":"tr","p":{"a":0,"k":[0,0],"ix":2},"a":{"a":0,"k":[0,0],"ix":1},"s":{"a":0,"k":[100,100],"ix":3},"r":{"a":0,"k":0,"ix":6},"o":{"a":0,"k":100,"ix":7},"sk":{"a":0,"k":0,"ix":4},"sa":{"a":0,"k":0,"ix":5},"nm":"变换"}],"nm":"m","np":3,"cix":2,"bm":0,"ix":6,"mn":"ADBE Vector Group","hd":false},{"ty":"gr","it":[{"ind":0,"ty":"sh","ix":1,"ks":{"a":0,"k":{"i":[[0,0],[0,0],[0,0],[0,0]],"o":[[0,0],[0,0],[0,0],[0,0]],"v":[[144,-14.748],[147.674,-14.748],[147.674,-18.58],[144,-18.58]],"c":true},"ix":2},"nm":":","mn":"ADBE Vector Shape - Group","hd":false},{"ind":1,"ty":"sh","ix":2,"ks":{"a":0,"k":{"i":[[0,0],[0,0],[0,0],[0,0]],"o":[[0,0],[0,0],[0,0],[0,0]],"v":[[144,0],[147.674,0],[147.674,-3.832],[144,-3.832]],"c":true},"ix":2},"nm":":","mn":"ADBE Vector Shape - Group","hd":false},{"ty":"mm","mm":1,"nm":"合并路径 1","mn":"ADBE Vector Filter - Merge","hd":false},{"ty":"fl","c":{"a":0,"k":[1,1,1,1],"ix":4},"o":{"a":0,"k":100,"ix":5},"r":1,"bm":0,"nm":"填充 1","mn":"ADBE Vector Graphic - Fill","hd":false},{"ty":"st","c":{"a":0,"k":[0.098040008545,0.098040008545,0.098040008545,1],"ix":3},"o":{"a":0,"k":100,"ix":4},"w":{"a":0,"k":0.01,"ix":5},"lc":1,"lj":1,"ml":4,"bm":0,"nm":"描边 1","mn":"ADBE Vector Graphic - Stroke","hd":false},{"ty":"tr","p":{"a":0,"k":[0,0],"ix":2},"a":{"a":0,"k":[0,0],"ix":1},"s":{"a":0,"k":[100,100],"ix":3},"r":{"a":0,"k":0,"ix":6},"o":{"a":0,"k":100,"ix":7},"sk":{"a":0,"k":0,"ix":4},"sa":{"a":0,"k":0,"ix":5},"nm":"变换"}],"nm":":","np":5,"cix":2,"bm":0,"ix":7,"mn":"ADBE Vector Group","hd":false}],"ip":150,"op":371,"st":-30,"bm":0},{"ddd":0,"ind":78,"ty":4,"nm":"“THE SECRET”轮廓","sr":1,"ks":{"o":{"a":1,"k":[{"i":{"x":[0.833],"y":[0.833]},"o":{"x":[0.167],"y":[0.167]},"t":0,"s":[0]},{"i":{"x":[0.833],"y":[0.833]},"o":{"x":[0.167],"y":[0.167]},"t":20,"s":[100]},{"i":{"x":[0.833],"y":[0.833]},"o":{"x":[0.167],"y":[0.167]},"t":60,"s":[100]},{"i":{"x":[0.833],"y":[0.833]},"o":{"x":[0.167],"y":[0.167]},"t":70,"s":[0]},{"i":{"x":[0.833],"y":[0.833]},"o":{"x":[0.167],"y":[0.167]},"t":170,"s":[100]},{"t":179,"s":[0]}],"ix":11},"r":{"a":0,"k":0,"ix":10},"p":{"a":0,"k":[46,556,0],"ix":2},"a":{"a":0,"k":[0,0,0],"ix":1},"s":{"a":0,"k":[100,100,100],"ix":6}},"ao":0,"hasMask":true,"masksProperties":[{"inv":false,"mode":"a","pt":{"a":1,"k":[{"i":{"x":0.667,"y":1},"o":{"x":0.333,"y":0},"t":0,"s":[{"i":[[0,0],[0,0],[0,0],[0,0]],"o":[[0,0],[0,0],[0,0],[0,0]],"v":[[-48,-101],[-365.648,-101],[-365.648,48.859],[-48,48.859]],"c":true}]},{"i":{"x":0.667,"y":1},"o":{"x":0.333,"y":0},"t":20,"s":[{"i":[[0,0],[0,0],[0,0],[0,0]],"o":[[0,0],[0,0],[0,0],[0,0]],"v":[[520,-101],[-42.648,-101],[-42.648,48.859],[520,48.859]],"c":true}]},{"i":{"x":0.667,"y":1},"o":{"x":0.333,"y":0},"t":170,"s":[{"i":[[0,0],[0,0],[0,0],[0,0]],"o":[[0,0],[0,0],[0,0],[0,0]],"v":[[520,-101],[-42.648,-101],[-42.648,48.859],[520,48.859]],"c":true}]},{"t":179,"s":[{"i":[[0,0],[0,0],[0,0],[0,0]],"o":[[0,0],[0,0],[0,0],[0,0]],"v":[[587,-102],[269.352,-102],[269.352,47.859],[587,47.859]],"c":true}]}],"ix":1},"o":{"a":0,"k":100,"ix":3},"x":{"a":0,"k":0,"ix":4},"nm":"蒙版 1"}],"shapes":[{"ty":"gr","it":[{"ind":0,"ty":"sh","ix":1,"ks":{"a":0,"k":{"i":[[0,0],[0,0],[0,0],[0,0],[0,0],[0,0],[0,0],[0,0]],"o":[[0,0],[0,0],[0,0],[0,0],[0,0],[0,0],[0,0],[0,0]],"v":[[1.208,-53.796],[1.208,-47.388],[19.336,-47.388],[19.336,0],[26.697,0],[26.697,-47.388],[44.824,-47.388],[44.824,-53.796]],"c":true},"ix":2},"nm":"T","mn":"ADBE Vector Shape - Group","hd":false},{"ty":"fl","c":{"a":0,"k":[0.596079987171,0.596079987171,0.596079987171,1],"ix":4},"o":{"a":0,"k":100,"ix":5},"r":1,"bm":0,"nm":"填充 1","mn":"ADBE Vector Graphic - Fill","hd":false},{"ty":"tr","p":{"a":0,"k":[0,0],"ix":2},"a":{"a":0,"k":[0,0],"ix":1},"s":{"a":0,"k":[100,100],"ix":3},"r":{"a":0,"k":0,"ix":6},"o":{"a":0,"k":100,"ix":7},"sk":{"a":0,"k":0,"ix":4},"sa":{"a":0,"k":0,"ix":5},"nm":"变换"}],"nm":"T","np":3,"cix":2,"bm":0,"ix":1,"mn":"ADBE Vector Group","hd":false},{"ty":"gr","it":[{"ind":0,"ty":"sh","ix":1,"ks":{"a":0,"k":{"i":[[0,0],[0,0],[0,0],[0,0],[0,0],[0,0],[0,0],[0,0],[0,0],[0,0],[0,0],[0,0]],"o":[[0,0],[0,0],[0,0],[0,0],[0,0],[0,0],[0,0],[0,0],[0,0],[0,0],[0,0],[0,0]],"v":[[51.709,0],[59.07,0],[59.07,-25.159],[86.719,-25.159],[86.719,0],[94.08,0],[94.08,-53.796],[86.719,-53.796],[86.719,-31.567],[59.07,-31.567],[59.07,-53.796],[51.709,-53.796]],"c":true},"ix":2},"nm":"H","mn":"ADBE Vector Shape - Group","hd":false},{"ty":"fl","c":{"a":0,"k":[0.596079987171,0.596079987171,0.596079987171,1],"ix":4},"o":{"a":0,"k":100,"ix":5},"r":1,"bm":0,"nm":"填充 1","mn":"ADBE Vector Graphic - Fill","hd":false},{"ty":"tr","p":{"a":0,"k":[0,0],"ix":2},"a":{"a":0,"k":[0,0],"ix":1},"s":{"a":0,"k":[100,100],"ix":3},"r":{"a":0,"k":0,"ix":6},"o":{"a":0,"k":100,"ix":7},"sk":{"a":0,"k":0,"ix":4},"sa":{"a":0,"k":0,"ix":5},"nm":"变换"}],"nm":"H","np":3,"cix":2,"bm":0,"ix":2,"mn":"ADBE Vector Group","hd":false},{"ty":"gr","it":[{"ind":0,"ty":"sh","ix":1,"ks":{"a":0,"k":{"i":[[0,0],[0,0],[0,0],[0,0],[0,0],[0,0],[0,0],[0,0],[0,0],[0,0],[0,0],[0,0]],"o":[[0,0],[0,0],[0,0],[0,0],[0,0],[0,0],[0,0],[0,0],[0,0],[0,0],[0,0],[0,0]],"v":[[106.384,0],[145.972,0],[145.972,-6.409],[113.489,-6.409],[113.489,-24.646],[143.005,-24.646],[143.005,-30.872],[113.489,-30.872],[113.489,-47.205],[145.422,-47.205],[145.422,-53.796],[106.384,-53.796]],"c":true},"ix":2},"nm":"E","mn":"ADBE Vector Shape - Group","hd":false},{"ty":"fl","c":{"a":0,"k":[0.596079987171,0.596079987171,0.596079987171,1],"ix":4},"o":{"a":0,"k":100,"ix":5},"r":1,"bm":0,"nm":"填充 1","mn":"ADBE Vector Graphic - Fill","hd":false},{"ty":"tr","p":{"a":0,"k":[0,0],"ix":2},"a":{"a":0,"k":[0,0],"ix":1},"s":{"a":0,"k":[100,100],"ix":3},"r":{"a":0,"k":0,"ix":6},"o":{"a":0,"k":100,"ix":7},"sk":{"a":0,"k":0,"ix":4},"sa":{"a":0,"k":0,"ix":5},"nm":"变换"}],"nm":"E","np":3,"cix":2,"bm":0,"ix":3,"mn":"ADBE Vector Group","hd":false},{"ty":"gr","it":[{"ind":0,"ty":"sh","ix":1,"ks":{"a":0,"k":{"i":[[0,0],[-3.692,-3.393],[-6.524,0],[-4.226,2.563],[0,5.957],[3.312,2.515],[3.525,0.83],[0,0],[1.396,0.782],[0,2.637],[-1.802,1.807],[-4.12,0],[-2.13,-2.807],[-0.351,-2.88],[0,0],[3.837,2.723],[5.488,0],[3.255,-3.1],[0,-4.834],[-3.311,-2.246],[-4.612,-1.074],[0,0],[-1.798,-1.221],[0,-2.93],[4.186,-1.513],[2.634,0],[2.328,3.565],[0.165,3.052]],"o":[[-0.073,5.811],[3.69,3.418],[5.595,0],[4.226,-2.563],[0,-4.785],[-1.916,-1.44],[0,0],[-4.92,-1.172],[-2.129,-1.221],[0,-2.392],[1.802,-1.806],[5.102,0],[1.147,1.538],[0,0],[0,-5.981],[-3.837,-2.722],[-5.964,0],[-3.255,3.101],[0,4.468],[1.916,1.294],[0,0],[3.831,0.904],[1.774,1.245],[0,3.906],[-2.164,0.782],[-5.879,0],[-1.223,-1.904],[0,0]],"v":[[174.463,-17.358],[179.891,-3.552],[195.213,1.575],[209.945,-2.271],[216.284,-15.051],[211.316,-26.001],[203.156,-29.407],[195.846,-31.128],[186.372,-34.058],[183.179,-39.844],[185.882,-46.143],[194.765,-48.853],[205.614,-44.641],[207.861,-38.013],[214.709,-38.013],[208.954,-51.068],[194.967,-55.151],[181.139,-50.5],[176.257,-38.599],[181.224,-28.528],[191.016,-24.976],[198.075,-23.328],[206.519,-20.142],[209.18,-13.879],[202.9,-5.75],[195.704,-4.578],[183.392,-9.924],[181.311,-17.358]],"c":true},"ix":2},"nm":"S","mn":"ADBE Vector Shape - Group","hd":false},{"ty":"fl","c":{"a":0,"k":[0.596079987171,0.596079987171,0.596079987171,1],"ix":4},"o":{"a":0,"k":100,"ix":5},"r":1,"bm":0,"nm":"填充 1","mn":"ADBE Vector Graphic - Fill","hd":false},{"ty":"tr","p":{"a":0,"k":[0,0],"ix":2},"a":{"a":0,"k":[0,0],"ix":1},"s":{"a":0,"k":[100,100],"ix":3},"r":{"a":0,"k":0,"ix":6},"o":{"a":0,"k":100,"ix":7},"sk":{"a":0,"k":0,"ix":4},"sa":{"a":0,"k":0,"ix":5},"nm":"变换"}],"nm":"S","np":3,"cix":2,"bm":0,"ix":4,"mn":"ADBE Vector Group","hd":false},{"ty":"gr","it":[{"ind":0,"ty":"sh","ix":1,"ks":{"a":0,"k":{"i":[[0,0],[0,0],[0,0],[0,0],[0,0],[0,0],[0,0],[0,0],[0,0],[0,0],[0,0],[0,0]],"o":[[0,0],[0,0],[0,0],[0,0],[0,0],[0,0],[0,0],[0,0],[0,0],[0,0],[0,0],[0,0]],"v":[[227.271,0],[266.858,0],[266.858,-6.409],[234.375,-6.409],[234.375,-24.646],[263.892,-24.646],[263.892,-30.872],[234.375,-30.872],[234.375,-47.205],[266.309,-47.205],[266.309,-53.796],[227.271,-53.796]],"c":true},"ix":2},"nm":"E","mn":"ADBE Vector Shape - Group","hd":false},{"ty":"fl","c":{"a":0,"k":[0.596079987171,0.596079987171,0.596079987171,1],"ix":4},"o":{"a":0,"k":100,"ix":5},"r":1,"bm":0,"nm":"填充 1","mn":"ADBE Vector Graphic - Fill","hd":false},{"ty":"tr","p":{"a":0,"k":[0,0],"ix":2},"a":{"a":0,"k":[0,0],"ix":1},"s":{"a":0,"k":[100,100],"ix":3},"r":{"a":0,"k":0,"ix":6},"o":{"a":0,"k":100,"ix":7},"sk":{"a":0,"k":0,"ix":4},"sa":{"a":0,"k":0,"ix":5},"nm":"变换"}],"nm":"E","np":3,"cix":2,"bm":0,"ix":5,"mn":"ADBE Vector Group","hd":false},{"ty":"gr","it":[{"ind":0,"ty":"sh","ix":1,"ks":{"a":0,"k":{"i":[[6.732,0],[4.488,-5.521],[0,-7.939],[-5.526,-5.008],[-6.178,0],[-4.223,4.614],[-0.628,5.664],[0,0],[1.463,-2.173],[5.276,0],[2.89,3.922],[0,6.305],[-3.201,3.726],[-5.203,0],[-2.362,-2.026],[-0.791,-3.466],[0,0],[3.716,3.589]],"o":[[-7.891,0],[-4.151,5.082],[0,10.456],[4.199,3.787],[7.167,0],[3.523,-3.833],[0,0],[-0.72,3.54],[-2.758,4.126],[-5.732,0],[-2.89,-3.922],[0,-7.697],[3.201,-3.726],[4.267,0],[2.361,2.027],[0,0],[-0.41,-4.565],[-3.716,-3.589]],"v":[[298.976,-55.261],[280.408,-46.98],[274.182,-27.448],[282.472,-4.251],[298.037,1.428],[315.124,-5.493],[321.35,-19.739],[314.246,-19.739],[310.972,-11.169],[298.92,-4.98],[285.988,-10.863],[281.653,-26.202],[286.454,-43.336],[299.059,-48.926],[309.004,-45.886],[313.733,-37.646],[320.837,-37.646],[314.648,-49.878]],"c":true},"ix":2},"nm":"C","mn":"ADBE Vector Shape - Group","hd":false},{"ty":"fl","c":{"a":0,"k":[0.596079987171,0.596079987171,0.596079987171,1],"ix":4},"o":{"a":0,"k":100,"ix":5},"r":1,"bm":0,"nm":"填充 1","mn":"ADBE Vector Graphic - Fill","hd":false},{"ty":"tr","p":{"a":0,"k":[0,0],"ix":2},"a":{"a":0,"k":[0,0],"ix":1},"s":{"a":0,"k":[100,100],"ix":3},"r":{"a":0,"k":0,"ix":6},"o":{"a":0,"k":100,"ix":7},"sk":{"a":0,"k":0,"ix":4},"sa":{"a":0,"k":0,"ix":5},"nm":"变换"}],"nm":"C","np":3,"cix":2,"bm":0,"ix":6,"mn":"ADBE Vector Group","hd":false},{"ty":"gr","it":[{"ind":0,"ty":"sh","ix":1,"ks":{"a":0,"k":{"i":[[0,0],[0,0],[0,0],[-1.449,-0.732],[0,-3.833],[1.935,-1.367],[3.323,0]],"o":[[0,0],[0,0],[2.422,0],[2.707,1.392],[0,3.565],[-1.935,1.368],[0,0]],"v":[[338.928,-29.15],[338.928,-47.534],[356.236,-47.534],[362.041,-46.436],[366.101,-38.599],[363.198,-31.201],[355.31,-29.15]],"c":true},"ix":2},"nm":"R","mn":"ADBE Vector Shape - Group","hd":false},{"ind":1,"ty":"sh","ix":2,"ks":{"a":0,"k":{"i":[[0,0],[0,0],[0,0],[0,0],[-1.353,-0.659],[-0.166,-3.516],[0,0],[-0.146,-0.732],[-0.244,-0.463],[0,0],[0,0],[0.439,1.709],[0.073,2.051],[0,0],[1.062,1.392],[2.099,0.855],[-1.331,2.051],[0,3.223],[4.962,2.295],[4.027,0],[0,0]],"o":[[0,0],[0,0],[0,0],[2.894,0],[2.372,1.196],[0,0],[0.097,2.1],[0.146,0.732],[0,0],[0,0],[-1.123,-0.488],[-0.269,-1.001],[0,0],[-0.122,-3.125],[-1.062,-1.392],[2.392,-1.245],[1.33,-2.051],[0,-6.176],[-2.613,-1.196],[0,0],[0,0]],"v":[[331.641,0],[338.928,0],[338.928,-23.071],[355.046,-23.071],[361.415,-22.083],[365.222,-15.015],[365.662,-6.042],[366.028,-1.794],[366.614,0],[375.549,0],[375.549,-1.208],[373.206,-4.504],[372.693,-9.082],[372.437,-16.296],[370.66,-23.071],[365.918,-26.44],[371.503,-31.384],[373.499,-39.294],[366.055,-52.002],[356.094,-53.796],[331.641,-53.796]],"c":true},"ix":2},"nm":"R","mn":"ADBE Vector Shape - Group","hd":false},{"ty":"mm","mm":1,"nm":"合并路径 1","mn":"ADBE Vector Filter - Merge","hd":false},{"ty":"fl","c":{"a":0,"k":[0.596079987171,0.596079987171,0.596079987171,1],"ix":4},"o":{"a":0,"k":100,"ix":5},"r":1,"bm":0,"nm":"填充 1","mn":"ADBE Vector Graphic - Fill","hd":false},{"ty":"tr","p":{"a":0,"k":[0,0],"ix":2},"a":{"a":0,"k":[0,0],"ix":1},"s":{"a":0,"k":[100,100],"ix":3},"r":{"a":0,"k":0,"ix":6},"o":{"a":0,"k":100,"ix":7},"sk":{"a":0,"k":0,"ix":4},"sa":{"a":0,"k":0,"ix":5},"nm":"变换"}],"nm":"R","np":5,"cix":2,"bm":0,"ix":7,"mn":"ADBE Vector Group","hd":false},{"ty":"gr","it":[{"ind":0,"ty":"sh","ix":1,"ks":{"a":0,"k":{"i":[[0,0],[0,0],[0,0],[0,0],[0,0],[0,0],[0,0],[0,0],[0,0],[0,0],[0,0],[0,0]],"o":[[0,0],[0,0],[0,0],[0,0],[0,0],[0,0],[0,0],[0,0],[0,0],[0,0],[0,0],[0,0]],"v":[[385.62,0],[425.208,0],[425.208,-6.409],[392.725,-6.409],[392.725,-24.646],[422.241,-24.646],[422.241,-30.872],[392.725,-30.872],[392.725,-47.205],[424.658,-47.205],[424.658,-53.796],[385.62,-53.796]],"c":true},"ix":2},"nm":"E","mn":"ADBE Vector Shape - Group","hd":false},{"ty":"fl","c":{"a":0,"k":[0.596079987171,0.596079987171,0.596079987171,1],"ix":4},"o":{"a":0,"k":100,"ix":5},"r":1,"bm":0,"nm":"填充 1","mn":"ADBE Vector Graphic - Fill","hd":false},{"ty":"tr","p":{"a":0,"k":[0,0],"ix":2},"a":{"a":0,"k":[0,0],"ix":1},"s":{"a":0,"k":[100,100],"ix":3},"r":{"a":0,"k":0,"ix":6},"o":{"a":0,"k":100,"ix":7},"sk":{"a":0,"k":0,"ix":4},"sa":{"a":0,"k":0,"ix":5},"nm":"变换"}],"nm":"E","np":3,"cix":2,"bm":0,"ix":8,"mn":"ADBE Vector Group","hd":false},{"ty":"gr","it":[{"ind":0,"ty":"sh","ix":1,"ks":{"a":0,"k":{"i":[[0,0],[0,0],[0,0],[0,0],[0,0],[0,0],[0,0],[0,0]],"o":[[0,0],[0,0],[0,0],[0,0],[0,0],[0,0],[0,0],[0,0]],"v":[[430.444,-53.796],[430.444,-47.388],[448.572,-47.388],[448.572,0],[455.933,0],[455.933,-47.388],[474.06,-47.388],[474.06,-53.796]],"c":true},"ix":2},"nm":"T","mn":"ADBE Vector Shape - Group","hd":false},{"ty":"fl","c":{"a":0,"k":[0.596079987171,0.596079987171,0.596079987171,1],"ix":4},"o":{"a":0,"k":100,"ix":5},"r":1,"bm":0,"nm":"填充 1","mn":"ADBE Vector Graphic - Fill","hd":false},{"ty":"tr","p":{"a":0,"k":[0,0],"ix":2},"a":{"a":0,"k":[0,0],"ix":1},"s":{"a":0,"k":[100,100],"ix":3},"r":{"a":0,"k":0,"ix":6},"o":{"a":0,"k":100,"ix":7},"sk":{"a":0,"k":0,"ix":4},"sa":{"a":0,"k":0,"ix":5},"nm":"变换"}],"nm":"T","np":3,"cix":2,"bm":0,"ix":9,"mn":"ADBE Vector Group","hd":false}],"ip":0,"op":75,"st":0,"bm":0},{"ddd":0,"ind":80,"ty":4,"nm":"“IN MY PALM”轮廓","sr":1,"ks":{"o":{"a":1,"k":[{"i":{"x":[0.833],"y":[0.833]},"o":{"x":[0.167],"y":[0.167]},"t":10,"s":[0]},{"i":{"x":[0.833],"y":[0.833]},"o":{"x":[0.167],"y":[0.167]},"t":30,"s":[100]},{"i":{"x":[0.833],"y":[0.833]},"o":{"x":[0.167],"y":[0.167]},"t":60,"s":[100]},{"i":{"x":[0.833],"y":[0.833]},"o":{"x":[0.167],"y":[0.167]},"t":70,"s":[0]},{"i":{"x":[0.833],"y":[0.833]},"o":{"x":[0.167],"y":[0.167]},"t":180,"s":[100]},{"t":189,"s":[0]}],"ix":11},"r":{"a":0,"k":0,"ix":10},"p":{"a":0,"k":[46,664,0],"ix":2},"a":{"a":0,"k":[0,0,0],"ix":1},"s":{"a":0,"k":[100,100,100],"ix":6}},"ao":0,"hasMask":true,"masksProperties":[{"inv":false,"mode":"a","pt":{"a":1,"k":[{"i":{"x":0.667,"y":1},"o":{"x":0.333,"y":0},"t":10,"s":[{"i":[[0,0],[0,0],[0,0],[0,0]],"o":[[0,0],[0,0],[0,0],[0,0]],"v":[[-48,-101],[-365.648,-101],[-365.648,48.859],[-48,48.859]],"c":true}]},{"i":{"x":0.667,"y":1},"o":{"x":0.333,"y":0},"t":30,"s":[{"i":[[0,0],[0,0],[0,0],[0,0]],"o":[[0,0],[0,0],[0,0],[0,0]],"v":[[520,-101],[-42.648,-101],[-42.648,48.859],[520,48.859]],"c":true}]},{"i":{"x":0.667,"y":1},"o":{"x":0.333,"y":0},"t":180,"s":[{"i":[[0,0],[0,0],[0,0],[0,0]],"o":[[0,0],[0,0],[0,0],[0,0]],"v":[[520,-101],[-42.648,-101],[-42.648,48.859],[520,48.859]],"c":true}]},{"t":189,"s":[{"i":[[0,0],[0,0],[0,0],[0,0]],"o":[[0,0],[0,0],[0,0],[0,0]],"v":[[587,-102],[269.352,-102],[269.352,47.859],[587,47.859]],"c":true}]}],"ix":1},"o":{"a":0,"k":100,"ix":3},"x":{"a":0,"k":0,"ix":4},"nm":"蒙版 1"}],"shapes":[{"ty":"gr","it":[{"ind":0,"ty":"sh","ix":1,"ks":{"a":0,"k":{"i":[[0,0],[0,0],[0,0],[0,0]],"o":[[0,0],[0,0],[0,0],[0,0]],"v":[[7.361,0],[14.722,0],[14.722,-53.796],[7.361,-53.796]],"c":true},"ix":2},"nm":"I","mn":"ADBE Vector Shape - Group","hd":false},{"ty":"fl","c":{"a":0,"k":[0.596079987171,0.596079987171,0.596079987171,1],"ix":4},"o":{"a":0,"k":100,"ix":5},"r":1,"bm":0,"nm":"填充 1","mn":"ADBE Vector Graphic - Fill","hd":false},{"ty":"tr","p":{"a":0,"k":[0,0],"ix":2},"a":{"a":0,"k":[0,0],"ix":1},"s":{"a":0,"k":[100,100],"ix":3},"r":{"a":0,"k":0,"ix":6},"o":{"a":0,"k":100,"ix":7},"sk":{"a":0,"k":0,"ix":4},"sa":{"a":0,"k":0,"ix":5},"nm":"变换"}],"nm":"I","np":3,"cix":2,"bm":0,"ix":1,"mn":"ADBE Vector Group","hd":false},{"ty":"gr","it":[{"ind":0,"ty":"sh","ix":1,"ks":{"a":0,"k":{"i":[[0,0],[0,0],[0,0],[0,0],[0,0],[0,0],[0,0],[0,0],[0,0],[0,0]],"o":[[0,0],[0,0],[0,0],[0,0],[0,0],[0,0],[0,0],[0,0],[0,0],[0,0]],"v":[[26.55,0],[33.508,0],[33.508,-43.414],[60.734,0],[68.921,0],[68.921,-53.796],[61.963,-53.796],[61.963,-10.331],[35.135,-53.796],[26.55,-53.796]],"c":true},"ix":2},"nm":"N","mn":"ADBE Vector Shape - Group","hd":false},{"ty":"fl","c":{"a":0,"k":[0.596079987171,0.596079987171,0.596079987171,1],"ix":4},"o":{"a":0,"k":100,"ix":5},"r":1,"bm":0,"nm":"填充 1","mn":"ADBE Vector Graphic - Fill","hd":false},{"ty":"tr","p":{"a":0,"k":[0,0],"ix":2},"a":{"a":0,"k":[0,0],"ix":1},"s":{"a":0,"k":[100,100],"ix":3},"r":{"a":0,"k":0,"ix":6},"o":{"a":0,"k":100,"ix":7},"sk":{"a":0,"k":0,"ix":4},"sa":{"a":0,"k":0,"ix":5},"nm":"变换"}],"nm":"N","np":3,"cix":2,"bm":0,"ix":2,"mn":"ADBE Vector Group","hd":false},{"ty":"gr","it":[{"ind":0,"ty":"sh","ix":1,"ks":{"a":0,"k":{"i":[[0,0],[0,0],[0,0],[0.073,2.698],[0,1.318],[0,0],[0,0],[0,0],[0,0],[0.049,-2.539],[0,-1.099],[0,0],[0,0],[0,0],[0,0],[0,0],[0,0],[0,0]],"o":[[0,0],[0,0],[0,-1.269],[-0.073,-2.697],[0,0],[0,0],[0,0],[0,0],[0,2.906],[-0.049,2.539],[0,0],[0,0],[0,0],[0,0],[0,0],[0,0],[0,0],[0,0]],"v":[[101.367,0],[108.325,0],[108.325,-31.75],[108.215,-37.701],[108.105,-43.726],[108.105,-45.374],[123.611,0],[130.832,0],[146.191,-45.374],[146.118,-37.207],[146.045,-31.75],[146.045,0],[153.003,0],[153.003,-53.796],[142.636,-53.796],[127.277,-8.313],[111.808,-53.796],[101.367,-53.796]],"c":true},"ix":2},"nm":"M","mn":"ADBE Vector Shape - Group","hd":false},{"ty":"fl","c":{"a":0,"k":[0.596079987171,0.596079987171,0.596079987171,1],"ix":4},"o":{"a":0,"k":100,"ix":5},"r":1,"bm":0,"nm":"填充 1","mn":"ADBE Vector Graphic - Fill","hd":false},{"ty":"tr","p":{"a":0,"k":[0,0],"ix":2},"a":{"a":0,"k":[0,0],"ix":1},"s":{"a":0,"k":[100,100],"ix":3},"r":{"a":0,"k":0,"ix":6},"o":{"a":0,"k":100,"ix":7},"sk":{"a":0,"k":0,"ix":4},"sa":{"a":0,"k":0,"ix":5},"nm":"变换"}],"nm":"M","np":3,"cix":2,"bm":0,"ix":3,"mn":"ADBE Vector Group","hd":false},{"ty":"gr","it":[{"ind":0,"ty":"sh","ix":1,"ks":{"a":0,"k":{"i":[[0,0],[0,0],[0,0],[0,0],[0,0],[0,0],[0,0],[0,0],[0,0]],"o":[[0,0],[0,0],[0,0],[0,0],[0,0],[0,0],[0,0],[0,0],[0,0]],"v":[[180.212,-21.68],[180.212,0],[187.5,0],[187.5,-21.68],[207.874,-53.796],[199.303,-53.796],[183.838,-27.942],[168.373,-53.796],[159.875,-53.796]],"c":true},"ix":2},"nm":"Y","mn":"ADBE Vector Shape - Group","hd":false},{"ty":"fl","c":{"a":0,"k":[0.596079987171,0.596079987171,0.596079987171,1],"ix":4},"o":{"a":0,"k":100,"ix":5},"r":1,"bm":0,"nm":"填充 1","mn":"ADBE Vector Graphic - Fill","hd":false},{"ty":"tr","p":{"a":0,"k":[0,0],"ix":2},"a":{"a":0,"k":[0,0],"ix":1},"s":{"a":0,"k":[100,100],"ix":3},"r":{"a":0,"k":0,"ix":6},"o":{"a":0,"k":100,"ix":7},"sk":{"a":0,"k":0,"ix":4},"sa":{"a":0,"k":0,"ix":5},"nm":"变换"}],"nm":"Y","np":3,"cix":2,"bm":0,"ix":4,"mn":"ADBE Vector Group","hd":false},{"ty":"gr","it":[{"ind":0,"ty":"sh","ix":1,"ks":{"a":0,"k":{"i":[[0,0],[0,0],[0,0],[0,0],[-2.612,3.113],[0,4.199],[2.926,2.698],[4.758,0],[0,0]],"o":[[0,0],[0,0],[0,0],[5.381,0],[2.611,-3.113],[0,-4.883],[-2.926,-2.697],[0,0],[0,0]],"v":[[235.583,0],[242.871,0],[242.871,-22.742],[259.669,-22.742],[271.657,-27.411],[275.574,-38.379],[271.184,-49.75],[259.657,-53.796],[235.583,-53.796]],"c":true},"ix":2},"nm":"P","mn":"ADBE Vector Shape - Group","hd":false},{"ind":1,"ty":"sh","ix":2,"ks":{"a":0,"k":{"i":[[0,-3.955],[2.024,-1.392],[3.248,0],[0,0],[0,0],[0,0],[-1.6,-0.756]],"o":[[0,3.516],[-2.024,1.392],[0,0],[0,0],[0,0],[2.787,0],[2.909,1.416]],"v":[[268.213,-38.342],[265.177,-30.981],[257.269,-28.894],[242.871,-28.894],[242.871,-47.534],[257.269,-47.534],[263.85,-46.399]],"c":true},"ix":2},"nm":"P","mn":"ADBE Vector Shape - Group","hd":false},{"ty":"mm","mm":1,"nm":"合并路径 1","mn":"ADBE Vector Filter - Merge","hd":false},{"ty":"fl","c":{"a":0,"k":[0.596079987171,0.596079987171,0.596079987171,1],"ix":4},"o":{"a":0,"k":100,"ix":5},"r":1,"bm":0,"nm":"填充 1","mn":"ADBE Vector Graphic - Fill","hd":false},{"ty":"tr","p":{"a":0,"k":[0,0],"ix":2},"a":{"a":0,"k":[0,0],"ix":1},"s":{"a":0,"k":[100,100],"ix":3},"r":{"a":0,"k":0,"ix":6},"o":{"a":0,"k":100,"ix":7},"sk":{"a":0,"k":0,"ix":4},"sa":{"a":0,"k":0,"ix":5},"nm":"变换"}],"nm":"P","np":5,"cix":2,"bm":0,"ix":5,"mn":"ADBE Vector Group","hd":false},{"ty":"gr","it":[{"ind":0,"ty":"sh","ix":1,"ks":{"a":0,"k":{"i":[[0,0],[0,0],[0,0]],"o":[[0,0],[0,0],[0,0]],"v":[[295.679,-22.046],[304.358,-45.813],[312.524,-22.046]],"c":true},"ix":2},"nm":"A","mn":"ADBE Vector Shape - Group","hd":false},{"ind":1,"ty":"sh","ix":2,"ks":{"a":0,"k":{"i":[[0,0],[0,0],[0,0],[0,0],[0,0],[0,0],[0,0],[0,0]],"o":[[0,0],[0,0],[0,0],[0,0],[0,0],[0,0],[0,0],[0,0]],"v":[[280.298,0],[287.769,0],[293.591,-16.113],[314.868,-16.113],[320.325,0],[328.308,0],[308.789,-53.796],[300.549,-53.796]],"c":true},"ix":2},"nm":"A","mn":"ADBE Vector Shape - Group","hd":false},{"ty":"mm","mm":1,"nm":"合并路径 1","mn":"ADBE Vector Filter - Merge","hd":false},{"ty":"fl","c":{"a":0,"k":[0.596079987171,0.596079987171,0.596079987171,1],"ix":4},"o":{"a":0,"k":100,"ix":5},"r":1,"bm":0,"nm":"填充 1","mn":"ADBE Vector Graphic - Fill","hd":false},{"ty":"tr","p":{"a":0,"k":[0,0],"ix":2},"a":{"a":0,"k":[0,0],"ix":1},"s":{"a":0,"k":[100,100],"ix":3},"r":{"a":0,"k":0,"ix":6},"o":{"a":0,"k":100,"ix":7},"sk":{"a":0,"k":0,"ix":4},"sa":{"a":0,"k":0,"ix":5},"nm":"变换"}],"nm":"A","np":5,"cix":2,"bm":0,"ix":6,"mn":"ADBE Vector Group","hd":false},{"ty":"gr","it":[{"ind":0,"ty":"sh","ix":1,"ks":{"a":0,"k":{"i":[[0,0],[0,0],[0,0],[0,0],[0,0],[0,0]],"o":[[0,0],[0,0],[0,0],[0,0],[0,0],[0,0]],"v":[[334.937,0],[369.214,0],[369.214,-6.409],[342.224,-6.409],[342.224,-53.796],[334.937,-53.796]],"c":true},"ix":2},"nm":"L","mn":"ADBE Vector Shape - Group","hd":false},{"ty":"fl","c":{"a":0,"k":[0.596079987171,0.596079987171,0.596079987171,1],"ix":4},"o":{"a":0,"k":100,"ix":5},"r":1,"bm":0,"nm":"填充 1","mn":"ADBE Vector Graphic - Fill","hd":false},{"ty":"tr","p":{"a":0,"k":[0,0],"ix":2},"a":{"a":0,"k":[0,0],"ix":1},"s":{"a":0,"k":[100,100],"ix":3},"r":{"a":0,"k":0,"ix":6},"o":{"a":0,"k":100,"ix":7},"sk":{"a":0,"k":0,"ix":4},"sa":{"a":0,"k":0,"ix":5},"nm":"变换"}],"nm":"L","np":3,"cix":2,"bm":0,"ix":7,"mn":"ADBE Vector Group","hd":false},{"ty":"gr","it":[{"ind":0,"ty":"sh","ix":1,"ks":{"a":0,"k":{"i":[[0,0],[0,0],[0,0],[0.073,2.698],[0,1.318],[0,0],[0,0],[0,0],[0,0],[0.049,-2.539],[0,-1.099],[0,0],[0,0],[0,0],[0,0],[0,0],[0,0],[0,0]],"o":[[0,0],[0,0],[0,-1.269],[-0.073,-2.697],[0,0],[0,0],[0,0],[0,0],[0,2.906],[-0.049,2.539],[0,0],[0,0],[0,0],[0,0],[0,0],[0,0],[0,0],[0,0]],"v":[[376.465,0],[383.423,0],[383.423,-31.75],[383.313,-37.701],[383.203,-43.726],[383.203,-45.374],[398.709,0],[405.93,0],[421.289,-45.374],[421.216,-37.207],[421.143,-31.75],[421.143,0],[428.101,0],[428.101,-53.796],[417.733,-53.796],[402.374,-8.313],[386.905,-53.796],[376.465,-53.796]],"c":true},"ix":2},"nm":"M","mn":"ADBE Vector Shape - Group","hd":false},{"ty":"fl","c":{"a":0,"k":[0.596079987171,0.596079987171,0.596079987171,1],"ix":4},"o":{"a":0,"k":100,"ix":5},"r":1,"bm":0,"nm":"填充 1","mn":"ADBE Vector Graphic - Fill","hd":false},{"ty":"tr","p":{"a":0,"k":[0,0],"ix":2},"a":{"a":0,"k":[0,0],"ix":1},"s":{"a":0,"k":[100,100],"ix":3},"r":{"a":0,"k":0,"ix":6},"o":{"a":0,"k":100,"ix":7},"sk":{"a":0,"k":0,"ix":4},"sa":{"a":0,"k":0,"ix":5},"nm":"变换"}],"nm":"M","np":3,"cix":2,"bm":0,"ix":8,"mn":"ADBE Vector Group","hd":false}],"ip":10,"op":75,"st":10,"bm":0},{"ddd":0,"ind":84,"ty":3,"nm":"健康-bg","sr":1,"ks":{"o":{"a":1,"k":[{"i":{"x":[0.833],"y":[0.833]},"o":{"x":[0.167],"y":[0.167]},"t":230,"s":[0]},{"t":240,"s":[100]}],"ix":11},"r":{"a":0,"k":0,"ix":10},"p":{"a":1,"k":[{"i":{"x":0.3,"y":1},"o":{"x":0.3,"y":0},"t":220,"s":[481.163,706.034,0],"to":[-43.527,124.052,0],"ti":[0,0,0]},{"i":{"x":0.833,"y":0.833},"o":{"x":0.144,"y":0.144},"t":240,"s":[242,885.672,0],"to":[0,0,0],"ti":[0,0,0]},{"i":{"x":0.833,"y":0.83},"o":{"x":0.167,"y":0.111},"t":255,"s":[242,885.672,0],"to":[0,0,0],"ti":[9.249,0.234,0]},{"i":{"x":0.833,"y":0.836},"o":{"x":0.167,"y":0.163},"t":285,"s":[232,875.047,0],"to":[-9.249,-0.234,0],"ti":[0,-3.438,0]},{"i":{"x":0.833,"y":0.836},"o":{"x":0.167,"y":0.169},"t":315,"s":[222,885.672,0],"to":[0,3.438,0],"ti":[-9.376,-0.078,0]},{"i":{"x":0.833,"y":0.829},"o":{"x":0.167,"y":0.17},"t":345,"s":[232,895.672,0],"to":[9.376,0.078,0],"ti":[0,0,0]},{"i":{"x":0.965,"y":0},"o":{"x":0.167,"y":0.162},"t":375,"s":[242,885.672,0],"to":[0,0,0],"ti":[8.687,-0.016,0]},{"i":{"x":0.833,"y":0.995},"o":{"x":0.167,"y":0.079},"t":404,"s":[232,875.047,0],"to":[-8.687,0.016,0],"ti":[0,0,0]},{"i":{"x":0.7,"y":1},"o":{"x":0.167,"y":0.007},"t":429,"s":[-487,435.672,0],"to":[0,0,0],"ti":[0,0,0]},{"i":{"x":0.833,"y":0.76},"o":{"x":0.3,"y":0},"t":459,"s":[199.999,289.672,0],"to":[0,0,0],"ti":[0,0,0]},{"t":489,"s":[199.999,269.672,0]}],"ix":2},"a":{"a":0,"k":[284.145,-175.98,0],"ix":1},"s":{"a":0,"k":[100,100,100],"ix":6}},"ao":0,"ip":220,"op":405,"st":40,"bm":0},{"ddd":0,"ind":88,"ty":3,"nm":"爱情-bg","sr":1,"ks":{"o":{"a":1,"k":[{"i":{"x":[0.833],"y":[0.833]},"o":{"x":[0.167],"y":[0.167]},"t":195,"s":[0]},{"t":205,"s":[100]}],"ix":11},"r":{"a":0,"k":0,"ix":10},"p":{"a":1,"k":[{"i":{"x":0.3,"y":1},"o":{"x":0.3,"y":0},"t":185,"s":[697.163,680.034,0],"to":[86.473,64.052,0],"ti":[0,0,0]},{"i":{"x":0.833,"y":0.833},"o":{"x":0.144,"y":0.144},"t":205,"s":[938.999,759.672,0],"to":[0,0,0],"ti":[0,0,0]},{"i":{"x":0.833,"y":0.83},"o":{"x":0.167,"y":0.111},"t":220,"s":[938.999,759.672,0],"to":[0,0,0],"ti":[9.249,0.234,0]},{"i":{"x":0.833,"y":0.836},"o":{"x":0.167,"y":0.163},"t":250,"s":[928.999,749.047,0],"to":[-9.249,-0.234,0],"ti":[0,-3.438,0]},{"i":{"x":0.833,"y":0.836},"o":{"x":0.167,"y":0.169},"t":280,"s":[918.999,759.672,0],"to":[0,3.438,0],"ti":[-9.376,-0.078,0]},{"i":{"x":0.833,"y":0.829},"o":{"x":0.167,"y":0.17},"t":310,"s":[928.999,769.672,0],"to":[9.376,0.078,0],"ti":[0,0,0]},{"i":{"x":0.965,"y":0},"o":{"x":0.167,"y":0.162},"t":340,"s":[938.999,759.672,0],"to":[0,0,0],"ti":[8.687,-0.016,0]},{"i":{"x":0.833,"y":0.995},"o":{"x":0.167,"y":0.079},"t":369,"s":[928.999,749.047,0],"to":[-8.687,0.016,0],"ti":[0,0,0]},{"i":{"x":0.7,"y":1},"o":{"x":0.167,"y":0.234},"t":394,"s":[209.999,309.672,0],"to":[0,0,0],"ti":[0,0,0]},{"i":{"x":0.833,"y":0.921},"o":{"x":0.3,"y":0},"t":424,"s":[209.999,329.672,0],"to":[0,0,0],"ti":[0,0,0]},{"t":454,"s":[199.999,269.672,0]}],"ix":2},"a":{"a":0,"k":[284.145,-175.98,0],"ix":1},"s":{"a":0,"k":[100,100,100],"ix":6}},"ao":0,"ip":185,"op":370,"st":5,"bm":0},{"ddd":0,"ind":92,"ty":3,"nm":"智慧-bg","sr":1,"ks":{"o":{"a":1,"k":[{"i":{"x":[0.833],"y":[0.833]},"o":{"x":[0.167],"y":[0.167]},"t":160,"s":[0]},{"t":170,"s":[100]}],"ix":11},"r":{"a":0,"k":0,"ix":10},"p":{"a":1,"k":[{"i":{"x":0.3,"y":1},"o":{"x":0.3,"y":0},"t":150,"s":[367.163,496.034,0],"to":[-111.527,-49.948,0],"ti":[0,0,0]},{"i":{"x":0.833,"y":0.833},"o":{"x":0.144,"y":0.144},"t":170,"s":[191.999,335.672,0],"to":[0,0,0],"ti":[0,0,0]},{"i":{"x":0.833,"y":0.83},"o":{"x":0.167,"y":0.111},"t":185,"s":[191.999,335.672,0],"to":[0,0,0],"ti":[9.249,0.234,0]},{"i":{"x":0.833,"y":0.836},"o":{"x":0.167,"y":0.163},"t":215,"s":[181.999,325.047,0],"to":[-9.249,-0.234,0],"ti":[0,-3.438,0]},{"i":{"x":0.833,"y":0.836},"o":{"x":0.167,"y":0.169},"t":245,"s":[171.999,335.672,0],"to":[0,3.438,0],"ti":[-9.376,-0.078,0]},{"i":{"x":0.833,"y":0.829},"o":{"x":0.167,"y":0.17},"t":275,"s":[181.999,345.672,0],"to":[9.376,0.078,0],"ti":[0,0,0]},{"i":{"x":0.833,"y":0.821},"o":{"x":0.167,"y":0.162},"t":305,"s":[191.999,335.672,0],"to":[0,0,0],"ti":[8.687,-0.016,0]},{"i":{"x":0.833,"y":0.756},"o":{"x":0.167,"y":0.154},"t":334,"s":[181.999,325.047,0],"to":[-8.687,0.016,0],"ti":[0,0,0]},{"i":{"x":0.7,"y":1},"o":{"x":0.167,"y":0.165},"t":359,"s":[171.999,335.672,0],"to":[0,0,0],"ti":[0,0,0]},{"i":{"x":0.833,"y":0.76},"o":{"x":0.3,"y":0},"t":389,"s":[191.999,355.672,0],"to":[0,0,0],"ti":[0,0,0]},{"t":419,"s":[191.999,335.672,0]}],"ix":2},"a":{"a":0,"k":[284.145,-175.98,0],"ix":1},"s":{"a":0,"k":[100,100,100],"ix":6}},"ao":0,"ip":150,"op":391,"st":-30,"bm":0}],"markers":[]}