{"v":"5.6.8","fr":30,"ip":0,"op":189,"w":1125,"h":1050,"nm":"订阅视频-变性-多语言","ddd":0,"assets":[],"layers":[{"ddd":0,"ind":4,"ty":4,"nm":"“ВЫКЛЮЧАТЕЛЬ”轮廓","sr":1,"ks":{"o":{"a":1,"k":[{"i":{"x":[0.833],"y":[0.833]},"o":{"x":[0.167],"y":[0.167]},"t":20,"s":[0]},{"i":{"x":[0.833],"y":[0.833]},"o":{"x":[0.167],"y":[0.167]},"t":40,"s":[100]},{"i":{"x":[0.833],"y":[0.833]},"o":{"x":[0.167],"y":[0.167]},"t":180,"s":[100]},{"t":189,"s":[0]}],"ix":11},"r":{"a":0,"k":0,"ix":10},"p":{"a":0,"k":[40,712,0],"ix":2},"a":{"a":0,"k":[0,0,0],"ix":1},"s":{"a":0,"k":[100,100,100],"ix":6}},"ao":0,"hasMask":true,"masksProperties":[{"inv":false,"mode":"a","pt":{"a":1,"k":[{"i":{"x":0.667,"y":1},"o":{"x":0.333,"y":0},"t":20,"s":[{"i":[[0,0],[0,0],[0,0],[0,0]],"o":[[0,0],[0,0],[0,0],[0,0]],"v":[[-39,-98],[-444.633,-98],[-444.633,47.395],[-39,47.395]],"c":true}]},{"i":{"x":0.667,"y":1},"o":{"x":0.333,"y":0},"t":40,"s":[{"i":[[0,0],[0,0],[0,0],[0,0]],"o":[[0,0],[0,0],[0,0],[0,0]],"v":[[550,-98],[-52.633,-98],[-52.633,47.395],[550,47.395]],"c":true}]},{"i":{"x":0.667,"y":1},"o":{"x":0.333,"y":0},"t":180,"s":[{"i":[[0,0],[0,0],[0,0],[0,0]],"o":[[0,0],[0,0],[0,0],[0,0]],"v":[[550,-98],[-52.633,-98],[-52.633,47.395],[550,47.395]],"c":true}]},{"t":189,"s":[{"i":[[0,0],[0,0],[0,0],[0,0]],"o":[[0,0],[0,0],[0,0],[0,0]],"v":[[743,-98],[337.367,-98],[337.367,47.395],[743,47.395]],"c":true}]}],"ix":1},"o":{"a":0,"k":100,"ix":3},"x":{"a":0,"k":0,"ix":4},"nm":"蒙版 1"}],"shapes":[{"ty":"gr","it":[{"ind":0,"ty":"sh","ix":1,"ks":{"a":0,"k":{"i":[[0,0],[0,0],[-1.213,0.301],[-0.928,0.521],[-0.651,0.7],[-0.415,0.781],[-0.187,0.838],[0,0.781],[0.407,0.985],[0.626,0.692],[0.765,0.439],[0.732,0.244],[-0.61,0.594],[-0.375,0.692],[-0.163,0.716],[0,0.619],[0.333,0.936],[0.586,0.708],[0.773,0.464],[0.879,0.244],[1.058,0.073],[1.416,0],[0,0]],"o":[[0,0],[1.546,0],[1.212,-0.301],[0.928,-0.521],[0.651,-0.7],[0.415,-0.781],[0.187,-0.838],[0,-1.367],[-0.407,-0.985],[-0.627,-0.692],[-0.765,-0.439],[0.895,-0.374],[0.61,-0.594],[0.374,-0.692],[0.163,-0.716],[0,-1.172],[-0.334,-0.936],[-0.586,-0.708],[-0.773,-0.464],[-0.928,-0.244],[-1.058,-0.073],[0,0],[0,0]],"v":[[3.711,0],[18.848,0],[22.986,-0.452],[26.196,-1.685],[28.564,-3.516],[30.164,-5.737],[31.067,-8.167],[31.348,-10.596],[30.737,-14.124],[29.187,-16.638],[27.1,-18.335],[24.854,-19.36],[27.112,-20.813],[28.589,-22.742],[29.395,-24.854],[29.639,-26.855],[29.138,-30.017],[27.759,-32.483],[25.72,-34.241],[23.242,-35.303],[20.264,-35.779],[16.553,-35.889],[3.711,-35.889]],"c":true},"ix":2},"nm":"В","mn":"ADBE Vector Shape - Group","hd":false},{"ind":1,"ty":"sh","ix":2,"ks":{"a":0,"k":{"i":[[0,0],[0,0],[0,0],[-1.066,-0.301],[-0.659,-0.545],[-0.293,-0.765],[0,-0.944],[0.293,-0.765],[0.659,-0.545],[1.066,-0.301],[1.562,0]],"o":[[0,0],[0,0],[1.562,0],[1.066,0.301],[0.659,0.546],[0.293,0.765],[0,0.944],[-0.293,0.765],[-0.659,0.546],[-1.066,0.301],[0,0]],"v":[[8.496,-4.199],[8.496,-16.699],[18.14,-16.699],[22.083,-16.248],[24.67,-14.978],[26.099,-13.013],[26.538,-10.449],[26.099,-7.886],[24.67,-5.92],[22.083,-4.651],[18.14,-4.199]],"c":true},"ix":2},"nm":"В","mn":"ADBE Vector Shape - Group","hd":false},{"ind":2,"ty":"sh","ix":3,"ks":{"a":0,"k":{"i":[[0,0],[0,0],[0,0],[-0.944,-0.244],[-0.586,-0.455],[-0.253,-0.659],[0,-0.846],[0.179,-0.7],[0.529,-0.513],[0.968,-0.301],[1.579,0]],"o":[[0,0],[0,0],[1.367,0],[0.944,0.244],[0.586,0.456],[0.252,0.659],[0,0.798],[-0.179,0.7],[-0.529,0.513],[-0.969,0.301],[0,0]],"v":[[8.496,-20.605],[8.496,-31.689],[17.456,-31.689],[20.923,-31.323],[23.218,-30.273],[24.475,-28.601],[24.854,-26.343],[24.585,-24.097],[23.523,-22.278],[21.277,-21.057],[17.456,-20.605]],"c":true},"ix":2},"nm":"В","mn":"ADBE Vector Shape - Group","hd":false},{"ty":"mm","mm":1,"nm":"合并路径 1","mn":"ADBE Vector Filter - Merge","hd":false},{"ty":"fl","c":{"a":0,"k":[0.596079987171,0.596079987171,0.596079987171,1],"ix":4},"o":{"a":0,"k":100,"ix":5},"r":1,"bm":0,"nm":"填充 1","mn":"ADBE Vector Graphic - Fill","hd":false},{"ty":"tr","p":{"a":0,"k":[0,0],"ix":2},"a":{"a":0,"k":[0,0],"ix":1},"s":{"a":0,"k":[100,100],"ix":3},"r":{"a":0,"k":0,"ix":6},"o":{"a":0,"k":100,"ix":7},"sk":{"a":0,"k":0,"ix":4},"sa":{"a":0,"k":0,"ix":5},"nm":"变换"}],"nm":"В","np":6,"cix":2,"bm":0,"ix":1,"mn":"ADBE Vector Group","hd":false},{"ty":"gr","it":[{"ind":0,"ty":"sh","ix":1,"ks":{"a":0,"k":{"i":[[0,0],[0,0],[-1.408,0.505],[-0.969,0.92],[-0.505,1.294],[0,1.595],[0.504,1.302],[1.025,0.912],[1.579,0.488],[2.148,0],[0,0],[0,0],[0,0]],"o":[[0,0],[1.807,0],[1.408,-0.504],[0.968,-0.919],[0.504,-1.294],[0,-1.627],[-0.505,-1.302],[-1.025,-0.911],[-1.579,-0.488],[0,0],[0,0],[0,0],[0,0]],"v":[[37.061,0],[52.612,0],[57.434,-0.757],[60.999,-2.893],[63.208,-6.213],[63.965,-10.547],[63.208,-14.941],[60.913,-18.262],[57.007,-20.361],[51.416,-21.094],[41.87,-21.094],[41.87,-35.889],[37.061,-35.889]],"c":true},"ix":2},"nm":"Ы","mn":"ADBE Vector Shape - Group","hd":false},{"ind":1,"ty":"sh","ix":2,"ks":{"a":0,"k":{"i":[[0,0],[0,0],[0,0],[-0.977,-0.211],[-0.684,-0.496],[-0.366,-0.814],[0,-1.188],[0.35,-0.806],[0.618,-0.496],[0.838,-0.211],[0.977,0]],"o":[[0,0],[0,0],[1.237,0],[0.977,0.212],[0.684,0.497],[0.366,0.814],[0,1.205],[-0.35,0.806],[-0.619,0.497],[-0.838,0.212],[0,0]],"v":[[41.87,-4.199],[41.87,-16.895],[50.928,-16.895],[54.248,-16.577],[56.738,-15.515],[58.313,-13.55],[58.862,-10.547],[58.337,-7.532],[56.885,-5.579],[54.7,-4.517],[51.978,-4.199]],"c":true},"ix":2},"nm":"Ы","mn":"ADBE Vector Shape - Group","hd":false},{"ind":2,"ty":"sh","ix":3,"ks":{"a":0,"k":{"i":[[0,0],[0,0],[0,0],[0,0]],"o":[[0,0],[0,0],[0,0],[0,0]],"v":[[68.823,0],[73.608,0],[73.608,-35.889],[68.823,-35.889]],"c":true},"ix":2},"nm":"Ы","mn":"ADBE Vector Shape - Group","hd":false},{"ty":"mm","mm":1,"nm":"合并路径 1","mn":"ADBE Vector Filter - Merge","hd":false},{"ty":"fl","c":{"a":0,"k":[0.596079987171,0.596079987171,0.596079987171,1],"ix":4},"o":{"a":0,"k":100,"ix":5},"r":1,"bm":0,"nm":"填充 1","mn":"ADBE Vector Graphic - Fill","hd":false},{"ty":"tr","p":{"a":0,"k":[0,0],"ix":2},"a":{"a":0,"k":[0,0],"ix":1},"s":{"a":0,"k":[100,100],"ix":3},"r":{"a":0,"k":0,"ix":6},"o":{"a":0,"k":100,"ix":7},"sk":{"a":0,"k":0,"ix":4},"sa":{"a":0,"k":0,"ix":5},"nm":"变换"}],"nm":"Ы","np":6,"cix":2,"bm":0,"ix":2,"mn":"ADBE Vector Group","hd":false},{"ty":"gr","it":[{"ind":0,"ty":"sh","ix":1,"ks":{"a":0,"k":{"i":[[0,0],[0,0],[0,0],[0,0],[0,0],[0,0],[0,0],[0,0],[0,0],[0,0],[0,0],[0,0]],"o":[[0,0],[0,0],[0,0],[0,0],[0,0],[0,0],[0,0],[0,0],[0,0],[0,0],[0,0],[0,0]],"v":[[81.03,0],[85.815,0],[85.815,-12.5],[91.626,-18.091],[104.272,0],[110.425,0],[95.068,-21.411],[110.01,-35.889],[103.32,-35.889],[85.815,-18.408],[85.815,-35.889],[81.03,-35.889]],"c":true},"ix":2},"nm":"К","mn":"ADBE Vector Shape - Group","hd":false},{"ty":"fl","c":{"a":0,"k":[0.596079987171,0.596079987171,0.596079987171,1],"ix":4},"o":{"a":0,"k":100,"ix":5},"r":1,"bm":0,"nm":"填充 1","mn":"ADBE Vector Graphic - Fill","hd":false},{"ty":"tr","p":{"a":0,"k":[0,0],"ix":2},"a":{"a":0,"k":[0,0],"ix":1},"s":{"a":0,"k":[100,100],"ix":3},"r":{"a":0,"k":0,"ix":6},"o":{"a":0,"k":100,"ix":7},"sk":{"a":0,"k":0,"ix":4},"sa":{"a":0,"k":0,"ix":5},"nm":"变换"}],"nm":"К","np":3,"cix":2,"bm":0,"ix":3,"mn":"ADBE Vector Group","hd":false},{"ty":"gr","it":[{"ind":0,"ty":"sh","ix":1,"ks":{"a":0,"k":{"i":[[0,0],[0,0],[0,0],[0,0],[0.008,-1.815],[0.04,-1.815],[0.073,-1.758],[0.154,-1.579],[0.252,-1.343],[0.391,-0.977],[0.545,-0.545],[0.748,0],[0.269,0.057],[0.179,0.082],[0,0],[-0.317,-0.082],[-0.472,0],[-1.083,0.822],[-0.732,1.473],[-0.423,2.018],[-0.212,2.401],[-0.065,2.686],[0,2.783],[0,0]],"o":[[0,0],[0,0],[0,0],[-0.033,1.693],[-0.008,1.815],[-0.041,1.815],[-0.073,1.758],[-0.155,1.579],[-0.253,1.343],[-0.391,0.977],[-0.546,0.546],[-0.505,0],[-0.269,-0.057],[0,0],[0.374,0.098],[0.317,0.081],[1.546,0],[1.082,-0.822],[0.732,-1.473],[0.423,-2.018],[0.211,-2.401],[0.065,-2.686],[0,0],[0,0]],"v":[[136.475,0],[141.284,0],[141.284,-35.889],[118.97,-35.889],[118.909,-30.627],[118.835,-25.183],[118.665,-19.824],[118.323,-14.819],[117.712,-10.437],[116.748,-6.958],[115.344,-4.675],[113.403,-3.857],[112.244,-3.943],[111.572,-4.15],[111.572,0.293],[112.61,0.562],[113.794,0.684],[117.737,-0.549],[120.459,-3.992],[122.192,-9.229],[123.145,-15.857],[123.56,-23.486],[123.657,-31.689],[136.475,-31.689]],"c":true},"ix":2},"nm":"Л","mn":"ADBE Vector Shape - Group","hd":false},{"ty":"fl","c":{"a":0,"k":[0.596079987171,0.596079987171,0.596079987171,1],"ix":4},"o":{"a":0,"k":100,"ix":5},"r":1,"bm":0,"nm":"填充 1","mn":"ADBE Vector Graphic - Fill","hd":false},{"ty":"tr","p":{"a":0,"k":[0,0],"ix":2},"a":{"a":0,"k":[0,0],"ix":1},"s":{"a":0,"k":[100,100],"ix":3},"r":{"a":0,"k":0,"ix":6},"o":{"a":0,"k":100,"ix":7},"sk":{"a":0,"k":0,"ix":4},"sa":{"a":0,"k":0,"ix":5},"nm":"变换"}],"nm":"Л","np":3,"cix":2,"bm":0,"ix":4,"mn":"ADBE Vector Group","hd":false},{"ty":"gr","it":[{"ind":0,"ty":"sh","ix":1,"ks":{"a":0,"k":{"i":[[0,0],[0,0],[0,0],[0,0],[-0.366,-1.383],[-0.643,-1.245],[-0.912,-1.05],[-1.213,-0.765],[-1.522,-0.431],[-1.839,0],[-1.62,0.496],[-1.262,0.887],[-0.92,1.196],[-0.594,1.392],[-0.285,1.538],[0,1.546],[0.732,2.311],[1.44,1.66],[2.116,0.92],[2.767,0],[2.018,-0.797],[1.416,-1.465],[0.822,-2.051],[0.179,-2.506],[0,0],[0,0],[0,0]],"o":[[0,0],[0,0],[0,0],[0.114,1.449],[0.366,1.384],[0.643,1.245],[0.911,1.05],[1.212,0.765],[1.522,0.431],[1.986,0],[1.619,-0.496],[1.261,-0.887],[0.919,-1.196],[0.594,-1.392],[0.285,-1.538],[0,-2.783],[-0.732,-2.311],[-1.44,-1.66],[-2.116,-0.919],[-2.572,0],[-2.018,0.798],[-1.416,1.465],[-0.822,2.051],[0,0],[0,0],[0,0],[0,0]],"v":[[148.706,0],[153.491,0],[153.491,-15.894],[159.131,-15.894],[159.851,-11.646],[161.365,-7.703],[163.696,-4.26],[166.882,-1.538],[170.984,0.256],[176.025,0.903],[181.433,0.159],[185.754,-1.917],[189.026,-5.042],[191.296,-8.923],[192.615,-13.318],[193.042,-17.944],[191.943,-25.586],[188.684,-31.543],[183.35,-35.413],[176.025,-36.792],[169.141,-35.596],[163.989,-32.202],[160.632,-26.929],[159.131,-20.093],[153.491,-20.093],[153.491,-35.889],[148.706,-35.889]],"c":true},"ix":2},"nm":"Ю","mn":"ADBE Vector Shape - Group","hd":false},{"ind":1,"ty":"sh","ix":2,"ks":{"a":0,"k":{"i":[[0.472,-1.798],[0.993,-1.286],[1.538,-0.708],[2.148,0],[1.497,0.708],[1.066,1.286],[0.586,1.799],[0,2.181],[-0.562,1.799],[-1.058,1.294],[-1.506,0.724],[-1.888,0],[-1.514,-0.724],[-1.058,-1.294],[-0.562,-1.798],[0,-2.132]],"o":[[-0.472,1.799],[-0.993,1.286],[-1.538,0.708],[-1.839,0],[-1.498,-0.708],[-1.066,-1.286],[-0.586,-1.798],[0,-2.132],[0.562,-1.798],[1.058,-1.294],[1.505,-0.724],[1.888,0],[1.514,0.724],[1.058,1.294],[0.562,1.799],[0,2.181]],"v":[[187.549,-11.975],[185.352,-7.349],[181.555,-4.358],[176.025,-3.296],[171.021,-4.358],[167.175,-7.349],[164.697,-11.975],[163.818,-17.944],[164.661,-23.84],[167.09,-28.479],[170.935,-31.506],[176.025,-32.593],[181.128,-31.506],[184.985,-28.479],[187.415,-23.84],[188.257,-17.944]],"c":true},"ix":2},"nm":"Ю","mn":"ADBE Vector Shape - Group","hd":false},{"ty":"mm","mm":1,"nm":"合并路径 1","mn":"ADBE Vector Filter - Merge","hd":false},{"ty":"fl","c":{"a":0,"k":[0.596079987171,0.596079987171,0.596079987171,1],"ix":4},"o":{"a":0,"k":100,"ix":5},"r":1,"bm":0,"nm":"填充 1","mn":"ADBE Vector Graphic - Fill","hd":false},{"ty":"tr","p":{"a":0,"k":[0,0],"ix":2},"a":{"a":0,"k":[0,0],"ix":1},"s":{"a":0,"k":[100,100],"ix":3},"r":{"a":0,"k":0,"ix":6},"o":{"a":0,"k":100,"ix":7},"sk":{"a":0,"k":0,"ix":4},"sa":{"a":0,"k":0,"ix":5},"nm":"变换"}],"nm":"Ю","np":5,"cix":2,"bm":0,"ix":5,"mn":"ADBE Vector Group","hd":false},{"ty":"gr","it":[{"ind":0,"ty":"sh","ix":1,"ks":{"a":0,"k":{"i":[[0,0],[0,0],[0,0],[0,0],[0,0],[0.594,-0.211],[0.724,-0.163],[0.806,-0.098],[0.781,0],[1.09,0.204],[0.757,0.537],[0.399,0.944],[0,1.481],[0,0],[0,0],[0,0],[-0.684,-1.408],[-1.164,-0.838],[-1.53,-0.333],[-1.709,0],[-0.879,0.098],[-0.781,0.155],[-0.643,0.212],[-0.472,0.244]],"o":[[0,0],[0,0],[0,0],[0,0],[-0.342,0.228],[-0.594,0.212],[-0.724,0.163],[-0.806,0.098],[-1.4,0],[-1.091,-0.203],[-0.757,-0.537],[-0.399,-0.944],[0,0],[0,0],[0,0],[0,2.148],[0.684,1.408],[1.163,0.838],[1.53,0.334],[0.928,0],[0.879,-0.098],[0.781,-0.154],[0.643,-0.211],[0,0]],"v":[[219.043,0],[223.853,0],[223.853,-35.889],[219.043,-35.889],[219.043,-18.994],[217.639,-18.335],[215.662,-17.773],[213.367,-17.383],[210.986,-17.236],[207.251,-17.542],[204.48,-18.652],[202.747,-20.874],[202.148,-24.512],[202.148,-35.889],[197.339,-35.889],[197.339,-23.999],[198.364,-18.665],[201.135,-15.295],[205.176,-13.538],[210.034,-13.037],[212.744,-13.184],[215.234,-13.562],[217.371,-14.111],[219.043,-14.795]],"c":true},"ix":2},"nm":"Ч","mn":"ADBE Vector Shape - Group","hd":false},{"ty":"fl","c":{"a":0,"k":[0.596079987171,0.596079987171,0.596079987171,1],"ix":4},"o":{"a":0,"k":100,"ix":5},"r":1,"bm":0,"nm":"填充 1","mn":"ADBE Vector Graphic - Fill","hd":false},{"ty":"tr","p":{"a":0,"k":[0,0],"ix":2},"a":{"a":0,"k":[0,0],"ix":1},"s":{"a":0,"k":[100,100],"ix":3},"r":{"a":0,"k":0,"ix":6},"o":{"a":0,"k":100,"ix":7},"sk":{"a":0,"k":0,"ix":4},"sa":{"a":0,"k":0,"ix":5},"nm":"变换"}],"nm":"Ч","np":3,"cix":2,"bm":0,"ix":6,"mn":"ADBE Vector Group","hd":false},{"ty":"gr","it":[{"ind":0,"ty":"sh","ix":1,"ks":{"a":0,"k":{"i":[[0,0],[0,0],[0,0]],"o":[[0,0],[0,0],[0,0]],"v":[[238.745,-14.795],[244.8,-30.762],[250.269,-14.795]],"c":true},"ix":2},"nm":"А","mn":"ADBE Vector Shape - Group","hd":false},{"ind":1,"ty":"sh","ix":2,"ks":{"a":0,"k":{"i":[[0,0],[0,0],[0,0],[0,0],[0,0],[0,0],[0,0],[0,0]],"o":[[0,0],[0,0],[0,0],[0,0],[0,0],[0,0],[0,0],[0,0]],"v":[[233.521,0],[237.524,-10.986],[251.636,-10.986],[255.42,0],[260.742,0],[247.729,-36.45],[241.895,-36.45],[228.442,0]],"c":true},"ix":2},"nm":"А","mn":"ADBE Vector Shape - Group","hd":false},{"ty":"mm","mm":1,"nm":"合并路径 1","mn":"ADBE Vector Filter - Merge","hd":false},{"ty":"fl","c":{"a":0,"k":[0.596079987171,0.596079987171,0.596079987171,1],"ix":4},"o":{"a":0,"k":100,"ix":5},"r":1,"bm":0,"nm":"填充 1","mn":"ADBE Vector Graphic - Fill","hd":false},{"ty":"tr","p":{"a":0,"k":[0,0],"ix":2},"a":{"a":0,"k":[0,0],"ix":1},"s":{"a":0,"k":[100,100],"ix":3},"r":{"a":0,"k":0,"ix":6},"o":{"a":0,"k":100,"ix":7},"sk":{"a":0,"k":0,"ix":4},"sa":{"a":0,"k":0,"ix":5},"nm":"变换"}],"nm":"А","np":5,"cix":2,"bm":0,"ix":7,"mn":"ADBE Vector Group","hd":false},{"ty":"gr","it":[{"ind":0,"ty":"sh","ix":1,"ks":{"a":0,"k":{"i":[[0,0],[0,0],[0,0],[0,0],[0,0],[0,0],[0,0],[0,0]],"o":[[0,0],[0,0],[0,0],[0,0],[0,0],[0,0],[0,0],[0,0]],"v":[[262.183,-31.689],[274.365,-31.689],[274.365,0],[279.175,0],[279.175,-31.689],[291.382,-31.689],[291.382,-35.889],[262.183,-35.889]],"c":true},"ix":2},"nm":"Т","mn":"ADBE Vector Shape - Group","hd":false},{"ty":"fl","c":{"a":0,"k":[0.596079987171,0.596079987171,0.596079987171,1],"ix":4},"o":{"a":0,"k":100,"ix":5},"r":1,"bm":0,"nm":"填充 1","mn":"ADBE Vector Graphic - Fill","hd":false},{"ty":"tr","p":{"a":0,"k":[0,0],"ix":2},"a":{"a":0,"k":[0,0],"ix":1},"s":{"a":0,"k":[100,100],"ix":3},"r":{"a":0,"k":0,"ix":6},"o":{"a":0,"k":100,"ix":7},"sk":{"a":0,"k":0,"ix":4},"sa":{"a":0,"k":0,"ix":5},"nm":"变换"}],"nm":"Т","np":3,"cix":2,"bm":0,"ix":8,"mn":"ADBE Vector Group","hd":false},{"ty":"gr","it":[{"ind":0,"ty":"sh","ix":1,"ks":{"a":0,"k":{"i":[[0,0],[0,0],[0,0],[0,0],[0,0],[0,0],[0,0],[0,0],[0,0],[0,0],[0,0],[0,0]],"o":[[0,0],[0,0],[0,0],[0,0],[0,0],[0,0],[0,0],[0,0],[0,0],[0,0],[0,0],[0,0]],"v":[[295.728,0],[322.266,0],[322.266,-4.199],[300.513,-4.199],[300.513,-16.406],[320.264,-16.406],[320.264,-20.605],[300.513,-20.605],[300.513,-31.689],[321.924,-31.689],[321.924,-35.889],[295.728,-35.889]],"c":true},"ix":2},"nm":"Е","mn":"ADBE Vector Shape - Group","hd":false},{"ty":"fl","c":{"a":0,"k":[0.596079987171,0.596079987171,0.596079987171,1],"ix":4},"o":{"a":0,"k":100,"ix":5},"r":1,"bm":0,"nm":"填充 1","mn":"ADBE Vector Graphic - Fill","hd":false},{"ty":"tr","p":{"a":0,"k":[0,0],"ix":2},"a":{"a":0,"k":[0,0],"ix":1},"s":{"a":0,"k":[100,100],"ix":3},"r":{"a":0,"k":0,"ix":6},"o":{"a":0,"k":100,"ix":7},"sk":{"a":0,"k":0,"ix":4},"sa":{"a":0,"k":0,"ix":5},"nm":"变换"}],"nm":"Е","np":3,"cix":2,"bm":0,"ix":9,"mn":"ADBE Vector Group","hd":false},{"ty":"gr","it":[{"ind":0,"ty":"sh","ix":1,"ks":{"a":0,"k":{"i":[[0,0],[0,0],[0,0],[0,0],[0.008,-1.815],[0.04,-1.815],[0.073,-1.758],[0.154,-1.579],[0.252,-1.343],[0.391,-0.977],[0.545,-0.545],[0.748,0],[0.269,0.057],[0.179,0.082],[0,0],[-0.317,-0.082],[-0.472,0],[-1.083,0.822],[-0.732,1.473],[-0.423,2.018],[-0.212,2.401],[-0.065,2.686],[0,2.783],[0,0]],"o":[[0,0],[0,0],[0,0],[-0.033,1.693],[-0.008,1.815],[-0.041,1.815],[-0.073,1.758],[-0.155,1.579],[-0.253,1.343],[-0.391,0.977],[-0.546,0.546],[-0.505,0],[-0.269,-0.057],[0,0],[0.374,0.098],[0.317,0.081],[1.546,0],[1.082,-0.822],[0.732,-1.473],[0.423,-2.018],[0.211,-2.401],[0.065,-2.686],[0,0],[0,0]],"v":[[351.172,0],[355.981,0],[355.981,-35.889],[333.667,-35.889],[333.606,-30.627],[333.533,-25.183],[333.362,-19.824],[333.02,-14.819],[332.41,-10.437],[331.445,-6.958],[330.042,-4.675],[328.101,-3.857],[326.941,-3.943],[326.27,-4.15],[326.27,0.293],[327.307,0.562],[328.491,0.684],[332.434,-0.549],[335.156,-3.992],[336.89,-9.229],[337.842,-15.857],[338.257,-23.486],[338.354,-31.689],[351.172,-31.689]],"c":true},"ix":2},"nm":"Л","mn":"ADBE Vector Shape - Group","hd":false},{"ty":"fl","c":{"a":0,"k":[0.596079987171,0.596079987171,0.596079987171,1],"ix":4},"o":{"a":0,"k":100,"ix":5},"r":1,"bm":0,"nm":"填充 1","mn":"ADBE Vector Graphic - Fill","hd":false},{"ty":"tr","p":{"a":0,"k":[0,0],"ix":2},"a":{"a":0,"k":[0,0],"ix":1},"s":{"a":0,"k":[100,100],"ix":3},"r":{"a":0,"k":0,"ix":6},"o":{"a":0,"k":100,"ix":7},"sk":{"a":0,"k":0,"ix":4},"sa":{"a":0,"k":0,"ix":5},"nm":"变换"}],"nm":"Л","np":3,"cix":2,"bm":0,"ix":10,"mn":"ADBE Vector Group","hd":false},{"ty":"gr","it":[{"ind":0,"ty":"sh","ix":1,"ks":{"a":0,"k":{"i":[[0,0],[0,0],[-1.408,0.505],[-0.969,0.92],[-0.505,1.294],[0,1.595],[0.504,1.302],[1.025,0.912],[1.579,0.488],[2.148,0],[0,0],[0,0],[0,0]],"o":[[0,0],[1.807,0],[1.408,-0.504],[0.968,-0.919],[0.504,-1.294],[0,-1.627],[-0.505,-1.302],[-1.025,-0.911],[-1.579,-0.488],[0,0],[0,0],[0,0],[0,0]],"v":[[363.403,0],[378.955,0],[383.777,-0.757],[387.341,-2.893],[389.551,-6.213],[390.308,-10.547],[389.551,-14.941],[387.256,-18.262],[383.35,-20.361],[377.759,-21.094],[368.213,-21.094],[368.213,-35.889],[363.403,-35.889]],"c":true},"ix":2},"nm":"Ь","mn":"ADBE Vector Shape - Group","hd":false},{"ind":1,"ty":"sh","ix":2,"ks":{"a":0,"k":{"i":[[0,0],[0,0],[0,0],[-0.977,-0.211],[-0.684,-0.496],[-0.366,-0.814],[0,-1.188],[0.35,-0.806],[0.618,-0.496],[0.838,-0.211],[0.977,0]],"o":[[0,0],[0,0],[1.237,0],[0.977,0.212],[0.684,0.497],[0.366,0.814],[0,1.205],[-0.35,0.806],[-0.619,0.497],[-0.838,0.212],[0,0]],"v":[[368.213,-4.199],[368.213,-16.895],[377.271,-16.895],[380.591,-16.577],[383.081,-15.515],[384.656,-13.55],[385.205,-10.547],[384.68,-7.532],[383.228,-5.579],[381.042,-4.517],[378.32,-4.199]],"c":true},"ix":2},"nm":"Ь","mn":"ADBE Vector Shape - Group","hd":false},{"ty":"mm","mm":1,"nm":"合并路径 1","mn":"ADBE Vector Filter - Merge","hd":false},{"ty":"fl","c":{"a":0,"k":[0.596079987171,0.596079987171,0.596079987171,1],"ix":4},"o":{"a":0,"k":100,"ix":5},"r":1,"bm":0,"nm":"填充 1","mn":"ADBE Vector Graphic - Fill","hd":false},{"ty":"tr","p":{"a":0,"k":[0,0],"ix":2},"a":{"a":0,"k":[0,0],"ix":1},"s":{"a":0,"k":[100,100],"ix":3},"r":{"a":0,"k":0,"ix":6},"o":{"a":0,"k":100,"ix":7},"sk":{"a":0,"k":0,"ix":4},"sa":{"a":0,"k":0,"ix":5},"nm":"变换"}],"nm":"Ь","np":5,"cix":2,"bm":0,"ix":11,"mn":"ADBE Vector Group","hd":false}],"ip":20,"op":190,"st":20,"bm":0},{"ddd":0,"ind":6,"ty":4,"nm":"“ГЕНДЕРНЫЙ”轮廓","sr":1,"ks":{"o":{"a":1,"k":[{"i":{"x":[0.833],"y":[0.833]},"o":{"x":[0.167],"y":[0.167]},"t":10,"s":[0]},{"i":{"x":[0.833],"y":[0.833]},"o":{"x":[0.167],"y":[0.167]},"t":30,"s":[100]},{"i":{"x":[0.833],"y":[0.833]},"o":{"x":[0.167],"y":[0.167]},"t":180,"s":[100]},{"t":189,"s":[0]}],"ix":11},"r":{"a":0,"k":0,"ix":10},"p":{"a":0,"k":[40,634,0],"ix":2},"a":{"a":0,"k":[0,0,0],"ix":1},"s":{"a":0,"k":[100,100,100],"ix":6}},"ao":0,"hasMask":true,"masksProperties":[{"inv":false,"mode":"a","pt":{"a":1,"k":[{"i":{"x":0.667,"y":1},"o":{"x":0.333,"y":0},"t":10,"s":[{"i":[[0,0],[0,0],[0,0],[0,0]],"o":[[0,0],[0,0],[0,0],[0,0]],"v":[[-48,-101],[-365.648,-101],[-365.648,48.859],[-48,48.859]],"c":true}]},{"i":{"x":0.667,"y":1},"o":{"x":0.333,"y":0},"t":30,"s":[{"i":[[0,0],[0,0],[0,0],[0,0]],"o":[[0,0],[0,0],[0,0],[0,0]],"v":[[520,-101],[-42.648,-101],[-42.648,48.859],[520,48.859]],"c":true}]},{"i":{"x":0.667,"y":1},"o":{"x":0.333,"y":0},"t":180,"s":[{"i":[[0,0],[0,0],[0,0],[0,0]],"o":[[0,0],[0,0],[0,0],[0,0]],"v":[[520,-101],[-42.648,-101],[-42.648,48.859],[520,48.859]],"c":true}]},{"t":189,"s":[{"i":[[0,0],[0,0],[0,0],[0,0]],"o":[[0,0],[0,0],[0,0],[0,0]],"v":[[587,-102],[269.352,-102],[269.352,47.859],[587,47.859]],"c":true}]}],"ix":1},"o":{"a":0,"k":100,"ix":3},"x":{"a":0,"k":0,"ix":4},"nm":"蒙版 1"}],"shapes":[{"ty":"gr","it":[{"ind":0,"ty":"sh","ix":1,"ks":{"a":0,"k":{"i":[[0,0],[0,0],[0,0],[0,0],[0,0],[0,0]],"o":[[0,0],[0,0],[0,0],[0,0],[0,0],[0,0]],"v":[[3.711,0],[8.496,0],[8.496,-31.689],[24.805,-31.689],[24.805,-35.889],[3.711,-35.889]],"c":true},"ix":2},"nm":"Г","mn":"ADBE Vector Shape - Group","hd":false},{"ty":"fl","c":{"a":0,"k":[0.596079987171,0.596079987171,0.596079987171,1],"ix":4},"o":{"a":0,"k":100,"ix":5},"r":1,"bm":0,"nm":"填充 1","mn":"ADBE Vector Graphic - Fill","hd":false},{"ty":"tr","p":{"a":0,"k":[0,0],"ix":2},"a":{"a":0,"k":[0,0],"ix":1},"s":{"a":0,"k":[100,100],"ix":3},"r":{"a":0,"k":0,"ix":6},"o":{"a":0,"k":100,"ix":7},"sk":{"a":0,"k":0,"ix":4},"sa":{"a":0,"k":0,"ix":5},"nm":"变换"}],"nm":"Г","np":3,"cix":2,"bm":0,"ix":1,"mn":"ADBE Vector Group","hd":false},{"ty":"gr","it":[{"ind":0,"ty":"sh","ix":1,"ks":{"a":0,"k":{"i":[[0,0],[0,0],[0,0],[0,0],[0,0],[0,0],[0,0],[0,0],[0,0],[0,0],[0,0],[0,0]],"o":[[0,0],[0,0],[0,0],[0,0],[0,0],[0,0],[0,0],[0,0],[0,0],[0,0],[0,0],[0,0]],"v":[[29.663,0],[56.201,0],[56.201,-4.199],[34.448,-4.199],[34.448,-16.406],[54.199,-16.406],[54.199,-20.605],[34.448,-20.605],[34.448,-31.689],[55.859,-31.689],[55.859,-35.889],[29.663,-35.889]],"c":true},"ix":2},"nm":"Е","mn":"ADBE Vector Shape - Group","hd":false},{"ty":"fl","c":{"a":0,"k":[0.596079987171,0.596079987171,0.596079987171,1],"ix":4},"o":{"a":0,"k":100,"ix":5},"r":1,"bm":0,"nm":"填充 1","mn":"ADBE Vector Graphic - Fill","hd":false},{"ty":"tr","p":{"a":0,"k":[0,0],"ix":2},"a":{"a":0,"k":[0,0],"ix":1},"s":{"a":0,"k":[100,100],"ix":3},"r":{"a":0,"k":0,"ix":6},"o":{"a":0,"k":100,"ix":7},"sk":{"a":0,"k":0,"ix":4},"sa":{"a":0,"k":0,"ix":5},"nm":"变换"}],"nm":"Е","np":3,"cix":2,"bm":0,"ix":2,"mn":"ADBE Vector Group","hd":false},{"ty":"gr","it":[{"ind":0,"ty":"sh","ix":1,"ks":{"a":0,"k":{"i":[[0,0],[0,0],[0,0],[0,0],[0,0],[0,0],[0,0],[0,0],[0,0],[0,0],[0,0],[0,0]],"o":[[0,0],[0,0],[0,0],[0,0],[0,0],[0,0],[0,0],[0,0],[0,0],[0,0],[0,0],[0,0]],"v":[[63.013,0],[67.798,0],[67.798,-16.895],[86.89,-16.895],[86.89,0],[91.699,0],[91.699,-35.889],[86.89,-35.889],[86.89,-21.094],[67.798,-21.094],[67.798,-35.889],[63.013,-35.889]],"c":true},"ix":2},"nm":"Н","mn":"ADBE Vector Shape - Group","hd":false},{"ty":"fl","c":{"a":0,"k":[0.596079987171,0.596079987171,0.596079987171,1],"ix":4},"o":{"a":0,"k":100,"ix":5},"r":1,"bm":0,"nm":"填充 1","mn":"ADBE Vector Graphic - Fill","hd":false},{"ty":"tr","p":{"a":0,"k":[0,0],"ix":2},"a":{"a":0,"k":[0,0],"ix":1},"s":{"a":0,"k":[100,100],"ix":3},"r":{"a":0,"k":0,"ix":6},"o":{"a":0,"k":100,"ix":7},"sk":{"a":0,"k":0,"ix":4},"sa":{"a":0,"k":0,"ix":5},"nm":"变换"}],"nm":"Н","np":3,"cix":2,"bm":0,"ix":3,"mn":"ADBE Vector Group","hd":false},{"ty":"gr","it":[{"ind":0,"ty":"sh","ix":1,"ks":{"a":0,"k":{"i":[[0,0],[0,0],[0,0],[0,0],[0,0],[0,0],[0,0],[0,0],[0,0],[0.024,-1.302],[0.073,-1.611],[0.13,-1.847],[0.228,-1.904],[0.22,-1.318],[0.252,-1.017],[0.293,-0.806],[0.342,-0.781],[0,0],[0,0]],"o":[[0,0],[0,0],[0,0],[0,0],[0,0],[0,0],[0,0],[0,0],[-0.016,0.83],[-0.024,1.302],[-0.073,1.611],[-0.13,1.847],[-0.195,1.807],[-0.22,1.318],[-0.253,1.017],[-0.293,0.806],[0,0],[0,0],[0,0]],"v":[[100.806,7.69],[100.806,0],[125.83,0],[125.83,7.69],[130.322,7.69],[130.322,-4.199],[126.27,-4.199],[126.27,-35.889],[103.711,-35.889],[103.65,-32.69],[103.503,-28.32],[103.198,-23.132],[102.661,-17.505],[102.039,-12.817],[101.331,-9.314],[100.513,-6.58],[99.561,-4.199],[96.313,-4.199],[96.313,7.69]],"c":true},"ix":2},"nm":"Д","mn":"ADBE Vector Shape - Group","hd":false},{"ind":1,"ty":"sh","ix":2,"ks":{"a":0,"k":{"i":[[0,0],[0,0],[0,0],[-0.253,0.838],[-0.204,1.001],[-0.187,1.294],[-0.179,1.855],[-0.187,2.311],[0,2.328]],"o":[[0,0],[0,0],[0.325,-0.911],[0.252,-0.838],[0.203,-1.001],[0.187,-1.294],[0.26,-2.344],[0.187,-2.311],[0,0]],"v":[[121.338,-31.689],[121.338,-4.199],[104.565,-4.199],[105.432,-6.824],[106.116,-9.583],[106.702,-13.025],[107.251,-17.749],[107.922,-24.731],[108.203,-31.689]],"c":true},"ix":2},"nm":"Д","mn":"ADBE Vector Shape - Group","hd":false},{"ty":"mm","mm":1,"nm":"合并路径 1","mn":"ADBE Vector Filter - Merge","hd":false},{"ty":"fl","c":{"a":0,"k":[0.596079987171,0.596079987171,0.596079987171,1],"ix":4},"o":{"a":0,"k":100,"ix":5},"r":1,"bm":0,"nm":"填充 1","mn":"ADBE Vector Graphic - Fill","hd":false},{"ty":"tr","p":{"a":0,"k":[0,0],"ix":2},"a":{"a":0,"k":[0,0],"ix":1},"s":{"a":0,"k":[100,100],"ix":3},"r":{"a":0,"k":0,"ix":6},"o":{"a":0,"k":100,"ix":7},"sk":{"a":0,"k":0,"ix":4},"sa":{"a":0,"k":0,"ix":5},"nm":"变换"}],"nm":"Д","np":5,"cix":2,"bm":0,"ix":4,"mn":"ADBE Vector Group","hd":false},{"ty":"gr","it":[{"ind":0,"ty":"sh","ix":1,"ks":{"a":0,"k":{"i":[[0,0],[0,0],[0,0],[0,0],[0,0],[0,0],[0,0],[0,0],[0,0],[0,0],[0,0],[0,0]],"o":[[0,0],[0,0],[0,0],[0,0],[0,0],[0,0],[0,0],[0,0],[0,0],[0,0],[0,0],[0,0]],"v":[[134.18,0],[160.718,0],[160.718,-4.199],[138.965,-4.199],[138.965,-16.406],[158.716,-16.406],[158.716,-20.605],[138.965,-20.605],[138.965,-31.689],[160.376,-31.689],[160.376,-35.889],[134.18,-35.889]],"c":true},"ix":2},"nm":"Е","mn":"ADBE Vector Shape - Group","hd":false},{"ty":"fl","c":{"a":0,"k":[0.596079987171,0.596079987171,0.596079987171,1],"ix":4},"o":{"a":0,"k":100,"ix":5},"r":1,"bm":0,"nm":"填充 1","mn":"ADBE Vector Graphic - Fill","hd":false},{"ty":"tr","p":{"a":0,"k":[0,0],"ix":2},"a":{"a":0,"k":[0,0],"ix":1},"s":{"a":0,"k":[100,100],"ix":3},"r":{"a":0,"k":0,"ix":6},"o":{"a":0,"k":100,"ix":7},"sk":{"a":0,"k":0,"ix":4},"sa":{"a":0,"k":0,"ix":5},"nm":"变换"}],"nm":"Е","np":3,"cix":2,"bm":0,"ix":5,"mn":"ADBE Vector Group","hd":false},{"ty":"gr","it":[{"ind":0,"ty":"sh","ix":1,"ks":{"a":0,"k":{"i":[[0,0],[0,0],[0,0],[-1.123,-1.074],[0,-2.051],[1.123,-1.074],[2.539,0]],"o":[[0,0],[0,0],[2.539,0],[1.123,1.074],[0,2.051],[-1.123,1.074],[0,0]],"v":[[172.314,-19.092],[172.314,-31.689],[182.129,-31.689],[187.622,-30.078],[189.307,-25.391],[187.622,-20.703],[182.129,-19.092]],"c":true},"ix":2},"nm":"Р","mn":"ADBE Vector Shape - Group","hd":false},{"ind":1,"ty":"sh","ix":2,"ks":{"a":0,"k":{"i":[[0,0],[0,0],[0,0],[0,0],[-1.44,0.505],[-0.944,0.92],[-0.464,1.286],[0,1.579],[0.464,1.286],[0.944,0.92],[1.44,0.505],[1.969,0],[0,0]],"o":[[0,0],[0,0],[0,0],[1.969,0],[1.44,-0.504],[0.944,-0.919],[0.464,-1.286],[0,-1.579],[-0.464,-1.286],[-0.944,-0.919],[-1.44,-0.504],[0,0],[0,0]],"v":[[167.529,0],[172.314,0],[172.314,-14.893],[182.617,-14.893],[187.732,-15.649],[191.309,-17.786],[193.42,-21.094],[194.116,-25.391],[193.42,-29.688],[191.309,-32.996],[187.732,-35.132],[182.617,-35.889],[167.529,-35.889]],"c":true},"ix":2},"nm":"Р","mn":"ADBE Vector Shape - Group","hd":false},{"ty":"mm","mm":1,"nm":"合并路径 1","mn":"ADBE Vector Filter - Merge","hd":false},{"ty":"fl","c":{"a":0,"k":[0.596079987171,0.596079987171,0.596079987171,1],"ix":4},"o":{"a":0,"k":100,"ix":5},"r":1,"bm":0,"nm":"填充 1","mn":"ADBE Vector Graphic - Fill","hd":false},{"ty":"tr","p":{"a":0,"k":[0,0],"ix":2},"a":{"a":0,"k":[0,0],"ix":1},"s":{"a":0,"k":[100,100],"ix":3},"r":{"a":0,"k":0,"ix":6},"o":{"a":0,"k":100,"ix":7},"sk":{"a":0,"k":0,"ix":4},"sa":{"a":0,"k":0,"ix":5},"nm":"变换"}],"nm":"Р","np":5,"cix":2,"bm":0,"ix":6,"mn":"ADBE Vector Group","hd":false},{"ty":"gr","it":[{"ind":0,"ty":"sh","ix":1,"ks":{"a":0,"k":{"i":[[0,0],[0,0],[0,0],[0,0],[0,0],[0,0],[0,0],[0,0],[0,0],[0,0],[0,0],[0,0]],"o":[[0,0],[0,0],[0,0],[0,0],[0,0],[0,0],[0,0],[0,0],[0,0],[0,0],[0,0],[0,0]],"v":[[200.879,0],[205.664,0],[205.664,-16.895],[224.756,-16.895],[224.756,0],[229.565,0],[229.565,-35.889],[224.756,-35.889],[224.756,-21.094],[205.664,-21.094],[205.664,-35.889],[200.879,-35.889]],"c":true},"ix":2},"nm":"Н","mn":"ADBE Vector Shape - Group","hd":false},{"ty":"fl","c":{"a":0,"k":[0.596079987171,0.596079987171,0.596079987171,1],"ix":4},"o":{"a":0,"k":100,"ix":5},"r":1,"bm":0,"nm":"填充 1","mn":"ADBE Vector Graphic - Fill","hd":false},{"ty":"tr","p":{"a":0,"k":[0,0],"ix":2},"a":{"a":0,"k":[0,0],"ix":1},"s":{"a":0,"k":[100,100],"ix":3},"r":{"a":0,"k":0,"ix":6},"o":{"a":0,"k":100,"ix":7},"sk":{"a":0,"k":0,"ix":4},"sa":{"a":0,"k":0,"ix":5},"nm":"变换"}],"nm":"Н","np":3,"cix":2,"bm":0,"ix":7,"mn":"ADBE Vector Group","hd":false},{"ty":"gr","it":[{"ind":0,"ty":"sh","ix":1,"ks":{"a":0,"k":{"i":[[0,0],[0,0],[-1.408,0.505],[-0.969,0.92],[-0.505,1.294],[0,1.595],[0.504,1.302],[1.025,0.912],[1.579,0.488],[2.148,0],[0,0],[0,0],[0,0]],"o":[[0,0],[1.807,0],[1.408,-0.504],[0.968,-0.919],[0.504,-1.294],[0,-1.627],[-0.505,-1.302],[-1.025,-0.911],[-1.579,-0.488],[0,0],[0,0],[0,0],[0,0]],"v":[[236.987,0],[252.539,0],[257.361,-0.757],[260.925,-2.893],[263.135,-6.213],[263.892,-10.547],[263.135,-14.941],[260.84,-18.262],[256.934,-20.361],[251.343,-21.094],[241.797,-21.094],[241.797,-35.889],[236.987,-35.889]],"c":true},"ix":2},"nm":"Ы","mn":"ADBE Vector Shape - Group","hd":false},{"ind":1,"ty":"sh","ix":2,"ks":{"a":0,"k":{"i":[[0,0],[0,0],[0,0],[-0.977,-0.211],[-0.684,-0.496],[-0.366,-0.814],[0,-1.188],[0.35,-0.806],[0.618,-0.496],[0.838,-0.211],[0.977,0]],"o":[[0,0],[0,0],[1.237,0],[0.977,0.212],[0.684,0.497],[0.366,0.814],[0,1.205],[-0.35,0.806],[-0.619,0.497],[-0.838,0.212],[0,0]],"v":[[241.797,-4.199],[241.797,-16.895],[250.854,-16.895],[254.175,-16.577],[256.665,-15.515],[258.24,-13.55],[258.789,-10.547],[258.264,-7.532],[256.812,-5.579],[254.626,-4.517],[251.904,-4.199]],"c":true},"ix":2},"nm":"Ы","mn":"ADBE Vector Shape - Group","hd":false},{"ind":2,"ty":"sh","ix":3,"ks":{"a":0,"k":{"i":[[0,0],[0,0],[0,0],[0,0]],"o":[[0,0],[0,0],[0,0],[0,0]],"v":[[268.75,0],[273.535,0],[273.535,-35.889],[268.75,-35.889]],"c":true},"ix":2},"nm":"Ы","mn":"ADBE Vector Shape - Group","hd":false},{"ty":"mm","mm":1,"nm":"合并路径 1","mn":"ADBE Vector Filter - Merge","hd":false},{"ty":"fl","c":{"a":0,"k":[0.596079987171,0.596079987171,0.596079987171,1],"ix":4},"o":{"a":0,"k":100,"ix":5},"r":1,"bm":0,"nm":"填充 1","mn":"ADBE Vector Graphic - Fill","hd":false},{"ty":"tr","p":{"a":0,"k":[0,0],"ix":2},"a":{"a":0,"k":[0,0],"ix":1},"s":{"a":0,"k":[100,100],"ix":3},"r":{"a":0,"k":0,"ix":6},"o":{"a":0,"k":100,"ix":7},"sk":{"a":0,"k":0,"ix":4},"sa":{"a":0,"k":0,"ix":5},"nm":"变换"}],"nm":"Ы","np":6,"cix":2,"bm":0,"ix":8,"mn":"ADBE Vector Group","hd":false},{"ty":"gr","it":[{"ind":0,"ty":"sh","ix":1,"ks":{"a":0,"k":{"i":[[0,0],[-0.415,-0.838],[-0.79,-0.61],[-1.139,-0.35],[-1.432,0],[-1.131,0.317],[-0.806,0.602],[-0.448,0.846],[0,1.058],[0,0],[0.814,-0.602],[1.318,0],[0.822,0.554],[0.228,1.318]],"o":[[-0.016,0.993],[0.415,0.838],[0.789,0.61],[1.139,0.35],[1.351,0],[1.131,-0.317],[0.806,-0.602],[0.447,-0.846],[0,0],[-0.228,1.221],[-0.814,0.602],[-1.302,0],[-0.822,-0.553],[0,0]],"v":[[286.133,-45.142],[286.731,-42.395],[288.538,-40.222],[291.431,-38.782],[295.288,-38.257],[299.011,-38.733],[301.917,-40.112],[303.796,-42.285],[304.468,-45.142],[300.049,-45.142],[298.486,-42.407],[295.288,-41.504],[292.102,-42.334],[290.527,-45.142]],"c":true},"ix":2},"nm":"Й","mn":"ADBE Vector Shape - Group","hd":false},{"ind":1,"ty":"sh","ix":2,"ks":{"a":0,"k":{"i":[[0,0],[0,0],[0,0],[0,0],[0,0],[0,0],[0,0],[0,0],[0,0],[0,0],[0,0],[0,0]],"o":[[0,0],[0,0],[0,0],[0,0],[0,0],[0,0],[0,0],[0,0],[0,0],[0,0],[0,0],[0,0]],"v":[[280.957,0],[286.499,0],[304.736,-29.199],[304.834,-29.199],[304.834,0],[309.644,0],[309.644,-35.889],[304.102,-35.889],[285.84,-6.86],[285.742,-6.86],[285.742,-35.889],[280.957,-35.889]],"c":true},"ix":2},"nm":"Й","mn":"ADBE Vector Shape - Group","hd":false},{"ty":"mm","mm":1,"nm":"合并路径 1","mn":"ADBE Vector Filter - Merge","hd":false},{"ty":"fl","c":{"a":0,"k":[0.596079987171,0.596079987171,0.596079987171,1],"ix":4},"o":{"a":0,"k":100,"ix":5},"r":1,"bm":0,"nm":"填充 1","mn":"ADBE Vector Graphic - Fill","hd":false},{"ty":"tr","p":{"a":0,"k":[0,0],"ix":2},"a":{"a":0,"k":[0,0],"ix":1},"s":{"a":0,"k":[100,100],"ix":3},"r":{"a":0,"k":0,"ix":6},"o":{"a":0,"k":100,"ix":7},"sk":{"a":0,"k":0,"ix":4},"sa":{"a":0,"k":0,"ix":5},"nm":"变换"}],"nm":"Й","np":5,"cix":2,"bm":0,"ix":9,"mn":"ADBE Vector Group","hd":false}],"ip":10,"op":190,"st":10,"bm":0},{"ddd":0,"ind":8,"ty":4,"nm":"“УДИВИТЕЛЬНЫЙ”轮廓","sr":1,"ks":{"o":{"a":1,"k":[{"i":{"x":[0.833],"y":[0.833]},"o":{"x":[0.167],"y":[0.167]},"t":0,"s":[0]},{"i":{"x":[0.833],"y":[0.833]},"o":{"x":[0.167],"y":[0.167]},"t":20,"s":[100]},{"i":{"x":[0.833],"y":[0.833]},"o":{"x":[0.167],"y":[0.167]},"t":180,"s":[100]},{"t":189,"s":[0]}],"ix":11},"r":{"a":0,"k":0,"ix":10},"p":{"a":0,"k":[40,552,0],"ix":2},"a":{"a":0,"k":[0,0,0],"ix":1},"s":{"a":0,"k":[100,100,100],"ix":6}},"ao":0,"hasMask":true,"masksProperties":[{"inv":false,"mode":"a","pt":{"a":1,"k":[{"i":{"x":0.667,"y":1},"o":{"x":0.333,"y":0},"t":0,"s":[{"i":[[0,0],[0,0],[0,0],[0,0]],"o":[[0,0],[0,0],[0,0],[0,0]],"v":[[-46,-113],[-450.445,-113],[-450.445,58.684],[-46,58.684]],"c":true}]},{"i":{"x":0.667,"y":1},"o":{"x":0.333,"y":0},"t":20,"s":[{"i":[[0,0],[0,0],[0,0],[0,0]],"o":[[0,0],[0,0],[0,0],[0,0]],"v":[[676,-113],[-53.445,-113],[-53.445,58.684],[676,58.684]],"c":true}]},{"i":{"x":0.667,"y":1},"o":{"x":0.333,"y":0},"t":180,"s":[{"i":[[0,0],[0,0],[0,0],[0,0]],"o":[[0,0],[0,0],[0,0],[0,0]],"v":[[538,-113],[-53.445,-113],[-53.445,58.684],[538,58.684]],"c":true}]},{"t":189,"s":[{"i":[[0,0],[0,0],[0,0],[0,0]],"o":[[0,0],[0,0],[0,0],[0,0]],"v":[[741,-114],[336.555,-114],[336.555,57.684],[741,57.684]],"c":true}]}],"ix":1},"o":{"a":0,"k":100,"ix":3},"x":{"a":0,"k":0,"ix":4},"nm":"蒙版 1"}],"shapes":[{"ty":"gr","it":[{"ind":0,"ty":"sh","ix":1,"ks":{"a":0,"k":{"i":[[0,0],[-0.7,-0.195],[-0.732,0],[-1.001,0.366],[-0.79,0.798],[-0.676,1.262],[-0.781,1.791],[0,0],[0,0],[0,0],[0,0],[0,0],[0,0],[0.244,-0.431],[0.382,-0.333],[0.529,-0.203],[0.732,0],[0.366,0.073],[0.342,0.122],[0.293,0.155],[0.179,0.146]],"o":[[0.374,0.309],[0.7,0.195],[1.416,0],[1.001,-0.366],[0.789,-0.797],[0.675,-1.261],[0,0],[0,0],[0,0],[0,0],[0,0],[0,0],[-0.146,0.472],[-0.244,0.431],[-0.383,0.334],[-0.529,0.204],[-0.342,0],[-0.366,-0.073],[-0.342,-0.122],[-0.293,-0.154],[0,0]],"v":[[7.275,-0.146],[8.887,0.61],[11.035,0.903],[14.661,0.354],[17.346,-1.392],[19.543,-4.48],[21.729,-9.058],[33.008,-35.889],[27.588,-35.889],[18.604,-12.109],[6.738,-35.889],[1.147,-35.889],[15.869,-7.153],[15.283,-5.798],[14.343,-4.651],[12.976,-3.845],[11.084,-3.54],[10.022,-3.65],[8.96,-3.943],[8.008,-4.358],[7.3,-4.81]],"c":true},"ix":2},"nm":"У","mn":"ADBE Vector Shape - Group","hd":false},{"ty":"fl","c":{"a":0,"k":[0.596079987171,0.596079987171,0.596079987171,1],"ix":4},"o":{"a":0,"k":100,"ix":5},"r":1,"bm":0,"nm":"填充 1","mn":"ADBE Vector Graphic - Fill","hd":false},{"ty":"tr","p":{"a":0,"k":[0,0],"ix":2},"a":{"a":0,"k":[0,0],"ix":1},"s":{"a":0,"k":[100,100],"ix":3},"r":{"a":0,"k":0,"ix":6},"o":{"a":0,"k":100,"ix":7},"sk":{"a":0,"k":0,"ix":4},"sa":{"a":0,"k":0,"ix":5},"nm":"变换"}],"nm":"У","np":3,"cix":2,"bm":0,"ix":1,"mn":"ADBE Vector Group","hd":false},{"ty":"gr","it":[{"ind":0,"ty":"sh","ix":1,"ks":{"a":0,"k":{"i":[[0,0],[0,0],[0,0],[0,0],[0,0],[0,0],[0,0],[0,0],[0,0],[0.024,-1.302],[0.073,-1.611],[0.13,-1.847],[0.228,-1.904],[0.22,-1.318],[0.252,-1.017],[0.293,-0.806],[0.342,-0.781],[0,0],[0,0]],"o":[[0,0],[0,0],[0,0],[0,0],[0,0],[0,0],[0,0],[0,0],[-0.016,0.83],[-0.024,1.302],[-0.073,1.611],[-0.13,1.847],[-0.195,1.807],[-0.22,1.318],[-0.253,1.017],[-0.293,0.806],[0,0],[0,0],[0,0]],"v":[[38.745,7.69],[38.745,0],[63.77,0],[63.77,7.69],[68.262,7.69],[68.262,-4.199],[64.209,-4.199],[64.209,-35.889],[41.65,-35.889],[41.589,-32.69],[41.443,-28.32],[41.138,-23.132],[40.601,-17.505],[39.978,-12.817],[39.27,-9.314],[38.452,-6.58],[37.5,-4.199],[34.253,-4.199],[34.253,7.69]],"c":true},"ix":2},"nm":"Д","mn":"ADBE Vector Shape - Group","hd":false},{"ind":1,"ty":"sh","ix":2,"ks":{"a":0,"k":{"i":[[0,0],[0,0],[0,0],[-0.253,0.838],[-0.204,1.001],[-0.187,1.294],[-0.179,1.855],[-0.187,2.311],[0,2.328]],"o":[[0,0],[0,0],[0.325,-0.911],[0.252,-0.838],[0.203,-1.001],[0.187,-1.294],[0.26,-2.344],[0.187,-2.311],[0,0]],"v":[[59.277,-31.689],[59.277,-4.199],[42.505,-4.199],[43.372,-6.824],[44.055,-9.583],[44.641,-13.025],[45.19,-17.749],[45.862,-24.731],[46.143,-31.689]],"c":true},"ix":2},"nm":"Д","mn":"ADBE Vector Shape - Group","hd":false},{"ty":"mm","mm":1,"nm":"合并路径 1","mn":"ADBE Vector Filter - Merge","hd":false},{"ty":"fl","c":{"a":0,"k":[0.596079987171,0.596079987171,0.596079987171,1],"ix":4},"o":{"a":0,"k":100,"ix":5},"r":1,"bm":0,"nm":"填充 1","mn":"ADBE Vector Graphic - Fill","hd":false},{"ty":"tr","p":{"a":0,"k":[0,0],"ix":2},"a":{"a":0,"k":[0,0],"ix":1},"s":{"a":0,"k":[100,100],"ix":3},"r":{"a":0,"k":0,"ix":6},"o":{"a":0,"k":100,"ix":7},"sk":{"a":0,"k":0,"ix":4},"sa":{"a":0,"k":0,"ix":5},"nm":"变换"}],"nm":"Д","np":5,"cix":2,"bm":0,"ix":2,"mn":"ADBE Vector Group","hd":false},{"ty":"gr","it":[{"ind":0,"ty":"sh","ix":1,"ks":{"a":0,"k":{"i":[[0,0],[0,0],[0,0],[0,0],[0,0],[0,0],[0,0],[0,0],[0,0],[0,0],[0,0],[0,0]],"o":[[0,0],[0,0],[0,0],[0,0],[0,0],[0,0],[0,0],[0,0],[0,0],[0,0],[0,0],[0,0]],"v":[[72.119,0],[77.661,0],[95.898,-29.199],[95.996,-29.199],[95.996,0],[100.806,0],[100.806,-35.889],[95.264,-35.889],[77.002,-6.86],[76.904,-6.86],[76.904,-35.889],[72.119,-35.889]],"c":true},"ix":2},"nm":"И","mn":"ADBE Vector Shape - Group","hd":false},{"ty":"fl","c":{"a":0,"k":[0.596079987171,0.596079987171,0.596079987171,1],"ix":4},"o":{"a":0,"k":100,"ix":5},"r":1,"bm":0,"nm":"填充 1","mn":"ADBE Vector Graphic - Fill","hd":false},{"ty":"tr","p":{"a":0,"k":[0,0],"ix":2},"a":{"a":0,"k":[0,0],"ix":1},"s":{"a":0,"k":[100,100],"ix":3},"r":{"a":0,"k":0,"ix":6},"o":{"a":0,"k":100,"ix":7},"sk":{"a":0,"k":0,"ix":4},"sa":{"a":0,"k":0,"ix":5},"nm":"变换"}],"nm":"И","np":3,"cix":2,"bm":0,"ix":3,"mn":"ADBE Vector Group","hd":false},{"ty":"gr","it":[{"ind":0,"ty":"sh","ix":1,"ks":{"a":0,"k":{"i":[[0,0],[0,0],[-1.213,0.301],[-0.928,0.521],[-0.651,0.7],[-0.415,0.781],[-0.187,0.838],[0,0.781],[0.407,0.985],[0.626,0.692],[0.765,0.439],[0.732,0.244],[-0.61,0.594],[-0.375,0.692],[-0.163,0.716],[0,0.619],[0.333,0.936],[0.586,0.708],[0.773,0.464],[0.879,0.244],[1.058,0.073],[1.416,0],[0,0]],"o":[[0,0],[1.546,0],[1.212,-0.301],[0.928,-0.521],[0.651,-0.7],[0.415,-0.781],[0.187,-0.838],[0,-1.367],[-0.407,-0.985],[-0.627,-0.692],[-0.765,-0.439],[0.895,-0.374],[0.61,-0.594],[0.374,-0.692],[0.163,-0.716],[0,-1.172],[-0.334,-0.936],[-0.586,-0.708],[-0.773,-0.464],[-0.928,-0.244],[-1.058,-0.073],[0,0],[0,0]],"v":[[108.228,0],[123.364,0],[127.502,-0.452],[130.713,-1.685],[133.081,-3.516],[134.68,-5.737],[135.583,-8.167],[135.864,-10.596],[135.254,-14.124],[133.704,-16.638],[131.616,-18.335],[129.37,-19.36],[131.628,-20.813],[133.105,-22.742],[133.911,-24.854],[134.155,-26.855],[133.655,-30.017],[132.275,-32.483],[130.237,-34.241],[127.759,-35.303],[124.78,-35.779],[121.069,-35.889],[108.228,-35.889]],"c":true},"ix":2},"nm":"В","mn":"ADBE Vector Shape - Group","hd":false},{"ind":1,"ty":"sh","ix":2,"ks":{"a":0,"k":{"i":[[0,0],[0,0],[0,0],[-1.066,-0.301],[-0.659,-0.545],[-0.293,-0.765],[0,-0.944],[0.293,-0.765],[0.659,-0.545],[1.066,-0.301],[1.562,0]],"o":[[0,0],[0,0],[1.562,0],[1.066,0.301],[0.659,0.546],[0.293,0.765],[0,0.944],[-0.293,0.765],[-0.659,0.546],[-1.066,0.301],[0,0]],"v":[[113.013,-4.199],[113.013,-16.699],[122.656,-16.699],[126.599,-16.248],[129.187,-14.978],[130.615,-13.013],[131.055,-10.449],[130.615,-7.886],[129.187,-5.92],[126.599,-4.651],[122.656,-4.199]],"c":true},"ix":2},"nm":"В","mn":"ADBE Vector Shape - Group","hd":false},{"ind":2,"ty":"sh","ix":3,"ks":{"a":0,"k":{"i":[[0,0],[0,0],[0,0],[-0.944,-0.244],[-0.586,-0.455],[-0.253,-0.659],[0,-0.846],[0.179,-0.7],[0.529,-0.513],[0.968,-0.301],[1.579,0]],"o":[[0,0],[0,0],[1.367,0],[0.944,0.244],[0.586,0.456],[0.252,0.659],[0,0.798],[-0.179,0.7],[-0.529,0.513],[-0.969,0.301],[0,0]],"v":[[113.013,-20.605],[113.013,-31.689],[121.973,-31.689],[125.439,-31.323],[127.734,-30.273],[128.992,-28.601],[129.37,-26.343],[129.102,-24.097],[128.04,-22.278],[125.793,-21.057],[121.973,-20.605]],"c":true},"ix":2},"nm":"В","mn":"ADBE Vector Shape - Group","hd":false},{"ty":"mm","mm":1,"nm":"合并路径 1","mn":"ADBE Vector Filter - Merge","hd":false},{"ty":"fl","c":{"a":0,"k":[0.596079987171,0.596079987171,0.596079987171,1],"ix":4},"o":{"a":0,"k":100,"ix":5},"r":1,"bm":0,"nm":"填充 1","mn":"ADBE Vector Graphic - Fill","hd":false},{"ty":"tr","p":{"a":0,"k":[0,0],"ix":2},"a":{"a":0,"k":[0,0],"ix":1},"s":{"a":0,"k":[100,100],"ix":3},"r":{"a":0,"k":0,"ix":6},"o":{"a":0,"k":100,"ix":7},"sk":{"a":0,"k":0,"ix":4},"sa":{"a":0,"k":0,"ix":5},"nm":"变换"}],"nm":"В","np":6,"cix":2,"bm":0,"ix":4,"mn":"ADBE Vector Group","hd":false},{"ty":"gr","it":[{"ind":0,"ty":"sh","ix":1,"ks":{"a":0,"k":{"i":[[0,0],[0,0],[0,0],[0,0],[0,0],[0,0],[0,0],[0,0],[0,0],[0,0],[0,0],[0,0]],"o":[[0,0],[0,0],[0,0],[0,0],[0,0],[0,0],[0,0],[0,0],[0,0],[0,0],[0,0],[0,0]],"v":[[141.577,0],[147.119,0],[165.356,-29.199],[165.454,-29.199],[165.454,0],[170.264,0],[170.264,-35.889],[164.722,-35.889],[146.46,-6.86],[146.362,-6.86],[146.362,-35.889],[141.577,-35.889]],"c":true},"ix":2},"nm":"И","mn":"ADBE Vector Shape - Group","hd":false},{"ty":"fl","c":{"a":0,"k":[0.596079987171,0.596079987171,0.596079987171,1],"ix":4},"o":{"a":0,"k":100,"ix":5},"r":1,"bm":0,"nm":"填充 1","mn":"ADBE Vector Graphic - Fill","hd":false},{"ty":"tr","p":{"a":0,"k":[0,0],"ix":2},"a":{"a":0,"k":[0,0],"ix":1},"s":{"a":0,"k":[100,100],"ix":3},"r":{"a":0,"k":0,"ix":6},"o":{"a":0,"k":100,"ix":7},"sk":{"a":0,"k":0,"ix":4},"sa":{"a":0,"k":0,"ix":5},"nm":"变换"}],"nm":"И","np":3,"cix":2,"bm":0,"ix":5,"mn":"ADBE Vector Group","hd":false},{"ty":"gr","it":[{"ind":0,"ty":"sh","ix":1,"ks":{"a":0,"k":{"i":[[0,0],[0,0],[0,0],[0,0],[0,0],[0,0],[0,0],[0,0]],"o":[[0,0],[0,0],[0,0],[0,0],[0,0],[0,0],[0,0],[0,0]],"v":[[174.683,-31.689],[186.865,-31.689],[186.865,0],[191.675,0],[191.675,-31.689],[203.882,-31.689],[203.882,-35.889],[174.683,-35.889]],"c":true},"ix":2},"nm":"Т","mn":"ADBE Vector Shape - Group","hd":false},{"ty":"fl","c":{"a":0,"k":[0.596079987171,0.596079987171,0.596079987171,1],"ix":4},"o":{"a":0,"k":100,"ix":5},"r":1,"bm":0,"nm":"填充 1","mn":"ADBE Vector Graphic - Fill","hd":false},{"ty":"tr","p":{"a":0,"k":[0,0],"ix":2},"a":{"a":0,"k":[0,0],"ix":1},"s":{"a":0,"k":[100,100],"ix":3},"r":{"a":0,"k":0,"ix":6},"o":{"a":0,"k":100,"ix":7},"sk":{"a":0,"k":0,"ix":4},"sa":{"a":0,"k":0,"ix":5},"nm":"变换"}],"nm":"Т","np":3,"cix":2,"bm":0,"ix":6,"mn":"ADBE Vector Group","hd":false},{"ty":"gr","it":[{"ind":0,"ty":"sh","ix":1,"ks":{"a":0,"k":{"i":[[0,0],[0,0],[0,0],[0,0],[0,0],[0,0],[0,0],[0,0],[0,0],[0,0],[0,0],[0,0]],"o":[[0,0],[0,0],[0,0],[0,0],[0,0],[0,0],[0,0],[0,0],[0,0],[0,0],[0,0],[0,0]],"v":[[208.228,0],[234.766,0],[234.766,-4.199],[213.013,-4.199],[213.013,-16.406],[232.764,-16.406],[232.764,-20.605],[213.013,-20.605],[213.013,-31.689],[234.424,-31.689],[234.424,-35.889],[208.228,-35.889]],"c":true},"ix":2},"nm":"Е","mn":"ADBE Vector Shape - Group","hd":false},{"ty":"fl","c":{"a":0,"k":[0.596079987171,0.596079987171,0.596079987171,1],"ix":4},"o":{"a":0,"k":100,"ix":5},"r":1,"bm":0,"nm":"填充 1","mn":"ADBE Vector Graphic - Fill","hd":false},{"ty":"tr","p":{"a":0,"k":[0,0],"ix":2},"a":{"a":0,"k":[0,0],"ix":1},"s":{"a":0,"k":[100,100],"ix":3},"r":{"a":0,"k":0,"ix":6},"o":{"a":0,"k":100,"ix":7},"sk":{"a":0,"k":0,"ix":4},"sa":{"a":0,"k":0,"ix":5},"nm":"变换"}],"nm":"Е","np":3,"cix":2,"bm":0,"ix":7,"mn":"ADBE Vector Group","hd":false},{"ty":"gr","it":[{"ind":0,"ty":"sh","ix":1,"ks":{"a":0,"k":{"i":[[0,0],[0,0],[0,0],[0,0],[0.008,-1.815],[0.04,-1.815],[0.073,-1.758],[0.154,-1.579],[0.252,-1.343],[0.391,-0.977],[0.545,-0.545],[0.748,0],[0.269,0.057],[0.179,0.082],[0,0],[-0.317,-0.082],[-0.472,0],[-1.083,0.822],[-0.732,1.473],[-0.423,2.018],[-0.212,2.401],[-0.065,2.686],[0,2.783],[0,0]],"o":[[0,0],[0,0],[0,0],[-0.033,1.693],[-0.008,1.815],[-0.041,1.815],[-0.073,1.758],[-0.155,1.579],[-0.253,1.343],[-0.391,0.977],[-0.546,0.546],[-0.505,0],[-0.269,-0.057],[0,0],[0.374,0.098],[0.317,0.081],[1.546,0],[1.082,-0.822],[0.732,-1.473],[0.423,-2.018],[0.211,-2.401],[0.065,-2.686],[0,0],[0,0]],"v":[[263.672,0],[268.481,0],[268.481,-35.889],[246.167,-35.889],[246.106,-30.627],[246.033,-25.183],[245.862,-19.824],[245.52,-14.819],[244.91,-10.437],[243.945,-6.958],[242.542,-4.675],[240.601,-3.857],[239.441,-3.943],[238.77,-4.15],[238.77,0.293],[239.807,0.562],[240.991,0.684],[244.934,-0.549],[247.656,-3.992],[249.39,-9.229],[250.342,-15.857],[250.757,-23.486],[250.854,-31.689],[263.672,-31.689]],"c":true},"ix":2},"nm":"Л","mn":"ADBE Vector Shape - Group","hd":false},{"ty":"fl","c":{"a":0,"k":[0.596079987171,0.596079987171,0.596079987171,1],"ix":4},"o":{"a":0,"k":100,"ix":5},"r":1,"bm":0,"nm":"填充 1","mn":"ADBE Vector Graphic - Fill","hd":false},{"ty":"tr","p":{"a":0,"k":[0,0],"ix":2},"a":{"a":0,"k":[0,0],"ix":1},"s":{"a":0,"k":[100,100],"ix":3},"r":{"a":0,"k":0,"ix":6},"o":{"a":0,"k":100,"ix":7},"sk":{"a":0,"k":0,"ix":4},"sa":{"a":0,"k":0,"ix":5},"nm":"变换"}],"nm":"Л","np":3,"cix":2,"bm":0,"ix":8,"mn":"ADBE Vector Group","hd":false},{"ty":"gr","it":[{"ind":0,"ty":"sh","ix":1,"ks":{"a":0,"k":{"i":[[0,0],[0,0],[-1.408,0.505],[-0.969,0.92],[-0.505,1.294],[0,1.595],[0.504,1.302],[1.025,0.912],[1.579,0.488],[2.148,0],[0,0],[0,0],[0,0]],"o":[[0,0],[1.807,0],[1.408,-0.504],[0.968,-0.919],[0.504,-1.294],[0,-1.627],[-0.505,-1.302],[-1.025,-0.911],[-1.579,-0.488],[0,0],[0,0],[0,0],[0,0]],"v":[[275.903,0],[291.455,0],[296.277,-0.757],[299.841,-2.893],[302.051,-6.213],[302.808,-10.547],[302.051,-14.941],[299.756,-18.262],[295.85,-20.361],[290.259,-21.094],[280.713,-21.094],[280.713,-35.889],[275.903,-35.889]],"c":true},"ix":2},"nm":"Ь","mn":"ADBE Vector Shape - Group","hd":false},{"ind":1,"ty":"sh","ix":2,"ks":{"a":0,"k":{"i":[[0,0],[0,0],[0,0],[-0.977,-0.211],[-0.684,-0.496],[-0.366,-0.814],[0,-1.188],[0.35,-0.806],[0.618,-0.496],[0.838,-0.211],[0.977,0]],"o":[[0,0],[0,0],[1.237,0],[0.977,0.212],[0.684,0.497],[0.366,0.814],[0,1.205],[-0.35,0.806],[-0.619,0.497],[-0.838,0.212],[0,0]],"v":[[280.713,-4.199],[280.713,-16.895],[289.771,-16.895],[293.091,-16.577],[295.581,-15.515],[297.156,-13.55],[297.705,-10.547],[297.18,-7.532],[295.728,-5.579],[293.542,-4.517],[290.82,-4.199]],"c":true},"ix":2},"nm":"Ь","mn":"ADBE Vector Shape - Group","hd":false},{"ty":"mm","mm":1,"nm":"合并路径 1","mn":"ADBE Vector Filter - Merge","hd":false},{"ty":"fl","c":{"a":0,"k":[0.596079987171,0.596079987171,0.596079987171,1],"ix":4},"o":{"a":0,"k":100,"ix":5},"r":1,"bm":0,"nm":"填充 1","mn":"ADBE Vector Graphic - Fill","hd":false},{"ty":"tr","p":{"a":0,"k":[0,0],"ix":2},"a":{"a":0,"k":[0,0],"ix":1},"s":{"a":0,"k":[100,100],"ix":3},"r":{"a":0,"k":0,"ix":6},"o":{"a":0,"k":100,"ix":7},"sk":{"a":0,"k":0,"ix":4},"sa":{"a":0,"k":0,"ix":5},"nm":"变换"}],"nm":"Ь","np":5,"cix":2,"bm":0,"ix":9,"mn":"ADBE Vector Group","hd":false},{"ty":"gr","it":[{"ind":0,"ty":"sh","ix":1,"ks":{"a":0,"k":{"i":[[0,0],[0,0],[0,0],[0,0],[0,0],[0,0],[0,0],[0,0],[0,0],[0,0],[0,0],[0,0]],"o":[[0,0],[0,0],[0,0],[0,0],[0,0],[0,0],[0,0],[0,0],[0,0],[0,0],[0,0],[0,0]],"v":[[308.472,0],[313.257,0],[313.257,-16.895],[332.349,-16.895],[332.349,0],[337.158,0],[337.158,-35.889],[332.349,-35.889],[332.349,-21.094],[313.257,-21.094],[313.257,-35.889],[308.472,-35.889]],"c":true},"ix":2},"nm":"Н","mn":"ADBE Vector Shape - Group","hd":false},{"ty":"fl","c":{"a":0,"k":[0.596079987171,0.596079987171,0.596079987171,1],"ix":4},"o":{"a":0,"k":100,"ix":5},"r":1,"bm":0,"nm":"填充 1","mn":"ADBE Vector Graphic - Fill","hd":false},{"ty":"tr","p":{"a":0,"k":[0,0],"ix":2},"a":{"a":0,"k":[0,0],"ix":1},"s":{"a":0,"k":[100,100],"ix":3},"r":{"a":0,"k":0,"ix":6},"o":{"a":0,"k":100,"ix":7},"sk":{"a":0,"k":0,"ix":4},"sa":{"a":0,"k":0,"ix":5},"nm":"变换"}],"nm":"Н","np":3,"cix":2,"bm":0,"ix":10,"mn":"ADBE Vector Group","hd":false},{"ty":"gr","it":[{"ind":0,"ty":"sh","ix":1,"ks":{"a":0,"k":{"i":[[0,0],[0,0],[-1.408,0.505],[-0.969,0.92],[-0.505,1.294],[0,1.595],[0.504,1.302],[1.025,0.912],[1.579,0.488],[2.148,0],[0,0],[0,0],[0,0]],"o":[[0,0],[1.807,0],[1.408,-0.504],[0.968,-0.919],[0.504,-1.294],[0,-1.627],[-0.505,-1.302],[-1.025,-0.911],[-1.579,-0.488],[0,0],[0,0],[0,0],[0,0]],"v":[[344.58,0],[360.132,0],[364.954,-0.757],[368.518,-2.893],[370.728,-6.213],[371.484,-10.547],[370.728,-14.941],[368.433,-18.262],[364.526,-20.361],[358.936,-21.094],[349.39,-21.094],[349.39,-35.889],[344.58,-35.889]],"c":true},"ix":2},"nm":"Ы","mn":"ADBE Vector Shape - Group","hd":false},{"ind":1,"ty":"sh","ix":2,"ks":{"a":0,"k":{"i":[[0,0],[0,0],[0,0],[-0.977,-0.211],[-0.684,-0.496],[-0.366,-0.814],[0,-1.188],[0.35,-0.806],[0.618,-0.496],[0.838,-0.211],[0.977,0]],"o":[[0,0],[0,0],[1.237,0],[0.977,0.212],[0.684,0.497],[0.366,0.814],[0,1.205],[-0.35,0.806],[-0.619,0.497],[-0.838,0.212],[0,0]],"v":[[349.39,-4.199],[349.39,-16.895],[358.447,-16.895],[361.768,-16.577],[364.258,-15.515],[365.833,-13.55],[366.382,-10.547],[365.857,-7.532],[364.404,-5.579],[362.219,-4.517],[359.497,-4.199]],"c":true},"ix":2},"nm":"Ы","mn":"ADBE Vector Shape - Group","hd":false},{"ind":2,"ty":"sh","ix":3,"ks":{"a":0,"k":{"i":[[0,0],[0,0],[0,0],[0,0]],"o":[[0,0],[0,0],[0,0],[0,0]],"v":[[376.343,0],[381.128,0],[381.128,-35.889],[376.343,-35.889]],"c":true},"ix":2},"nm":"Ы","mn":"ADBE Vector Shape - Group","hd":false},{"ty":"mm","mm":1,"nm":"合并路径 1","mn":"ADBE Vector Filter - Merge","hd":false},{"ty":"fl","c":{"a":0,"k":[0.596079987171,0.596079987171,0.596079987171,1],"ix":4},"o":{"a":0,"k":100,"ix":5},"r":1,"bm":0,"nm":"填充 1","mn":"ADBE Vector Graphic - Fill","hd":false},{"ty":"tr","p":{"a":0,"k":[0,0],"ix":2},"a":{"a":0,"k":[0,0],"ix":1},"s":{"a":0,"k":[100,100],"ix":3},"r":{"a":0,"k":0,"ix":6},"o":{"a":0,"k":100,"ix":7},"sk":{"a":0,"k":0,"ix":4},"sa":{"a":0,"k":0,"ix":5},"nm":"变换"}],"nm":"Ы","np":6,"cix":2,"bm":0,"ix":11,"mn":"ADBE Vector Group","hd":false},{"ty":"gr","it":[{"ind":0,"ty":"sh","ix":1,"ks":{"a":0,"k":{"i":[[0,0],[-0.415,-0.838],[-0.79,-0.61],[-1.139,-0.35],[-1.432,0],[-1.131,0.317],[-0.806,0.602],[-0.448,0.846],[0,1.058],[0,0],[0.814,-0.602],[1.318,0],[0.822,0.554],[0.228,1.318]],"o":[[-0.016,0.993],[0.415,0.838],[0.789,0.61],[1.139,0.35],[1.351,0],[1.131,-0.317],[0.806,-0.602],[0.447,-0.846],[0,0],[-0.228,1.221],[-0.814,0.602],[-1.302,0],[-0.822,-0.553],[0,0]],"v":[[393.726,-45.142],[394.324,-42.395],[396.13,-40.222],[399.023,-38.782],[402.881,-38.257],[406.604,-38.733],[409.509,-40.112],[411.389,-42.285],[412.061,-45.142],[407.642,-45.142],[406.079,-42.407],[402.881,-41.504],[399.695,-42.334],[398.12,-45.142]],"c":true},"ix":2},"nm":"Й","mn":"ADBE Vector Shape - Group","hd":false},{"ind":1,"ty":"sh","ix":2,"ks":{"a":0,"k":{"i":[[0,0],[0,0],[0,0],[0,0],[0,0],[0,0],[0,0],[0,0],[0,0],[0,0],[0,0],[0,0]],"o":[[0,0],[0,0],[0,0],[0,0],[0,0],[0,0],[0,0],[0,0],[0,0],[0,0],[0,0],[0,0]],"v":[[388.55,0],[394.092,0],[412.329,-29.199],[412.427,-29.199],[412.427,0],[417.236,0],[417.236,-35.889],[411.694,-35.889],[393.433,-6.86],[393.335,-6.86],[393.335,-35.889],[388.55,-35.889]],"c":true},"ix":2},"nm":"Й","mn":"ADBE Vector Shape - Group","hd":false},{"ty":"mm","mm":1,"nm":"合并路径 1","mn":"ADBE Vector Filter - Merge","hd":false},{"ty":"fl","c":{"a":0,"k":[0.596079987171,0.596079987171,0.596079987171,1],"ix":4},"o":{"a":0,"k":100,"ix":5},"r":1,"bm":0,"nm":"填充 1","mn":"ADBE Vector Graphic - Fill","hd":false},{"ty":"tr","p":{"a":0,"k":[0,0],"ix":2},"a":{"a":0,"k":[0,0],"ix":1},"s":{"a":0,"k":[100,100],"ix":3},"r":{"a":0,"k":0,"ix":6},"o":{"a":0,"k":100,"ix":7},"sk":{"a":0,"k":0,"ix":4},"sa":{"a":0,"k":0,"ix":5},"nm":"变换"}],"nm":"Й","np":5,"cix":2,"bm":0,"ix":12,"mn":"ADBE Vector Group","hd":false}],"ip":0,"op":190,"st":0,"bm":0}],"markers":[]}