{"v":"5.6.8","fr":30,"ip":0,"op":189,"w":1125,"h":1050,"nm":"订阅视频-变老-多语言","ddd":0,"assets":[],"layers":[{"ddd":0,"ind":31,"ty":4,"nm":"“WAS WÜRDE ICH”轮廓","sr":1,"ks":{"o":{"a":1,"k":[{"i":{"x":[0.833],"y":[0.833]},"o":{"x":[0.167],"y":[0.167]},"t":0,"s":[0]},{"i":{"x":[0.833],"y":[0.833]},"o":{"x":[0.167],"y":[0.167]},"t":20,"s":[100]},{"i":{"x":[0.833],"y":[0.833]},"o":{"x":[0.167],"y":[0.167]},"t":180,"s":[100]},{"t":189,"s":[0]}],"ix":11},"r":{"a":0,"k":0,"ix":10},"p":{"a":0,"k":[32,536,0],"ix":2},"a":{"a":0,"k":[0,0,0],"ix":1},"s":{"a":0,"k":[100,100,100],"ix":6}},"ao":0,"hasMask":true,"masksProperties":[{"inv":false,"mode":"a","pt":{"a":1,"k":[{"i":{"x":0.667,"y":1},"o":{"x":0.333,"y":0},"t":0,"s":[{"i":[[0,0],[0,0],[0,0],[0,0]],"o":[[0,0],[0,0],[0,0],[0,0]],"v":[[-46,-113],[-450.445,-113],[-450.445,58.684],[-46,58.684]],"c":true}]},{"i":{"x":0.667,"y":1},"o":{"x":0.333,"y":0},"t":20,"s":[{"i":[[0,0],[0,0],[0,0],[0,0]],"o":[[0,0],[0,0],[0,0],[0,0]],"v":[[538,-113],[-53.445,-113],[-53.445,58.684],[538,58.684]],"c":true}]},{"i":{"x":0.667,"y":1},"o":{"x":0.333,"y":0},"t":180,"s":[{"i":[[0,0],[0,0],[0,0],[0,0]],"o":[[0,0],[0,0],[0,0],[0,0]],"v":[[538,-113],[-53.445,-113],[-53.445,58.684],[538,58.684]],"c":true}]},{"t":189,"s":[{"i":[[0,0],[0,0],[0,0],[0,0]],"o":[[0,0],[0,0],[0,0],[0,0]],"v":[[741,-114],[336.555,-114],[336.555,57.684],[741,57.684]],"c":true}]}],"ix":1},"o":{"a":0,"k":100,"ix":3},"x":{"a":0,"k":0,"ix":4},"nm":"蒙版 1"}],"shapes":[{"ty":"gr","it":[{"ind":0,"ty":"sh","ix":1,"ks":{"a":0,"k":{"i":[[1.1,0],[0.786,-0.733],[0,-1.204],[-0.786,-0.733],[-1.204,0],[-0.786,0.733],[0,1.152],[0.786,0.733]],"o":[[-1.152,0],[-0.786,0.733],[0,1.152],[0.733,0.733],[1.1,0],[0.786,-0.733],[0,-1.152],[-0.786,-0.733]],"v":[[14.977,-27.074],[12.045,-25.975],[10.893,-23.094],[12.045,-20.266],[14.977,-19.167],[17.805,-20.266],[19.01,-23.094],[17.805,-25.975]],"c":true},"ix":2},"nm":"¿","mn":"ADBE Vector Shape - Group","hd":false},{"ind":1,"ty":"sh","ix":2,"ks":{"a":0,"k":{"i":[[0,0],[0,0],[0.524,-1.047],[0.89,-0.786],[0.419,-0.576],[0,-2.618],[-2.095,-1.885],[-3.456,0],[-2.304,2.199],[0,3.875],[0,0],[0.838,-1.257],[2.199,0],[0.943,0.995],[0,1.676],[-0.943,1.152],[-1.781,1.571],[-0.733,1.414],[0,1.99],[0,0]],"o":[[0,0],[0,1.204],[-0.524,0.943],[-2.566,2.199],[-1.309,1.676],[0,3.142],[2.095,1.833],[3.823,0],[2.252,-2.199],[0,0],[0,2.199],[-1.047,1.362],[-1.833,0],[-0.995,-0.995],[0,-1.362],[0.419,-0.524],[1.623,-1.466],[0.681,-1.414],[0,0],[0,0]],"v":[[11.94,-16.601],[11.94,-15.815],[11.154,-12.411],[9.06,-9.845],[4.556,-5.708],[2.618,0.733],[5.76,8.274],[14.035,11.05],[23.199,7.75],[26.603,-1.362],[20.633,-1.362],[19.324,3.823],[14.401,5.918],[10.212,4.399],[8.745,0.367],[10.159,-3.352],[13.406,-6.441],[16.915,-10.788],[17.962,-15.868],[17.962,-16.601]],"c":true},"ix":2},"nm":"¿","mn":"ADBE Vector Shape - Group","hd":false},{"ty":"mm","mm":1,"nm":"合并路径 1","mn":"ADBE Vector Filter - Merge","hd":false},{"ty":"fl","c":{"a":0,"k":[0.596079987171,0.596079987171,0.596079987171,1],"ix":4},"o":{"a":0,"k":100,"ix":5},"r":1,"bm":0,"nm":"填充 1","mn":"ADBE Vector Graphic - Fill","hd":false},{"ty":"tr","p":{"a":0,"k":[0,0],"ix":2},"a":{"a":0,"k":[0,0],"ix":1},"s":{"a":0,"k":[100,100],"ix":3},"r":{"a":0,"k":0,"ix":6},"o":{"a":0,"k":100,"ix":7},"sk":{"a":0,"k":0,"ix":4},"sa":{"a":0,"k":0,"ix":5},"nm":"变换"}],"nm":"¿","np":5,"cix":2,"bm":0,"ix":1,"mn":"ADBE Vector Group","hd":false},{"ty":"gr","it":[{"ind":0,"ty":"sh","ix":1,"ks":{"a":0,"k":{"i":[[5.708,0],[3.247,-3.771],[0,-5.708],[-3.142,-3.561],[-5.76,0],[-2.723,1.571],[-1.414,-2.042],[0,0],[1.362,1.781],[0,5.603],[3.142,3.509]],"o":[[-5.76,0],[-3.142,3.561],[0,5.656],[3.247,3.666],[3.771,0],[1.362,1.781],[0,0],[-1.362,-1.99],[2.933,-3.456],[0,-5.76],[-3.299,-3.718]],"v":[[49.282,-38.124],[35.771,-32.521],[31.111,-18.643],[35.771,-4.818],[49.282,0.733],[59.075,-1.676],[63.212,4.085],[67.192,0.628],[63.055,-5.027],[67.507,-18.643],[62.793,-32.573]],"c":true},"ix":2},"nm":"Q","mn":"ADBE Vector Shape - Group","hd":false},{"ind":1,"ty":"sh","ix":2,"ks":{"a":0,"k":{"i":[[-3.875,0],[-2.095,-2.514],[0,-4.399],[1.362,-2.304],[1.833,1.938],[0,0],[-1.885,-2.304],[2.461,0],[2.095,2.566],[0,4.242],[-2.042,2.514]],"o":[[3.875,0],[2.042,2.514],[0,3.613],[-1.781,-2.095],[0,0],[1.728,1.833],[-1.781,0.995],[-3.875,0],[-2.042,-2.514],[0,-4.294],[2.147,-2.618]],"v":[[49.282,-32.73],[58.237,-29.012],[61.327,-18.643],[59.232,-9.74],[53.786,-15.815],[50.225,-12.359],[55.619,-6.179],[49.282,-4.661],[40.275,-8.536],[37.238,-18.643],[40.275,-28.802]],"c":true},"ix":2},"nm":"Q","mn":"ADBE Vector Shape - Group","hd":false},{"ty":"mm","mm":1,"nm":"合并路径 1","mn":"ADBE Vector Filter - Merge","hd":false},{"ty":"fl","c":{"a":0,"k":[0.596079987171,0.596079987171,0.596079987171,1],"ix":4},"o":{"a":0,"k":100,"ix":5},"r":1,"bm":0,"nm":"填充 1","mn":"ADBE Vector Graphic - Fill","hd":false},{"ty":"tr","p":{"a":0,"k":[0,0],"ix":2},"a":{"a":0,"k":[0,0],"ix":1},"s":{"a":0,"k":[100,100],"ix":3},"r":{"a":0,"k":0,"ix":6},"o":{"a":0,"k":100,"ix":7},"sk":{"a":0,"k":0,"ix":4},"sa":{"a":0,"k":0,"ix":5},"nm":"变换"}],"nm":"Q","np":5,"cix":2,"bm":0,"ix":2,"mn":"ADBE Vector Group","hd":false},{"ty":"gr","it":[{"ind":0,"ty":"sh","ix":1,"ks":{"a":0,"k":{"i":[[0,0],[0,0],[-2.776,-2.618],[-4.975,0],[-2.723,2.514],[0,4.87],[0,0],[0,0],[0,0],[1.466,-1.571],[3.247,0],[1.466,1.519],[0,3.247],[0,0]],"o":[[0,0],[0,4.87],[2.618,2.461],[4.923,0],[2.723,-2.566],[0,0],[0,0],[0,0],[0,3.247],[-1.519,1.519],[-3.299,0],[-1.519,-1.571],[0,0],[0,0]],"v":[[72.981,-37.391],[72.981,-14.192],[77.118,-2.985],[88.535,0.733],[100.003,-3.037],[104.088,-14.192],[104.088,-37.391],[97.961,-37.391],[97.961,-14.087],[95.709,-6.913],[88.535,-4.608],[81.36,-6.913],[79.108,-14.087],[79.108,-37.391]],"c":true},"ix":2},"nm":"u","mn":"ADBE Vector Shape - Group","hd":false},{"ty":"fl","c":{"a":0,"k":[0.596079987171,0.596079987171,0.596079987171,1],"ix":4},"o":{"a":0,"k":100,"ix":5},"r":1,"bm":0,"nm":"填充 1","mn":"ADBE Vector Graphic - Fill","hd":false},{"ty":"tr","p":{"a":0,"k":[0,0],"ix":2},"a":{"a":0,"k":[0,0],"ix":1},"s":{"a":0,"k":[100,100],"ix":3},"r":{"a":0,"k":0,"ix":6},"o":{"a":0,"k":100,"ix":7},"sk":{"a":0,"k":0,"ix":4},"sa":{"a":0,"k":0,"ix":5},"nm":"变换"}],"nm":"u","np":3,"cix":2,"bm":0,"ix":3,"mn":"ADBE Vector Group","hd":false},{"ty":"gr","it":[{"ind":0,"ty":"sh","ix":1,"ks":{"a":0,"k":{"i":[[0,0],[0,0],[0,0],[0,0]],"o":[[0,0],[0,0],[0,0],[0,0]],"v":[[125.236,-47.184],[120.366,-39.538],[124.241,-39.538],[131.782,-47.184]],"c":true},"ix":2},"nm":"é","mn":"ADBE Vector Shape - Group","hd":false},{"ind":1,"ty":"sh","ix":2,"ks":{"a":0,"k":{"i":[[0,0],[0,0],[0,0],[0,0],[0,0],[0,0],[0,0],[0,0],[0,0],[0,0],[0,0],[0,0]],"o":[[0,0],[0,0],[0,0],[0,0],[0,0],[0,0],[0,0],[0,0],[0,0],[0,0],[0,0],[0,0]],"v":[[111.149,-37.391],[111.149,0],[139.009,0],[139.009,-5.237],[117.276,-5.237],[117.276,-16.548],[136.862,-16.548],[136.862,-21.785],[117.276,-21.785],[117.276,-32.154],[138.119,-32.154],[138.119,-37.391]],"c":true},"ix":2},"nm":"é","mn":"ADBE Vector Shape - Group","hd":false},{"ty":"mm","mm":1,"nm":"合并路径 1","mn":"ADBE Vector Filter - Merge","hd":false},{"ty":"fl","c":{"a":0,"k":[0.596079987171,0.596079987171,0.596079987171,1],"ix":4},"o":{"a":0,"k":100,"ix":5},"r":1,"bm":0,"nm":"填充 1","mn":"ADBE Vector Graphic - Fill","hd":false},{"ty":"tr","p":{"a":0,"k":[0,0],"ix":2},"a":{"a":0,"k":[0,0],"ix":1},"s":{"a":0,"k":[100,100],"ix":3},"r":{"a":0,"k":0,"ix":6},"o":{"a":0,"k":100,"ix":7},"sk":{"a":0,"k":0,"ix":4},"sa":{"a":0,"k":0,"ix":5},"nm":"变换"}],"nm":"é","np":5,"cix":2,"bm":0,"ix":4,"mn":"ADBE Vector Group","hd":false},{"ty":"gr","it":[{"ind":0,"ty":"sh","ix":1,"ks":{"a":0,"k":{"i":[[0,0],[0,0],[0,0],[0,0],[0,0],[0,0],[0,0],[0,0]],"o":[[0,0],[0,0],[0,0],[0,0],[0,0],[0,0],[0,0],[0,0]],"v":[[158.968,-37.391],[158.968,-32.154],[171.222,-32.154],[171.222,0],[177.35,0],[177.35,-32.154],[189.604,-32.154],[189.604,-37.391]],"c":true},"ix":2},"nm":"t","mn":"ADBE Vector Shape - Group","hd":false},{"ty":"fl","c":{"a":0,"k":[0.596079987171,0.596079987171,0.596079987171,1],"ix":4},"o":{"a":0,"k":100,"ix":5},"r":1,"bm":0,"nm":"填充 1","mn":"ADBE Vector Graphic - Fill","hd":false},{"ty":"tr","p":{"a":0,"k":[0,0],"ix":2},"a":{"a":0,"k":[0,0],"ix":1},"s":{"a":0,"k":[100,100],"ix":3},"r":{"a":0,"k":0,"ix":6},"o":{"a":0,"k":100,"ix":7},"sk":{"a":0,"k":0,"ix":4},"sa":{"a":0,"k":0,"ix":5},"nm":"变换"}],"nm":"t","np":3,"cix":2,"bm":0,"ix":5,"mn":"ADBE Vector Group","hd":false},{"ty":"gr","it":[{"ind":0,"ty":"sh","ix":1,"ks":{"a":0,"k":{"i":[[0,0],[0,0],[0,0],[0,0],[0,0],[0,0],[0,0],[0,0],[0,0],[0,0],[0,0],[0,0]],"o":[[0,0],[0,0],[0,0],[0,0],[0,0],[0,0],[0,0],[0,0],[0,0],[0,0],[0,0],[0,0]],"v":[[193.828,-37.391],[193.828,0],[221.688,0],[221.688,-5.237],[199.955,-5.237],[199.955,-16.548],[219.541,-16.548],[219.541,-21.785],[199.955,-21.785],[199.955,-32.154],[220.798,-32.154],[220.798,-37.391]],"c":true},"ix":2},"nm":"e","mn":"ADBE Vector Shape - Group","hd":false},{"ty":"fl","c":{"a":0,"k":[0.596079987171,0.596079987171,0.596079987171,1],"ix":4},"o":{"a":0,"k":100,"ix":5},"r":1,"bm":0,"nm":"填充 1","mn":"ADBE Vector Graphic - Fill","hd":false},{"ty":"tr","p":{"a":0,"k":[0,0],"ix":2},"a":{"a":0,"k":[0,0],"ix":1},"s":{"a":0,"k":[100,100],"ix":3},"r":{"a":0,"k":0,"ix":6},"o":{"a":0,"k":100,"ix":7},"sk":{"a":0,"k":0,"ix":4},"sa":{"a":0,"k":0,"ix":5},"nm":"变换"}],"nm":"e","np":3,"cix":2,"bm":0,"ix":6,"mn":"ADBE Vector Group","hd":false},{"ty":"gr","it":[{"ind":0,"ty":"sh","ix":1,"ks":{"a":0,"k":{"i":[[0,0],[0,0],[0,0],[0,0],[0,0],[0,7.698],[9.007,0]],"o":[[0,0],[0,0],[0,0],[0,0],[9.112,0],[0,-7.646],[0,0]],"v":[[244.528,-37.391],[244.528,0],[250.655,0],[250.655,-14.349],[259.924,-14.349],[273.592,-25.922],[260.029,-37.391]],"c":true},"ix":2},"nm":"p","mn":"ADBE Vector Shape - Group","hd":false},{"ind":1,"ty":"sh","ix":2,"ks":{"a":0,"k":{"i":[[0,0],[0,0],[-1.257,-0.995],[0,-2.252],[1.257,-0.995],[2.723,0],[0,0]],"o":[[0,0],[2.671,0],[1.257,0.943],[0,2.252],[-1.257,0.943],[0,0],[0,0]],"v":[[250.655,-32.154],[259.557,-32.154],[265.475,-30.688],[267.412,-25.922],[265.527,-21.052],[259.557,-19.586],[250.655,-19.586]],"c":true},"ix":2},"nm":"p","mn":"ADBE Vector Shape - Group","hd":false},{"ty":"mm","mm":1,"nm":"合并路径 1","mn":"ADBE Vector Filter - Merge","hd":false},{"ty":"fl","c":{"a":0,"k":[0.596079987171,0.596079987171,0.596079987171,1],"ix":4},"o":{"a":0,"k":100,"ix":5},"r":1,"bm":0,"nm":"填充 1","mn":"ADBE Vector Graphic - Fill","hd":false},{"ty":"tr","p":{"a":0,"k":[0,0],"ix":2},"a":{"a":0,"k":[0,0],"ix":1},"s":{"a":0,"k":[100,100],"ix":3},"r":{"a":0,"k":0,"ix":6},"o":{"a":0,"k":100,"ix":7},"sk":{"a":0,"k":0,"ix":4},"sa":{"a":0,"k":0,"ix":5},"nm":"变换"}],"nm":"p","np":5,"cix":2,"bm":0,"ix":7,"mn":"ADBE Vector Group","hd":false},{"ty":"gr","it":[{"ind":0,"ty":"sh","ix":1,"ks":{"a":0,"k":{"i":[[0,0],[0,0],[0,0],[0,0],[0,0],[0,0],[0,0],[0,0]],"o":[[0,0],[0,0],[0,0],[0,0],[0,0],[0,0],[0,0],[0,0]],"v":[[289.218,-37.391],[274.922,0],[281.468,0],[284.872,-9.374],[300.53,-9.374],[303.934,0],[310.48,0],[296.183,-37.391]],"c":true},"ix":2},"nm":"a","mn":"ADBE Vector Shape - Group","hd":false},{"ind":1,"ty":"sh","ix":2,"ks":{"a":0,"k":{"i":[[0,0],[0,0],[0,0],[0,0]],"o":[[0,0],[0,0],[0,0],[0,0]],"v":[[286.705,-14.401],[292.622,-30.792],[292.832,-30.792],[298.697,-14.401]],"c":true},"ix":2},"nm":"a","mn":"ADBE Vector Shape - Group","hd":false},{"ty":"mm","mm":1,"nm":"合并路径 1","mn":"ADBE Vector Filter - Merge","hd":false},{"ty":"fl","c":{"a":0,"k":[0.596079987171,0.596079987171,0.596079987171,1],"ix":4},"o":{"a":0,"k":100,"ix":5},"r":1,"bm":0,"nm":"填充 1","mn":"ADBE Vector Graphic - Fill","hd":false},{"ty":"tr","p":{"a":0,"k":[0,0],"ix":2},"a":{"a":0,"k":[0,0],"ix":1},"s":{"a":0,"k":[100,100],"ix":3},"r":{"a":0,"k":0,"ix":6},"o":{"a":0,"k":100,"ix":7},"sk":{"a":0,"k":0,"ix":4},"sa":{"a":0,"k":0,"ix":5},"nm":"变换"}],"nm":"a","np":5,"cix":2,"bm":0,"ix":8,"mn":"ADBE Vector Group","hd":false},{"ty":"gr","it":[{"ind":0,"ty":"sh","ix":1,"ks":{"a":0,"k":{"i":[[4.399,0],[2.618,-1.833],[0,-3.299],[-2.88,-1.728],[-4.608,-1.466],[-0.733,-0.367],[0,-1.99],[1.571,-0.943],[2.723,0],[1.466,1.047],[0.419,2.828],[0,0],[-3.142,-2.199],[-4.608,0],[-2.618,1.885],[0,3.352],[3.247,1.938],[5.08,1.571],[0.786,0.419],[0,1.571],[-1.571,0.786],[-2.357,0],[-1.362,-1.047],[-0.524,-2.304],[0,0],[2.618,1.938]],"o":[[-4.032,0],[-2.828,1.885],[0,3.299],[1.1,0.628],[4.137,1.257],[2.304,1.152],[0,1.571],[-1.571,0.89],[-3.09,0],[-1.623,-1.204],[0,0],[0.262,4.766],[2.566,1.781],[4.766,0],[2.618,-1.938],[0,-3.456],[-1.466,-0.838],[-3.456,-1.1],[-1.781,-0.943],[0,-1.781],[1.257,-0.681],[2.723,0],[1.362,0.995],[0,0],[-0.367,-4.085],[-2.461,-1.833]],"v":[[327.092,-38.124],[317.142,-35.401],[312.952,-27.598],[317.246,-20.057],[325.835,-16.915],[333.114,-14.454],[336.623,-9.74],[334.214,-6.022],[327.72,-4.661],[320.912,-6.284],[317.875,-12.359],[311.8,-12.359],[316.932,-1.938],[327.72,0.733],[338.822,-2.147],[342.75,-10.107],[337.879,-18.172],[328.087,-21.838],[321.698,-24.142],[319.079,-27.965],[321.383,-31.84],[326.777,-32.835],[332.957,-31.316],[335.837,-26.341],[341.912,-26.341],[337.408,-35.401]],"c":true},"ix":2},"nm":"s","mn":"ADBE Vector Shape - Group","hd":false},{"ty":"fl","c":{"a":0,"k":[0.596079987171,0.596079987171,0.596079987171,1],"ix":4},"o":{"a":0,"k":100,"ix":5},"r":1,"bm":0,"nm":"填充 1","mn":"ADBE Vector Graphic - Fill","hd":false},{"ty":"tr","p":{"a":0,"k":[0,0],"ix":2},"a":{"a":0,"k":[0,0],"ix":1},"s":{"a":0,"k":[100,100],"ix":3},"r":{"a":0,"k":0,"ix":6},"o":{"a":0,"k":100,"ix":7},"sk":{"a":0,"k":0,"ix":4},"sa":{"a":0,"k":0,"ix":5},"nm":"变换"}],"nm":"s","np":3,"cix":2,"bm":0,"ix":9,"mn":"ADBE Vector Group","hd":false},{"ty":"gr","it":[{"ind":0,"ty":"sh","ix":1,"ks":{"a":0,"k":{"i":[[0,0],[0,0],[0,0],[0,0],[0,0],[0,0],[0,0],[0,0]],"o":[[0,0],[0,0],[0,0],[0,0],[0,0],[0,0],[0,0],[0,0]],"v":[[358.377,-37.391],[344.08,0],[350.626,0],[354.03,-9.374],[369.688,-9.374],[373.092,0],[379.638,0],[365.342,-37.391]],"c":true},"ix":2},"nm":"a","mn":"ADBE Vector Shape - Group","hd":false},{"ind":1,"ty":"sh","ix":2,"ks":{"a":0,"k":{"i":[[0,0],[0,0],[0,0],[0,0]],"o":[[0,0],[0,0],[0,0],[0,0]],"v":[[355.863,-14.401],[361.781,-30.792],[361.99,-30.792],[367.855,-14.401]],"c":true},"ix":2},"nm":"a","mn":"ADBE Vector Shape - Group","hd":false},{"ty":"mm","mm":1,"nm":"合并路径 1","mn":"ADBE Vector Filter - Merge","hd":false},{"ty":"fl","c":{"a":0,"k":[0.596079987171,0.596079987171,0.596079987171,1],"ix":4},"o":{"a":0,"k":100,"ix":5},"r":1,"bm":0,"nm":"填充 1","mn":"ADBE Vector Graphic - Fill","hd":false},{"ty":"tr","p":{"a":0,"k":[0,0],"ix":2},"a":{"a":0,"k":[0,0],"ix":1},"s":{"a":0,"k":[100,100],"ix":3},"r":{"a":0,"k":0,"ix":6},"o":{"a":0,"k":100,"ix":7},"sk":{"a":0,"k":0,"ix":4},"sa":{"a":0,"k":0,"ix":5},"nm":"变换"}],"nm":"a","np":5,"cix":2,"bm":0,"ix":10,"mn":"ADBE Vector Group","hd":false},{"ty":"gr","it":[{"ind":0,"ty":"sh","ix":1,"ks":{"a":0,"k":{"i":[[0,0],[0,0],[0,0],[0,0],[0,0],[-1.1,-0.943],[-0.209,-2.042],[0,0],[-0.89,-1.152],[0,0],[0.209,2.304],[0,0],[3.247,0.733],[0,0],[-1.152,1.676],[0,1.938],[2.304,1.885],[3.823,0]],"o":[[0,0],[0,0],[0,0],[0,0],[2.095,0],[1.047,0.89],[0,0],[0.209,2.095],[0,0],[-1.257,-1.362],[0,0],[-0.419,-3.666],[0,0],[1.99,-0.524],[1.047,-1.519],[0,-3.561],[-2.199,-1.728],[0,0]],"v":[[383.053,-37.391],[383.053,0],[389.18,0],[389.18,-15.239],[398.868,-15.239],[403.686,-13.878],[405.572,-9.479],[406.043,-4.87],[407.666,0],[414.317,0],[412.065,-5.499],[411.437,-11.521],[405.938,-18.067],[405.938,-18.172],[410.704,-21.471],[412.275,-26.655],[408.766,-34.825],[399.706,-37.391]],"c":true},"ix":2},"nm":"r","mn":"ADBE Vector Shape - Group","hd":false},{"ind":1,"ty":"sh","ix":2,"ks":{"a":0,"k":{"i":[[0,0],[0,0],[-1.152,-0.943],[0,-2.042],[1.152,-1.047],[2.409,0],[0,0]],"o":[[0,0],[2.514,0],[1.152,0.89],[0,1.885],[-1.257,0.995],[0,0],[0,0]],"v":[[389.18,-32.154],[398.868,-32.154],[404.367,-30.792],[406.095,-26.394],[404.367,-21.995],[398.868,-20.476],[389.18,-20.476]],"c":true},"ix":2},"nm":"r","mn":"ADBE Vector Shape - Group","hd":false},{"ty":"mm","mm":1,"nm":"合并路径 1","mn":"ADBE Vector Filter - Merge","hd":false},{"ty":"fl","c":{"a":0,"k":[0.596079987171,0.596079987171,0.596079987171,1],"ix":4},"o":{"a":0,"k":100,"ix":5},"r":1,"bm":0,"nm":"填充 1","mn":"ADBE Vector Graphic - Fill","hd":false},{"ty":"tr","p":{"a":0,"k":[0,0],"ix":2},"a":{"a":0,"k":[0,0],"ix":1},"s":{"a":0,"k":[100,100],"ix":3},"r":{"a":0,"k":0,"ix":6},"o":{"a":0,"k":100,"ix":7},"sk":{"a":0,"k":0,"ix":4},"sa":{"a":0,"k":0,"ix":5},"nm":"变换"}],"nm":"r","np":5,"cix":2,"bm":0,"ix":11,"mn":"ADBE Vector Group","hd":false},{"ty":"gr","it":[{"ind":0,"ty":"sh","ix":1,"ks":{"a":0,"k":{"i":[[0,0],[0,0],[0,0],[0,0]],"o":[[0,0],[0,0],[0,0],[0,0]],"v":[[434.536,-47.184],[429.666,-39.538],[433.541,-39.538],[441.082,-47.184]],"c":true},"ix":2},"nm":"á","mn":"ADBE Vector Shape - Group","hd":false},{"ind":1,"ty":"sh","ix":2,"ks":{"a":0,"k":{"i":[[0,0],[0,0],[0,0],[0,0],[0,0],[0,0],[0,0],[0,0]],"o":[[0,0],[0,0],[0,0],[0,0],[0,0],[0,0],[0,0],[0,0]],"v":[[429.928,-37.391],[415.631,0],[422.177,0],[425.581,-9.374],[441.239,-9.374],[444.643,0],[451.189,0],[436.893,-37.391]],"c":true},"ix":2},"nm":"á","mn":"ADBE Vector Shape - Group","hd":false},{"ind":2,"ty":"sh","ix":3,"ks":{"a":0,"k":{"i":[[0,0],[0,0],[0,0],[0,0]],"o":[[0,0],[0,0],[0,0],[0,0]],"v":[[427.414,-14.401],[433.331,-30.792],[433.541,-30.792],[439.406,-14.401]],"c":true},"ix":2},"nm":"á","mn":"ADBE Vector Shape - Group","hd":false},{"ty":"mm","mm":1,"nm":"合并路径 1","mn":"ADBE Vector Filter - Merge","hd":false},{"ty":"fl","c":{"a":0,"k":[0.596079987171,0.596079987171,0.596079987171,1],"ix":4},"o":{"a":0,"k":100,"ix":5},"r":1,"bm":0,"nm":"填充 1","mn":"ADBE Vector Graphic - Fill","hd":false},{"ty":"tr","p":{"a":0,"k":[0,0],"ix":2},"a":{"a":0,"k":[0,0],"ix":1},"s":{"a":0,"k":[100,100],"ix":3},"r":{"a":0,"k":0,"ix":6},"o":{"a":0,"k":100,"ix":7},"sk":{"a":0,"k":0,"ix":4},"sa":{"a":0,"k":0,"ix":5},"nm":"变换"}],"nm":"á","np":6,"cix":2,"bm":0,"ix":12,"mn":"ADBE Vector Group","hd":false}],"ip":0,"op":190,"st":0,"bm":0},{"ddd":0,"ind":33,"ty":4,"nm":"“en 30 años?”轮廓","sr":1,"ks":{"o":{"a":1,"k":[{"i":{"x":[0.833],"y":[0.833]},"o":{"x":[0.167],"y":[0.167]},"t":10,"s":[0]},{"i":{"x":[0.833],"y":[0.833]},"o":{"x":[0.167],"y":[0.167]},"t":30,"s":[100]},{"i":{"x":[0.833],"y":[0.833]},"o":{"x":[0.167],"y":[0.167]},"t":180,"s":[100]},{"t":189,"s":[0]}],"ix":11},"r":{"a":0,"k":0,"ix":10},"p":{"a":0,"k":[30.912,634,0],"ix":2},"a":{"a":0,"k":[0,0,0],"ix":1},"s":{"a":0,"k":[100,100,100],"ix":6}},"ao":0,"hasMask":true,"masksProperties":[{"inv":false,"mode":"a","pt":{"a":1,"k":[{"i":{"x":0.667,"y":1},"o":{"x":0.333,"y":0},"t":10,"s":[{"i":[[0,0],[0,0],[0,0],[0,0]],"o":[[0,0],[0,0],[0,0],[0,0]],"v":[[-48,-101],[-365.648,-101],[-365.648,48.859],[-48,48.859]],"c":true}]},{"i":{"x":0.667,"y":1},"o":{"x":0.333,"y":0},"t":30,"s":[{"i":[[0,0],[0,0],[0,0],[0,0]],"o":[[0,0],[0,0],[0,0],[0,0]],"v":[[520,-101],[-42.648,-101],[-42.648,48.859],[520,48.859]],"c":true}]},{"i":{"x":0.667,"y":1},"o":{"x":0.333,"y":0},"t":180,"s":[{"i":[[0,0],[0,0],[0,0],[0,0]],"o":[[0,0],[0,0],[0,0],[0,0]],"v":[[520,-101],[-42.648,-101],[-42.648,48.859],[520,48.859]],"c":true}]},{"t":189,"s":[{"i":[[0,0],[0,0],[0,0],[0,0]],"o":[[0,0],[0,0],[0,0],[0,0]],"v":[[587,-102],[269.352,-102],[269.352,47.859],[587,47.859]],"c":true}]}],"ix":1},"o":{"a":0,"k":100,"ix":3},"x":{"a":0,"k":0,"ix":4},"nm":"蒙版 1"}],"shapes":[{"ty":"gr","it":[{"ind":0,"ty":"sh","ix":1,"ks":{"a":0,"k":{"i":[[0,0],[0,0],[0,0],[0,0],[0,0],[0,0],[0,0],[0,0],[0,0],[0,0],[0,0],[0,0]],"o":[[0,0],[0,0],[0,0],[0,0],[0,0],[0,0],[0,0],[0,0],[0,0],[0,0],[0,0],[0,0]],"v":[[3.666,-37.391],[3.666,0],[31.526,0],[31.526,-5.237],[9.793,-5.237],[9.793,-16.548],[29.379,-16.548],[29.379,-21.785],[9.793,-21.785],[9.793,-32.154],[30.635,-32.154],[30.635,-37.391]],"c":true},"ix":2},"nm":"e","mn":"ADBE Vector Shape - Group","hd":false},{"ty":"fl","c":{"a":0,"k":[0.596079987171,0.596079987171,0.596079987171,1],"ix":4},"o":{"a":0,"k":100,"ix":5},"r":1,"bm":0,"nm":"填充 1","mn":"ADBE Vector Graphic - Fill","hd":false},{"ty":"tr","p":{"a":0,"k":[0,0],"ix":2},"a":{"a":0,"k":[0,0],"ix":1},"s":{"a":0,"k":[100,100],"ix":3},"r":{"a":0,"k":0,"ix":6},"o":{"a":0,"k":100,"ix":7},"sk":{"a":0,"k":0,"ix":4},"sa":{"a":0,"k":0,"ix":5},"nm":"变换"}],"nm":"e","np":3,"cix":2,"bm":0,"ix":1,"mn":"ADBE Vector Group","hd":false},{"ty":"gr","it":[{"ind":0,"ty":"sh","ix":1,"ks":{"a":0,"k":{"i":[[0,0],[0,0],[0,0],[0,0],[0,0],[0,0],[0,0],[0,0],[0,0],[0,0],[0,0],[0,0]],"o":[[0,0],[0,0],[0,0],[0,0],[0,0],[0,0],[0,0],[0,0],[0,0],[0,0],[0,0],[0,0]],"v":[[37.05,-37.391],[37.05,0],[43.177,0],[43.177,-27.336],[43.386,-27.336],[62.082,0],[68.052,0],[68.052,-37.391],[61.872,-37.391],[61.872,-10.421],[61.663,-10.421],[43.177,-37.391]],"c":true},"ix":2},"nm":"n","mn":"ADBE Vector Shape - Group","hd":false},{"ty":"fl","c":{"a":0,"k":[0.596079987171,0.596079987171,0.596079987171,1],"ix":4},"o":{"a":0,"k":100,"ix":5},"r":1,"bm":0,"nm":"填充 1","mn":"ADBE Vector Graphic - Fill","hd":false},{"ty":"tr","p":{"a":0,"k":[0,0],"ix":2},"a":{"a":0,"k":[0,0],"ix":1},"s":{"a":0,"k":[100,100],"ix":3},"r":{"a":0,"k":0,"ix":6},"o":{"a":0,"k":100,"ix":7},"sk":{"a":0,"k":0,"ix":4},"sa":{"a":0,"k":0,"ix":5},"nm":"变换"}],"nm":"n","np":3,"cix":2,"bm":0,"ix":2,"mn":"ADBE Vector Group","hd":false},{"ty":"gr","it":[{"ind":0,"ty":"sh","ix":1,"ks":{"a":0,"k":{"i":[[3.771,0],[2.357,-2.095],[0.314,-3.771],[0,0],[-1.257,1.1],[-2.199,0],[-1.1,-0.943],[0,-1.833],[1.1,-0.943],[2.199,0],[0,0],[0,0],[0,0],[-1.257,-1.047],[0,-2.147],[1.204,-1.204],[2.357,0],[1.309,1.204],[0.105,2.409],[0,0],[-2.618,-2.199],[-3.875,0],[-2.514,2.252],[0,3.456],[1.257,1.414],[2.199,0.681],[0,4.085],[2.252,1.833]],"o":[[-3.666,0],[-2.514,2.095],[0,0],[0.209,-2.252],[1.204,-1.1],[2.147,0],[0.995,0.943],[0,1.833],[-1.152,0.943],[0,0],[0,0],[0,0],[2.409,0],[1.257,0.995],[0,1.781],[-1.362,1.309],[-2.147,0],[-1.466,-1.309],[0,0],[0.314,4.189],[2.357,1.99],[4.085,0],[2.409,-2.199],[0,-2.199],[-1.152,-1.362],[4.137,-1.362],[0,-3.247],[-2.304,-1.833]],"v":[[104.84,-38.124],[95.781,-35.034],[91.591,-26.236],[97.613,-26.236],[99.813,-31.264],[104.893,-32.887],[109.763,-31.473],[111.282,-27.336],[109.606,-23.147],[104.578,-21.733],[101.96,-21.733],[101.96,-17.124],[104.578,-17.124],[110.077,-15.606],[112.015,-10.893],[110.182,-6.441],[104.578,-4.451],[99.394,-6.284],[97.09,-11.888],[90.858,-11.888],[95.257,-2.252],[104.631,0.733],[114.528,-2.671],[118.142,-11.154],[116.257,-16.601],[111.177,-19.638],[117.409,-27.807],[114.005,-35.401]],"c":true},"ix":2},"nm":"3","mn":"ADBE Vector Shape - Group","hd":false},{"ty":"fl","c":{"a":0,"k":[0.596079987171,0.596079987171,0.596079987171,1],"ix":4},"o":{"a":0,"k":100,"ix":5},"r":1,"bm":0,"nm":"填充 1","mn":"ADBE Vector Graphic - Fill","hd":false},{"ty":"tr","p":{"a":0,"k":[0,0],"ix":2},"a":{"a":0,"k":[0,0],"ix":1},"s":{"a":0,"k":[100,100],"ix":3},"r":{"a":0,"k":0,"ix":6},"o":{"a":0,"k":100,"ix":7},"sk":{"a":0,"k":0,"ix":4},"sa":{"a":0,"k":0,"ix":5},"nm":"变换"}],"nm":"3","np":3,"cix":2,"bm":0,"ix":3,"mn":"ADBE Vector Group","hd":false},{"ty":"gr","it":[{"ind":0,"ty":"sh","ix":1,"ks":{"a":0,"k":{"i":[[4.347,0],[2.409,-3.666],[0,-5.865],[-2.304,-3.456],[-4.399,0],[-2.461,3.613],[0,5.865],[2.304,3.456]],"o":[[-4.399,0],[-2.304,3.456],[0,5.865],[2.409,3.613],[4.347,0],[2.304,-3.456],[0,-5.865],[-2.461,-3.666]],"v":[[135.673,-38.124],[125.461,-32.678],[122.005,-18.695],[125.461,-4.713],[135.673,0.733],[145.885,-4.713],[149.341,-18.695],[145.885,-32.678]],"c":true},"ix":2},"nm":"0","mn":"ADBE Vector Shape - Group","hd":false},{"ind":1,"ty":"sh","ix":2,"ks":{"a":0,"k":{"i":[[-2.985,0],[-1.257,-3.352],[0,-3.928],[0.838,-2.304],[2.933,0],[1.204,3.299],[0,3.875],[-0.838,2.252]],"o":[[2.933,0],[0.838,2.252],[0,3.875],[-1.257,3.299],[-2.985,0],[-0.838,-2.304],[0,-3.928],[1.204,-3.352]],"v":[[135.673,-32.94],[141.957,-27.965],[143.214,-18.695],[141.957,-9.426],[135.673,-4.451],[129.389,-9.426],[128.132,-18.695],[129.389,-27.965]],"c":true},"ix":2},"nm":"0","mn":"ADBE Vector Shape - Group","hd":false},{"ty":"mm","mm":1,"nm":"合并路径 1","mn":"ADBE Vector Filter - Merge","hd":false},{"ty":"fl","c":{"a":0,"k":[0.596079987171,0.596079987171,0.596079987171,1],"ix":4},"o":{"a":0,"k":100,"ix":5},"r":1,"bm":0,"nm":"填充 1","mn":"ADBE Vector Graphic - Fill","hd":false},{"ty":"tr","p":{"a":0,"k":[0,0],"ix":2},"a":{"a":0,"k":[0,0],"ix":1},"s":{"a":0,"k":[100,100],"ix":3},"r":{"a":0,"k":0,"ix":6},"o":{"a":0,"k":100,"ix":7},"sk":{"a":0,"k":0,"ix":4},"sa":{"a":0,"k":0,"ix":5},"nm":"变换"}],"nm":"0","np":5,"cix":2,"bm":0,"ix":4,"mn":"ADBE Vector Group","hd":false},{"ty":"gr","it":[{"ind":0,"ty":"sh","ix":1,"ks":{"a":0,"k":{"i":[[0,0],[0,0],[0,0],[0,0],[0,0],[0,0],[0,0],[0,0]],"o":[[0,0],[0,0],[0,0],[0,0],[0,0],[0,0],[0,0],[0,0]],"v":[[182.774,-37.391],[168.478,0],[175.024,0],[178.428,-9.374],[194.086,-9.374],[197.49,0],[204.036,0],[189.739,-37.391]],"c":true},"ix":2},"nm":"a","mn":"ADBE Vector Shape - Group","hd":false},{"ind":1,"ty":"sh","ix":2,"ks":{"a":0,"k":{"i":[[0,0],[0,0],[0,0],[0,0]],"o":[[0,0],[0,0],[0,0],[0,0]],"v":[[180.261,-14.401],[186.178,-30.792],[186.388,-30.792],[192.253,-14.401]],"c":true},"ix":2},"nm":"a","mn":"ADBE Vector Shape - Group","hd":false},{"ty":"mm","mm":1,"nm":"合并路径 1","mn":"ADBE Vector Filter - Merge","hd":false},{"ty":"fl","c":{"a":0,"k":[0.596079987171,0.596079987171,0.596079987171,1],"ix":4},"o":{"a":0,"k":100,"ix":5},"r":1,"bm":0,"nm":"填充 1","mn":"ADBE Vector Graphic - Fill","hd":false},{"ty":"tr","p":{"a":0,"k":[0,0],"ix":2},"a":{"a":0,"k":[0,0],"ix":1},"s":{"a":0,"k":[100,100],"ix":3},"r":{"a":0,"k":0,"ix":6},"o":{"a":0,"k":100,"ix":7},"sk":{"a":0,"k":0,"ix":4},"sa":{"a":0,"k":0,"ix":5},"nm":"变换"}],"nm":"a","np":5,"cix":2,"bm":0,"ix":5,"mn":"ADBE Vector Group","hd":false},{"ty":"gr","it":[{"ind":0,"ty":"sh","ix":1,"ks":{"a":0,"k":{"i":[[1.047,0],[1.466,-2.199],[0,0],[-0.628,0],[-1.466,-0.628],[-1.047,0],[-1.466,2.095],[0,0],[0.524,0],[1.414,0.628]],"o":[[-1.623,0],[0,0],[0.943,-1.152],[0.733,0],[1.466,0.628],[1.623,0],[0,0],[-0.995,1.152],[-0.838,0],[-1.466,-0.628]],"v":[[219.339,-46.293],[214.678,-42.994],[217.139,-40.952],[219.548,-42.68],[222.847,-41.79],[226.618,-40.847],[231.278,-44.042],[228.712,-46.136],[226.408,-44.408],[223.057,-45.351]],"c":true},"ix":2},"nm":"ñ","mn":"ADBE Vector Shape - Group","hd":false},{"ind":1,"ty":"sh","ix":2,"ks":{"a":0,"k":{"i":[[0,0],[0,0],[0,0],[0,0],[0,0],[0,0],[0,0],[0,0],[0,0],[0,0],[0,0],[0,0]],"o":[[0,0],[0,0],[0,0],[0,0],[0,0],[0,0],[0,0],[0,0],[0,0],[0,0],[0,0],[0,0]],"v":[[207.451,-37.391],[207.451,0],[213.578,0],[213.578,-27.336],[213.787,-27.336],[232.483,0],[238.453,0],[238.453,-37.391],[232.273,-37.391],[232.273,-10.421],[232.064,-10.421],[213.578,-37.391]],"c":true},"ix":2},"nm":"ñ","mn":"ADBE Vector Shape - Group","hd":false},{"ty":"mm","mm":1,"nm":"合并路径 1","mn":"ADBE Vector Filter - Merge","hd":false},{"ty":"fl","c":{"a":0,"k":[0.596079987171,0.596079987171,0.596079987171,1],"ix":4},"o":{"a":0,"k":100,"ix":5},"r":1,"bm":0,"nm":"填充 1","mn":"ADBE Vector Graphic - Fill","hd":false},{"ty":"tr","p":{"a":0,"k":[0,0],"ix":2},"a":{"a":0,"k":[0,0],"ix":1},"s":{"a":0,"k":[100,100],"ix":3},"r":{"a":0,"k":0,"ix":6},"o":{"a":0,"k":100,"ix":7},"sk":{"a":0,"k":0,"ix":4},"sa":{"a":0,"k":0,"ix":5},"nm":"变换"}],"nm":"ñ","np":5,"cix":2,"bm":0,"ix":6,"mn":"ADBE Vector Group","hd":false},{"ty":"gr","it":[{"ind":0,"ty":"sh","ix":1,"ks":{"a":0,"k":{"i":[[5.708,0],[3.247,-3.771],[0,-5.708],[-3.142,-3.561],[-5.76,0],[-3.299,3.666],[0,5.76],[3.142,3.509]],"o":[[-5.76,0],[-3.142,3.561],[0,5.656],[3.247,3.666],[5.708,0],[3.142,-3.509],[0,-5.76],[-3.299,-3.718]],"v":[[262.115,-38.124],[248.604,-32.521],[243.944,-18.643],[248.604,-4.818],[262.115,0.733],[275.626,-4.766],[280.339,-18.643],[275.626,-32.573]],"c":true},"ix":2},"nm":"o","mn":"ADBE Vector Shape - Group","hd":false},{"ind":1,"ty":"sh","ix":2,"ks":{"a":0,"k":{"i":[[-3.875,0],[-2.095,-2.514],[0,-4.399],[2.042,-2.461],[3.875,0],[2.095,2.566],[0,4.242],[-2.042,2.514]],"o":[[3.875,0],[2.042,2.514],[0,4.399],[-2.095,2.461],[-3.875,0],[-2.042,-2.514],[0,-4.294],[2.147,-2.618]],"v":[[262.115,-32.73],[271.07,-29.012],[274.16,-18.643],[271.07,-8.379],[262.115,-4.661],[253.108,-8.536],[250.071,-18.643],[253.108,-28.802]],"c":true},"ix":2},"nm":"o","mn":"ADBE Vector Shape - Group","hd":false},{"ty":"mm","mm":1,"nm":"合并路径 1","mn":"ADBE Vector Filter - Merge","hd":false},{"ty":"fl","c":{"a":0,"k":[0.596079987171,0.596079987171,0.596079987171,1],"ix":4},"o":{"a":0,"k":100,"ix":5},"r":1,"bm":0,"nm":"填充 1","mn":"ADBE Vector Graphic - Fill","hd":false},{"ty":"tr","p":{"a":0,"k":[0,0],"ix":2},"a":{"a":0,"k":[0,0],"ix":1},"s":{"a":0,"k":[100,100],"ix":3},"r":{"a":0,"k":0,"ix":6},"o":{"a":0,"k":100,"ix":7},"sk":{"a":0,"k":0,"ix":4},"sa":{"a":0,"k":0,"ix":5},"nm":"变换"}],"nm":"o","np":5,"cix":2,"bm":0,"ix":7,"mn":"ADBE Vector Group","hd":false},{"ty":"gr","it":[{"ind":0,"ty":"sh","ix":1,"ks":{"a":0,"k":{"i":[[4.399,0],[2.618,-1.833],[0,-3.299],[-2.88,-1.728],[-4.608,-1.466],[-0.733,-0.367],[0,-1.99],[1.571,-0.943],[2.723,0],[1.466,1.047],[0.419,2.828],[0,0],[-3.142,-2.199],[-4.608,0],[-2.618,1.885],[0,3.352],[3.247,1.938],[5.08,1.571],[0.786,0.419],[0,1.571],[-1.571,0.786],[-2.357,0],[-1.362,-1.047],[-0.524,-2.304],[0,0],[2.618,1.938]],"o":[[-4.032,0],[-2.828,1.885],[0,3.299],[1.1,0.628],[4.137,1.257],[2.304,1.152],[0,1.571],[-1.571,0.89],[-3.09,0],[-1.623,-1.204],[0,0],[0.262,4.766],[2.566,1.781],[4.766,0],[2.618,-1.938],[0,-3.456],[-1.466,-0.838],[-3.456,-1.1],[-1.781,-0.943],[0,-1.781],[1.257,-0.681],[2.723,0],[1.362,0.995],[0,0],[-0.367,-4.085],[-2.461,-1.833]],"v":[[299.011,-38.124],[289.061,-35.401],[284.872,-27.598],[289.166,-20.057],[297.754,-16.915],[305.033,-14.454],[308.542,-9.74],[306.133,-6.022],[299.64,-4.661],[292.832,-6.284],[289.794,-12.359],[283.72,-12.359],[288.852,-1.938],[299.64,0.733],[310.742,-2.147],[314.669,-10.107],[309.799,-18.172],[300.006,-21.838],[293.617,-24.142],[290.999,-27.965],[293.303,-31.84],[298.697,-32.835],[304.876,-31.316],[307.757,-26.341],[313.831,-26.341],[309.328,-35.401]],"c":true},"ix":2},"nm":"s","mn":"ADBE Vector Shape - Group","hd":false},{"ty":"fl","c":{"a":0,"k":[0.596079987171,0.596079987171,0.596079987171,1],"ix":4},"o":{"a":0,"k":100,"ix":5},"r":1,"bm":0,"nm":"填充 1","mn":"ADBE Vector Graphic - Fill","hd":false},{"ty":"tr","p":{"a":0,"k":[0,0],"ix":2},"a":{"a":0,"k":[0,0],"ix":1},"s":{"a":0,"k":[100,100],"ix":3},"r":{"a":0,"k":0,"ix":6},"o":{"a":0,"k":100,"ix":7},"sk":{"a":0,"k":0,"ix":4},"sa":{"a":0,"k":0,"ix":5},"nm":"变换"}],"nm":"s","np":3,"cix":2,"bm":0,"ix":8,"mn":"ADBE Vector Group","hd":false},{"ty":"gr","it":[{"ind":0,"ty":"sh","ix":1,"ks":{"a":0,"k":{"i":[[3.404,0],[2.252,-2.199],[0,-3.875],[0,0],[-0.89,1.204],[-2.252,0],[-0.995,-0.995],[0,-1.728],[0.943,-1.152],[0,0],[0.681,-1.414],[0,-1.99],[0,0],[0,0],[0,0],[-0.524,1.047],[-0.943,0.733],[-0.471,0.524],[0,2.618],[2.095,1.833]],"o":[[-3.875,0],[-2.304,2.199],[0,0],[0,-2.252],[1.047,-1.414],[1.781,0],[0.943,0.995],[0,1.309],[0,0],[-3.404,3.037],[-0.733,1.414],[0,0],[0,0],[0,0],[0,-1.257],[0.471,-0.943],[2.514,-2.199],[1.257,-1.676],[0,-3.194],[-2.095,-1.885]],"v":[[331.187,-38.124],[322.022,-34.825],[318.618,-25.713],[324.588,-25.713],[325.897,-30.897],[330.82,-32.992],[335.009,-31.526],[336.476,-27.441],[335.062,-23.723],[334.433,-22.99],[328.306,-16.339],[327.259,-11.207],[327.259,-10.474],[333.281,-10.474],[333.281,-11.207],[334.067,-14.663],[336.162,-17.229],[340.665,-21.366],[342.603,-27.807],[339.461,-35.349]],"c":true},"ix":2},"nm":"?","mn":"ADBE Vector Shape - Group","hd":false},{"ind":1,"ty":"sh","ix":2,"ks":{"a":0,"k":{"i":[[1.152,0],[0.733,-0.733],[0,-1.152],[-0.838,-0.733],[-1.152,0],[-0.838,0.733],[0,1.152],[0.733,0.733]],"o":[[-1.152,0],[-0.838,0.733],[0,1.152],[0.733,0.733],[1.152,0],[0.733,-0.733],[0,-1.152],[-0.786,-0.733]],"v":[[330.244,-7.908],[327.416,-6.808],[326.212,-3.98],[327.416,-1.152],[330.244,0],[333.177,-1.1],[334.329,-3.98],[333.177,-6.808]],"c":true},"ix":2},"nm":"?","mn":"ADBE Vector Shape - Group","hd":false},{"ty":"mm","mm":1,"nm":"合并路径 1","mn":"ADBE Vector Filter - Merge","hd":false},{"ty":"fl","c":{"a":0,"k":[0.596079987171,0.596079987171,0.596079987171,1],"ix":4},"o":{"a":0,"k":100,"ix":5},"r":1,"bm":0,"nm":"填充 1","mn":"ADBE Vector Graphic - Fill","hd":false},{"ty":"tr","p":{"a":0,"k":[0,0],"ix":2},"a":{"a":0,"k":[0,0],"ix":1},"s":{"a":0,"k":[100,100],"ix":3},"r":{"a":0,"k":0,"ix":6},"o":{"a":0,"k":100,"ix":7},"sk":{"a":0,"k":0,"ix":4},"sa":{"a":0,"k":0,"ix":5},"nm":"变换"}],"nm":"?","np":5,"cix":2,"bm":0,"ix":9,"mn":"ADBE Vector Group","hd":false}],"ip":10,"op":190,"st":10,"bm":0}],"markers":[]}