{"v":"5.6.8","fr":30,"ip":0,"op":189,"w":1125,"h":1050,"nm":"订阅视频-变老-多语言","ddd":0,"assets":[],"layers":[{"ddd":0,"ind":35,"ty":4,"nm":"“Como você será”轮廓","sr":1,"ks":{"o":{"a":1,"k":[{"i":{"x":[0.833],"y":[0.833]},"o":{"x":[0.167],"y":[0.167]},"t":0,"s":[0]},{"i":{"x":[0.833],"y":[0.833]},"o":{"x":[0.167],"y":[0.167]},"t":20,"s":[100]},{"i":{"x":[0.833],"y":[0.833]},"o":{"x":[0.167],"y":[0.167]},"t":180,"s":[100]},{"t":189,"s":[0]}],"ix":11},"r":{"a":0,"k":0,"ix":10},"p":{"a":0,"k":[41.365,540,0],"ix":2},"a":{"a":0,"k":[0,0,0],"ix":1},"s":{"a":0,"k":[100,100,100],"ix":6}},"ao":0,"hasMask":true,"masksProperties":[{"inv":false,"mode":"a","pt":{"a":1,"k":[{"i":{"x":0.667,"y":1},"o":{"x":0.333,"y":0},"t":0,"s":[{"i":[[0,0],[0,0],[0,0],[0,0]],"o":[[0,0],[0,0],[0,0],[0,0]],"v":[[-46,-113],[-450.445,-113],[-450.445,58.684],[-46,58.684]],"c":true}]},{"i":{"x":0.667,"y":1},"o":{"x":0.333,"y":0},"t":20,"s":[{"i":[[0,0],[0,0],[0,0],[0,0]],"o":[[0,0],[0,0],[0,0],[0,0]],"v":[[538,-113],[-53.445,-113],[-53.445,58.684],[538,58.684]],"c":true}]},{"i":{"x":0.667,"y":1},"o":{"x":0.333,"y":0},"t":180,"s":[{"i":[[0,0],[0,0],[0,0],[0,0]],"o":[[0,0],[0,0],[0,0],[0,0]],"v":[[538,-113],[-53.445,-113],[-53.445,58.684],[538,58.684]],"c":true}]},{"t":189,"s":[{"i":[[0,0],[0,0],[0,0],[0,0]],"o":[[0,0],[0,0],[0,0],[0,0]],"v":[[741,-114],[336.555,-114],[336.555,57.684],[741,57.684]],"c":true}]}],"ix":1},"o":{"a":0,"k":100,"ix":3},"x":{"a":0,"k":0,"ix":4},"nm":"蒙版 1"}],"shapes":[{"ty":"gr","it":[{"ind":0,"ty":"sh","ix":1,"ks":{"a":0,"k":{"i":[[-10.573,0],[-1.055,7.409],[0,0],[5.036,0],[0,9.044],[-6.829,0],[-1.107,-4.72],[0,0],[8.385,0],[0,-12.313]],"o":[[8.49,0],[0,0],[-1.055,4.324],[-6.855,0],[0,-9.044],[5.01,0],[0,0],[-0.949,-7.62],[-10.573,0],[0,12.287]],"v":[[20.382,0.923],[36.176,-11.364],[30.296,-11.364],[20.382,-4.324],[9.255,-19.011],[20.355,-33.724],[30.296,-25.998],[36.176,-25.998],[20.355,-38.971],[3.217,-19.011]],"c":true},"ix":2},"nm":"C","mn":"ADBE Vector Shape - Group","hd":false},{"ty":"fl","c":{"a":0,"k":[0.596079987171,0.596079987171,0.596079987171,1],"ix":4},"o":{"a":0,"k":100,"ix":5},"r":1,"bm":0,"nm":"填充 1","mn":"ADBE Vector Graphic - Fill","hd":false},{"ty":"tr","p":{"a":0,"k":[0,0],"ix":2},"a":{"a":0,"k":[0,0],"ix":1},"s":{"a":0,"k":[100,100],"ix":3},"r":{"a":0,"k":0,"ix":6},"o":{"a":0,"k":100,"ix":7},"sk":{"a":0,"k":0,"ix":4},"sa":{"a":0,"k":0,"ix":5},"nm":"变换"}],"nm":"C","np":3,"cix":2,"bm":0,"ix":1,"mn":"ADBE Vector Group","hd":false},{"ty":"gr","it":[{"ind":0,"ty":"sh","ix":1,"ks":{"a":0,"k":{"i":[[-8.411,0],[0,9.255],[8.358,0],[0,-9.229]],"o":[[8.385,0],[0,-9.255],[-8.385,0],[0,9.255]],"v":[[55.397,0.554],[68.924,-14.317],[55.397,-29.188],[41.845,-14.317]],"c":true},"ix":2},"nm":"o","mn":"ADBE Vector Shape - Group","hd":false},{"ind":1,"ty":"sh","ix":2,"ks":{"a":0,"k":{"i":[[4.904,0],[0,6.381],[-4.931,0],[0,-6.381]],"o":[[-4.931,0],[0,-6.381],[4.904,0],[0,6.354]],"v":[[55.397,-4.271],[47.698,-14.317],[55.397,-24.39],[63.097,-14.317]],"c":true},"ix":2},"nm":"o","mn":"ADBE Vector Shape - Group","hd":false},{"ty":"mm","mm":1,"nm":"合并路径 1","mn":"ADBE Vector Filter - Merge","hd":false},{"ty":"fl","c":{"a":0,"k":[0.596079987171,0.596079987171,0.596079987171,1],"ix":4},"o":{"a":0,"k":100,"ix":5},"r":1,"bm":0,"nm":"填充 1","mn":"ADBE Vector Graphic - Fill","hd":false},{"ty":"tr","p":{"a":0,"k":[0,0],"ix":2},"a":{"a":0,"k":[0,0],"ix":1},"s":{"a":0,"k":[100,100],"ix":3},"r":{"a":0,"k":0,"ix":6},"o":{"a":0,"k":100,"ix":7},"sk":{"a":0,"k":0,"ix":4},"sa":{"a":0,"k":0,"ix":5},"nm":"变换"}],"nm":"o","np":5,"cix":2,"bm":0,"ix":2,"mn":"ADBE Vector Group","hd":false},{"ty":"gr","it":[{"ind":0,"ty":"sh","ix":1,"ks":{"a":0,"k":{"i":[[0,0],[0,0],[0,0],[-3.454,0],[0,-3.27],[0,0],[0,0],[0,0],[-3.665,0],[0,-3.955],[0,0],[0,0],[0,0],[5.801,0],[1.45,-3.085],[0,0],[3.929,0],[1.266,-3.217],[0,0],[0,0],[0,0]],"o":[[0,0],[0,0],[0,-3.744],[3.375,0],[0,0],[0,0],[0,0],[0,-3.454],[3.718,0],[0,0],[0,0],[0,0],[0,-5.959],[-3.981,0],[0,0],[-1.266,-3.085],[-3.823,0],[0,0],[0,0],[0,0],[0,0]],"v":[[75.727,0],[81.396,0],[81.396,-17.587],[87.46,-24.258],[92.997,-18.958],[92.997,0],[98.561,0],[98.561,-18.114],[104.625,-24.258],[110.188,-18.378],[110.188,0],[115.857,0],[115.857,-19.749],[106.682,-29.188],[97.954,-24.073],[97.506,-24.073],[89.596,-29.188],[81.606,-24.073],[81.185,-24.073],[81.185,-28.635],[75.727,-28.635]],"c":true},"ix":2},"nm":"m","mn":"ADBE Vector Shape - Group","hd":false},{"ty":"fl","c":{"a":0,"k":[0.596079987171,0.596079987171,0.596079987171,1],"ix":4},"o":{"a":0,"k":100,"ix":5},"r":1,"bm":0,"nm":"填充 1","mn":"ADBE Vector Graphic - Fill","hd":false},{"ty":"tr","p":{"a":0,"k":[0,0],"ix":2},"a":{"a":0,"k":[0,0],"ix":1},"s":{"a":0,"k":[100,100],"ix":3},"r":{"a":0,"k":0,"ix":6},"o":{"a":0,"k":100,"ix":7},"sk":{"a":0,"k":0,"ix":4},"sa":{"a":0,"k":0,"ix":5},"nm":"变换"}],"nm":"m","np":3,"cix":2,"bm":0,"ix":3,"mn":"ADBE Vector Group","hd":false},{"ty":"gr","it":[{"ind":0,"ty":"sh","ix":1,"ks":{"a":0,"k":{"i":[[-8.411,0],[0,9.255],[8.358,0],[0,-9.229]],"o":[[8.385,0],[0,-9.255],[-8.385,0],[0,9.255]],"v":[[135.949,0.554],[149.476,-14.317],[135.949,-29.188],[122.396,-14.317]],"c":true},"ix":2},"nm":"o","mn":"ADBE Vector Shape - Group","hd":false},{"ind":1,"ty":"sh","ix":2,"ks":{"a":0,"k":{"i":[[4.904,0],[0,6.381],[-4.931,0],[0,-6.381]],"o":[[-4.931,0],[0,-6.381],[4.904,0],[0,6.354]],"v":[[135.949,-4.271],[128.25,-14.317],[135.949,-24.39],[143.648,-14.317]],"c":true},"ix":2},"nm":"o","mn":"ADBE Vector Shape - Group","hd":false},{"ty":"mm","mm":1,"nm":"合并路径 1","mn":"ADBE Vector Filter - Merge","hd":false},{"ty":"fl","c":{"a":0,"k":[0.596079987171,0.596079987171,0.596079987171,1],"ix":4},"o":{"a":0,"k":100,"ix":5},"r":1,"bm":0,"nm":"填充 1","mn":"ADBE Vector Graphic - Fill","hd":false},{"ty":"tr","p":{"a":0,"k":[0,0],"ix":2},"a":{"a":0,"k":[0,0],"ix":1},"s":{"a":0,"k":[100,100],"ix":3},"r":{"a":0,"k":0,"ix":6},"o":{"a":0,"k":100,"ix":7},"sk":{"a":0,"k":0,"ix":4},"sa":{"a":0,"k":0,"ix":5},"nm":"变换"}],"nm":"o","np":5,"cix":2,"bm":0,"ix":4,"mn":"ADBE Vector Group","hd":false},{"ty":"gr","it":[{"ind":0,"ty":"sh","ix":1,"ks":{"a":0,"k":{"i":[[0,0],[0,0],[0,0],[0,0],[0,0],[0,0],[0,0],[0,0]],"o":[[0,0],[0,0],[0,0],[0,0],[0,0],[0,0],[0,0],[0,0]],"v":[[195.354,-28.635],[189.343,-28.635],[182.224,-5.801],[181.775,-5.801],[174.63,-28.635],[168.565,-28.635],[178.928,0],[185.019,0]],"c":true},"ix":2},"nm":"v","mn":"ADBE Vector Shape - Group","hd":false},{"ty":"fl","c":{"a":0,"k":[0.596079987171,0.596079987171,0.596079987171,1],"ix":4},"o":{"a":0,"k":100,"ix":5},"r":1,"bm":0,"nm":"填充 1","mn":"ADBE Vector Graphic - Fill","hd":false},{"ty":"tr","p":{"a":0,"k":[0,0],"ix":2},"a":{"a":0,"k":[0,0],"ix":1},"s":{"a":0,"k":[100,100],"ix":3},"r":{"a":0,"k":0,"ix":6},"o":{"a":0,"k":100,"ix":7},"sk":{"a":0,"k":0,"ix":4},"sa":{"a":0,"k":0,"ix":5},"nm":"变换"}],"nm":"v","np":3,"cix":2,"bm":0,"ix":5,"mn":"ADBE Vector Group","hd":false},{"ty":"gr","it":[{"ind":0,"ty":"sh","ix":1,"ks":{"a":0,"k":{"i":[[-8.411,0],[0,9.255],[8.358,0],[0,-9.229]],"o":[[8.385,0],[0,-9.255],[-8.385,0],[0,9.255]],"v":[[213.231,0.554],[226.758,-14.317],[213.231,-29.188],[199.679,-14.317]],"c":true},"ix":2},"nm":"o","mn":"ADBE Vector Shape - Group","hd":false},{"ind":1,"ty":"sh","ix":2,"ks":{"a":0,"k":{"i":[[4.904,0],[0,6.381],[-4.931,0],[0,-6.381]],"o":[[-4.931,0],[0,-6.381],[4.904,0],[0,6.354]],"v":[[213.231,-4.271],[205.532,-14.317],[213.231,-24.39],[220.931,-14.317]],"c":true},"ix":2},"nm":"o","mn":"ADBE Vector Shape - Group","hd":false},{"ty":"mm","mm":1,"nm":"合并路径 1","mn":"ADBE Vector Filter - Merge","hd":false},{"ty":"fl","c":{"a":0,"k":[0.596079987171,0.596079987171,0.596079987171,1],"ix":4},"o":{"a":0,"k":100,"ix":5},"r":1,"bm":0,"nm":"填充 1","mn":"ADBE Vector Graphic - Fill","hd":false},{"ty":"tr","p":{"a":0,"k":[0,0],"ix":2},"a":{"a":0,"k":[0,0],"ix":1},"s":{"a":0,"k":[100,100],"ix":3},"r":{"a":0,"k":0,"ix":6},"o":{"a":0,"k":100,"ix":7},"sk":{"a":0,"k":0,"ix":4},"sa":{"a":0,"k":0,"ix":5},"nm":"变换"}],"nm":"o","np":5,"cix":2,"bm":0,"ix":6,"mn":"ADBE Vector Group","hd":false},{"ty":"gr","it":[{"ind":0,"ty":"sh","ix":1,"ks":{"a":0,"k":{"i":[[0,0],[7.198,0],[0,-9.097],[-8.358,0],[-0.738,5.643],[0,0],[3.586,0],[0,6.328],[-4.746,0],[-0.659,-2.795]],"o":[[-0.738,-5.563],[-8.358,0],[0,9.281],[7.093,0],[0,0],[-0.738,3.111],[-4.72,0],[0,-6.196],[3.797,0],[0,0]],"v":[[257.871,-19.433],[245.584,-29.188],[232.137,-14.423],[245.61,0.554],[257.871,-9.07],[252.36,-9.07],[245.584,-4.271],[237.938,-14.423],[245.584,-24.363],[252.36,-19.433]],"c":true},"ix":2},"nm":"c","mn":"ADBE Vector Shape - Group","hd":false},{"ty":"fl","c":{"a":0,"k":[0.596079987171,0.596079987171,0.596079987171,1],"ix":4},"o":{"a":0,"k":100,"ix":5},"r":1,"bm":0,"nm":"填充 1","mn":"ADBE Vector Graphic - Fill","hd":false},{"ty":"tr","p":{"a":0,"k":[0,0],"ix":2},"a":{"a":0,"k":[0,0],"ix":1},"s":{"a":0,"k":[100,100],"ix":3},"r":{"a":0,"k":0,"ix":6},"o":{"a":0,"k":100,"ix":7},"sk":{"a":0,"k":0,"ix":4},"sa":{"a":0,"k":0,"ix":5},"nm":"变换"}],"nm":"c","np":3,"cix":2,"bm":0,"ix":7,"mn":"ADBE Vector Group","hd":false},{"ty":"gr","it":[{"ind":0,"ty":"sh","ix":1,"ks":{"a":0,"k":{"i":[[0,0],[0,0],[0,0],[0,0],[0,0],[0,0],[0,0],[0,0]],"o":[[0,0],[0,0],[0,0],[0,0],[0,0],[0,0],[0,0],[0,0]],"v":[[279.255,-41.66],[273.085,-41.66],[266.572,-32.59],[272.215,-32.59],[275.959,-38.417],[276.407,-38.417],[280.151,-32.59],[285.768,-32.59]],"c":true},"ix":2},"nm":"ê","mn":"ADBE Vector Shape - Group","hd":false},{"ind":1,"ty":"sh","ix":2,"ks":{"a":0,"k":{"i":[[0,0],[3.428,0],[0.185,5.194],[0,0],[0,0],[0,0],[7.989,0],[0,-9.097],[-8.227,0],[-1.239,5.062]],"o":[[-1.055,2.32],[-4.535,0],[0,0],[0,0],[0,0],[0,-8.965],[-8.095,0],[0,9.149],[6.565,0],[0,0]],"v":[[283.157,-7.673],[276.328,-4.087],[268.682,-12.551],[268.682,-12.814],[288.958,-12.814],[288.958,-14.766],[276.144,-29.188],[262.907,-14.265],[276.17,0.554],[288.615,-7.673]],"c":true},"ix":2},"nm":"ê","mn":"ADBE Vector Shape - Group","hd":false},{"ind":2,"ty":"sh","ix":3,"ks":{"a":0,"k":{"i":[[-4.192,0],[-0.132,-4.641],[0,0]],"o":[[4.192,0],[0,0],[0.316,-4.614]],"v":[[276.117,-24.574],[283.184,-16.901],[268.682,-16.901]],"c":true},"ix":2},"nm":"ê","mn":"ADBE Vector Shape - Group","hd":false},{"ty":"mm","mm":1,"nm":"合并路径 1","mn":"ADBE Vector Filter - Merge","hd":false},{"ty":"fl","c":{"a":0,"k":[0.596079987171,0.596079987171,0.596079987171,1],"ix":4},"o":{"a":0,"k":100,"ix":5},"r":1,"bm":0,"nm":"填充 1","mn":"ADBE Vector Graphic - Fill","hd":false},{"ty":"tr","p":{"a":0,"k":[0,0],"ix":2},"a":{"a":0,"k":[0,0],"ix":1},"s":{"a":0,"k":[100,100],"ix":3},"r":{"a":0,"k":0,"ix":6},"o":{"a":0,"k":100,"ix":7},"sk":{"a":0,"k":0,"ix":4},"sa":{"a":0,"k":0,"ix":5},"nm":"变换"}],"nm":"ê","np":6,"cix":2,"bm":0,"ix":8,"mn":"ADBE Vector Group","hd":false},{"ty":"gr","it":[{"ind":0,"ty":"sh","ix":1,"ks":{"a":0,"k":{"i":[[0,-4.983],[-5.458,-1.266],[0,0],[0,-1.793],[3.533,0],[0.712,2.241],[0,0],[-6.829,0],[0,5.326],[5.458,1.266],[0,0],[0,1.767],[-3.164,0],[-0.527,-2.136],[0,0],[6.46,0]],"o":[[0,4.245],[0,0],[2.874,0.686],[0,2.347],[-3.428,0],[0,0],[0.501,4.983],[6.855,0],[0,-4.166],[0,0],[-3.111,-0.738],[0,-2.32],[3.217,0],[0,0],[-0.554,-4.957],[-6.486,0]],"v":[[309.867,-20.619],[317.856,-12.683],[322.866,-11.496],[327.085,-7.857],[321.047,-3.876],[314.798,-7.515],[309.129,-7.515],[320.915,0.554],[332.807,-8.385],[324.791,-16.163],[320.019,-17.271],[315.457,-20.883],[321.021,-24.759],[326.821,-21.226],[332.253,-21.226],[321.021,-29.188]],"c":true},"ix":2},"nm":"s","mn":"ADBE Vector Shape - Group","hd":false},{"ty":"fl","c":{"a":0,"k":[0.596079987171,0.596079987171,0.596079987171,1],"ix":4},"o":{"a":0,"k":100,"ix":5},"r":1,"bm":0,"nm":"填充 1","mn":"ADBE Vector Graphic - Fill","hd":false},{"ty":"tr","p":{"a":0,"k":[0,0],"ix":2},"a":{"a":0,"k":[0,0],"ix":1},"s":{"a":0,"k":[100,100],"ix":3},"r":{"a":0,"k":0,"ix":6},"o":{"a":0,"k":100,"ix":7},"sk":{"a":0,"k":0,"ix":4},"sa":{"a":0,"k":0,"ix":5},"nm":"变换"}],"nm":"s","np":3,"cix":2,"bm":0,"ix":9,"mn":"ADBE Vector Group","hd":false},{"ty":"gr","it":[{"ind":0,"ty":"sh","ix":1,"ks":{"a":0,"k":{"i":[[0,0],[3.428,0],[0.185,5.194],[0,0],[0,0],[0,0],[7.989,0],[0,-9.097],[-8.227,0],[-1.239,5.062]],"o":[[-1.055,2.32],[-4.535,0],[0,0],[0,0],[0,0],[0,-8.965],[-8.095,0],[0,9.149],[6.565,0],[0,0]],"v":[[358.462,-7.673],[351.633,-4.087],[343.986,-12.551],[343.986,-12.814],[364.263,-12.814],[364.263,-14.766],[351.448,-29.188],[338.212,-14.265],[351.475,0.554],[363.92,-7.673]],"c":true},"ix":2},"nm":"e","mn":"ADBE Vector Shape - Group","hd":false},{"ind":1,"ty":"sh","ix":2,"ks":{"a":0,"k":{"i":[[-4.192,0],[-0.132,-4.641],[0,0]],"o":[[4.192,0],[0,0],[0.316,-4.614]],"v":[[351.422,-24.574],[358.488,-16.901],[343.986,-16.901]],"c":true},"ix":2},"nm":"e","mn":"ADBE Vector Shape - Group","hd":false},{"ty":"mm","mm":1,"nm":"合并路径 1","mn":"ADBE Vector Filter - Merge","hd":false},{"ty":"fl","c":{"a":0,"k":[0.596079987171,0.596079987171,0.596079987171,1],"ix":4},"o":{"a":0,"k":100,"ix":5},"r":1,"bm":0,"nm":"填充 1","mn":"ADBE Vector Graphic - Fill","hd":false},{"ty":"tr","p":{"a":0,"k":[0,0],"ix":2},"a":{"a":0,"k":[0,0],"ix":1},"s":{"a":0,"k":[100,100],"ix":3},"r":{"a":0,"k":0,"ix":6},"o":{"a":0,"k":100,"ix":7},"sk":{"a":0,"k":0,"ix":4},"sa":{"a":0,"k":0,"ix":5},"nm":"变换"}],"nm":"e","np":5,"cix":2,"bm":0,"ix":10,"mn":"ADBE Vector Group","hd":false},{"ty":"gr","it":[{"ind":0,"ty":"sh","ix":1,"ks":{"a":0,"k":{"i":[[0,0],[0,0],[0,0],[-4.298,0],[-0.475,-0.132],[0,0],[0.844,0],[0.817,-2.821],[0,0],[0,0],[0,0]],"o":[[0,0],[0,0],[0,-4.034],[1.002,0],[0,0],[-0.606,-0.132],[-3.744,0],[0,0],[0,0],[0,0],[0,0]],"v":[[371.065,0],[376.734,0],[376.734,-17.112],[384.064,-23.915],[387.229,-23.599],[387.229,-28.925],[384.697,-29.136],[376.945,-24.284],[376.523,-24.284],[376.523,-28.635],[371.065,-28.635]],"c":true},"ix":2},"nm":"r","mn":"ADBE Vector Shape - Group","hd":false},{"ty":"fl","c":{"a":0,"k":[0.596079987171,0.596079987171,0.596079987171,1],"ix":4},"o":{"a":0,"k":100,"ix":5},"r":1,"bm":0,"nm":"填充 1","mn":"ADBE Vector Graphic - Fill","hd":false},{"ty":"tr","p":{"a":0,"k":[0,0],"ix":2},"a":{"a":0,"k":[0,0],"ix":1},"s":{"a":0,"k":[100,100],"ix":3},"r":{"a":0,"k":0,"ix":6},"o":{"a":0,"k":100,"ix":7},"sk":{"a":0,"k":0,"ix":4},"sa":{"a":0,"k":0,"ix":5},"nm":"变换"}],"nm":"r","np":3,"cix":2,"bm":0,"ix":11,"mn":"ADBE Vector Group","hd":false},{"ty":"gr","it":[{"ind":0,"ty":"sh","ix":1,"ks":{"a":0,"k":{"i":[[0,0],[0,0],[0,0],[0,0]],"o":[[0,0],[0,0],[0,0],[0,0]],"v":[[406.187,-32.59],[412.33,-41.66],[406.239,-41.66],[401.678,-32.59]],"c":true},"ix":2},"nm":"á","mn":"ADBE Vector Shape - Group","hd":false},{"ind":1,"ty":"sh","ix":2,"ks":{"a":0,"k":{"i":[[-5.537,0],[-1.714,2.9],[0,0],[0,0],[0,0],[0,0],[7.198,0],[0.58,-4.825],[0,0],[-3.164,0],[0,-3.138],[0,0],[0,0],[0,-5.142]],"o":[[3.771,0],[0,0],[0,0],[0,0],[0,0],[0,-6.012],[-6.513,0],[0,0],[0.633,-2.083],[3.876,0],[0,0],[0,0],[-6.829,0.422],[0,5.221]],"v":[[400.623,0.475],[409.245,-4.061],[409.693,-4.061],[409.693,0],[415.151,0],[415.151,-19.591],[403.893,-29.188],[392.159,-21.226],[397.644,-21.226],[403.629,-24.495],[409.509,-19.591],[409.509,-17.086],[401.73,-16.611],[391.052,-8.068]],"c":true},"ix":2},"nm":"á","mn":"ADBE Vector Shape - Group","hd":false},{"ind":2,"ty":"sh","ix":3,"ks":{"a":0,"k":{"i":[[4.271,0],[0,2.663],[-3.955,0.264],[0,0],[0,0]],"o":[[-3.085,0],[0,-2.61],[0,0],[0,0],[0,3.691]],"v":[[402.073,-4.087],[396.747,-8.306],[402.495,-12.577],[409.509,-13.052],[409.509,-10.573]],"c":true},"ix":2},"nm":"á","mn":"ADBE Vector Shape - Group","hd":false},{"ty":"mm","mm":1,"nm":"合并路径 1","mn":"ADBE Vector Filter - Merge","hd":false},{"ty":"fl","c":{"a":0,"k":[0.596079987171,0.596079987171,0.596079987171,1],"ix":4},"o":{"a":0,"k":100,"ix":5},"r":1,"bm":0,"nm":"填充 1","mn":"ADBE Vector Graphic - Fill","hd":false},{"ty":"tr","p":{"a":0,"k":[0,0],"ix":2},"a":{"a":0,"k":[0,0],"ix":1},"s":{"a":0,"k":[100,100],"ix":3},"r":{"a":0,"k":0,"ix":6},"o":{"a":0,"k":100,"ix":7},"sk":{"a":0,"k":0,"ix":4},"sa":{"a":0,"k":0,"ix":5},"nm":"变换"}],"nm":"á","np":6,"cix":2,"bm":0,"ix":12,"mn":"ADBE Vector Group","hd":false}],"ip":0,"op":190,"st":0,"bm":0},{"ddd":0,"ind":37,"ty":4,"nm":"“Ressemblerais”轮廓","sr":1,"ks":{"o":{"a":1,"k":[{"i":{"x":[0.833],"y":[0.833]},"o":{"x":[0.167],"y":[0.167]},"t":10,"s":[0]},{"i":{"x":[0.833],"y":[0.833]},"o":{"x":[0.167],"y":[0.167]},"t":30,"s":[100]},{"i":{"x":[0.833],"y":[0.833]},"o":{"x":[0.167],"y":[0.167]},"t":180,"s":[100]},{"t":189,"s":[0]}],"ix":11},"r":{"a":0,"k":0,"ix":10},"p":{"a":0,"k":[42,642,0],"ix":2},"a":{"a":0,"k":[0,0,0],"ix":1},"s":{"a":0,"k":[100,100,100],"ix":6}},"ao":0,"hasMask":true,"masksProperties":[{"inv":false,"mode":"a","pt":{"a":1,"k":[{"i":{"x":0.667,"y":1},"o":{"x":0.333,"y":0},"t":10,"s":[{"i":[[0,0],[0,0],[0,0],[0,0]],"o":[[0,0],[0,0],[0,0],[0,0]],"v":[[-48,-101],[-365.648,-101],[-365.648,48.859],[-48,48.859]],"c":true}]},{"i":{"x":0.667,"y":1},"o":{"x":0.333,"y":0},"t":30,"s":[{"i":[[0,0],[0,0],[0,0],[0,0]],"o":[[0,0],[0,0],[0,0],[0,0]],"v":[[520,-101],[-42.648,-101],[-42.648,48.859],[520,48.859]],"c":true}]},{"i":{"x":0.667,"y":1},"o":{"x":0.333,"y":0},"t":180,"s":[{"i":[[0,0],[0,0],[0,0],[0,0]],"o":[[0,0],[0,0],[0,0],[0,0]],"v":[[520,-101],[-42.648,-101],[-42.648,48.859],[520,48.859]],"c":true}]},{"t":189,"s":[{"i":[[0,0],[0,0],[0,0],[0,0]],"o":[[0,0],[0,0],[0,0],[0,0]],"v":[[587,-102],[269.352,-102],[269.352,47.859],[587,47.859]],"c":true}]}],"ix":1},"o":{"a":0,"k":100,"ix":3},"x":{"a":0,"k":0,"ix":4},"nm":"蒙版 1"}],"shapes":[{"ty":"gr","it":[{"ind":0,"ty":"sh","ix":1,"ks":{"a":0,"k":{"i":[[0,0],[3.428,0],[0.185,5.194],[0,0],[0,0],[0,0],[7.989,0],[0,-9.097],[-8.227,0],[-1.239,5.062]],"o":[[-1.055,2.32],[-4.535,0],[0,0],[0,0],[0,0],[0,-8.965],[-8.095,0],[0,9.149],[6.565,0],[0,0]],"v":[[22.939,-7.673],[16.11,-4.087],[8.464,-12.551],[8.464,-12.814],[28.74,-12.814],[28.74,-14.766],[15.926,-29.188],[2.689,-14.265],[15.952,0.554],[28.397,-7.673]],"c":true},"ix":2},"nm":"e","mn":"ADBE Vector Shape - Group","hd":false},{"ind":1,"ty":"sh","ix":2,"ks":{"a":0,"k":{"i":[[-4.192,0],[-0.132,-4.641],[0,0]],"o":[[4.192,0],[0,0],[0.316,-4.614]],"v":[[15.899,-24.574],[22.966,-16.901],[8.464,-16.901]],"c":true},"ix":2},"nm":"e","mn":"ADBE Vector Shape - Group","hd":false},{"ty":"mm","mm":1,"nm":"合并路径 1","mn":"ADBE Vector Filter - Merge","hd":false},{"ty":"fl","c":{"a":0,"k":[0.596079987171,0.596079987171,0.596079987171,1],"ix":4},"o":{"a":0,"k":100,"ix":5},"r":1,"bm":0,"nm":"填充 1","mn":"ADBE Vector Graphic - Fill","hd":false},{"ty":"tr","p":{"a":0,"k":[0,0],"ix":2},"a":{"a":0,"k":[0,0],"ix":1},"s":{"a":0,"k":[100,100],"ix":3},"r":{"a":0,"k":0,"ix":6},"o":{"a":0,"k":100,"ix":7},"sk":{"a":0,"k":0,"ix":4},"sa":{"a":0,"k":0,"ix":5},"nm":"变换"}],"nm":"e","np":5,"cix":2,"bm":0,"ix":1,"mn":"ADBE Vector Group","hd":false},{"ty":"gr","it":[{"ind":0,"ty":"sh","ix":1,"ks":{"a":0,"k":{"i":[[0,0],[0,0],[0,0],[-3.454,0],[0,-3.27],[0,0],[0,0],[0,0],[-3.665,0],[0,-3.955],[0,0],[0,0],[0,0],[5.801,0],[1.45,-3.085],[0,0],[3.929,0],[1.266,-3.217],[0,0],[0,0],[0,0]],"o":[[0,0],[0,0],[0,-3.744],[3.375,0],[0,0],[0,0],[0,0],[0,-3.454],[3.718,0],[0,0],[0,0],[0,0],[0,-5.959],[-3.981,0],[0,0],[-1.266,-3.085],[-3.823,0],[0,0],[0,0],[0,0],[0,0]],"v":[[35.543,0],[41.212,0],[41.212,-17.587],[47.276,-24.258],[52.813,-18.958],[52.813,0],[58.377,0],[58.377,-18.114],[64.441,-24.258],[70.005,-18.378],[70.005,0],[75.674,0],[75.674,-19.749],[66.498,-29.188],[57.771,-24.073],[57.322,-24.073],[49.412,-29.188],[41.423,-24.073],[41.001,-24.073],[41.001,-28.635],[35.543,-28.635]],"c":true},"ix":2},"nm":"m","mn":"ADBE Vector Shape - Group","hd":false},{"ty":"fl","c":{"a":0,"k":[0.596079987171,0.596079987171,0.596079987171,1],"ix":4},"o":{"a":0,"k":100,"ix":5},"r":1,"bm":0,"nm":"填充 1","mn":"ADBE Vector Graphic - Fill","hd":false},{"ty":"tr","p":{"a":0,"k":[0,0],"ix":2},"a":{"a":0,"k":[0,0],"ix":1},"s":{"a":0,"k":[100,100],"ix":3},"r":{"a":0,"k":0,"ix":6},"o":{"a":0,"k":100,"ix":7},"sk":{"a":0,"k":0,"ix":4},"sa":{"a":0,"k":0,"ix":5},"nm":"变换"}],"nm":"m","np":3,"cix":2,"bm":0,"ix":2,"mn":"ADBE Vector Group","hd":false},{"ty":"gr","it":[{"ind":0,"ty":"sh","ix":1,"ks":{"a":0,"k":{"i":[[0,0],[0,0],[0,-4.061],[4.667,0],[0.343,3.744],[0,0],[-8.042,0],[0,6.486],[5.062,0.765],[0,0],[-0.026,4.588],[7.857,0],[0.396,-6.46],[0,0],[-4.324,0],[0,-3.349],[4.113,0],[0,0]],"o":[[0,0],[4.957,0],[0,3.955],[-4.614,0],[0,0],[0.316,6.697],[7.937,0],[0,-5.221],[0,0],[3.981,-1.107],[0.026,-5.405],[-8.016,0],[0,0],[0.343,-3.981],[4.271,0],[0,3.665],[0,0],[0,0]],"v":[[106.813,-17.218],[111.56,-17.218],[119.575,-10.626],[111.639,-4.034],[103.491,-10.178],[97.822,-10.178],[111.718,0.923],[125.64,-10.31],[117.308,-19.67],[117.308,-20.118],[124.189,-28.846],[111.902,-38.971],[98.534,-27.896],[104.124,-27.896],[111.56,-34.119],[118.362,-28.107],[111.401,-21.858],[106.813,-21.858]],"c":true},"ix":2},"nm":"3","mn":"ADBE Vector Shape - Group","hd":false},{"ty":"fl","c":{"a":0,"k":[0.596079987171,0.596079987171,0.596079987171,1],"ix":4},"o":{"a":0,"k":100,"ix":5},"r":1,"bm":0,"nm":"填充 1","mn":"ADBE Vector Graphic - Fill","hd":false},{"ty":"tr","p":{"a":0,"k":[0,0],"ix":2},"a":{"a":0,"k":[0,0],"ix":1},"s":{"a":0,"k":[100,100],"ix":3},"r":{"a":0,"k":0,"ix":6},"o":{"a":0,"k":100,"ix":7},"sk":{"a":0,"k":0,"ix":4},"sa":{"a":0,"k":0,"ix":5},"nm":"变换"}],"nm":"3","np":3,"cix":2,"bm":0,"ix":3,"mn":"ADBE Vector Group","hd":false},{"ty":"gr","it":[{"ind":0,"ty":"sh","ix":1,"ks":{"a":0,"k":{"i":[[-8.886,0],[0,12.604],[8.78,0],[0,-12.551]],"o":[[8.859,0],[0,-12.63],[-8.833,0],[0,12.656]],"v":[[146.522,0.923],[160.55,-18.984],[146.522,-38.971],[132.442,-19.063]],"c":true},"ix":2},"nm":"0","mn":"ADBE Vector Shape - Group","hd":false},{"ind":1,"ty":"sh","ix":2,"ks":{"a":0,"k":{"i":[[5.168,0],[0,9.809],[-5.115,0],[0,-9.729]],"o":[[-5.168,0],[0,-9.677],[5.115,0],[0,9.835]],"v":[[146.522,-3.981],[138.401,-19.063],[146.522,-34.04],[154.591,-19.063]],"c":true},"ix":2},"nm":"0","mn":"ADBE Vector Shape - Group","hd":false},{"ty":"mm","mm":1,"nm":"合并路径 1","mn":"ADBE Vector Filter - Merge","hd":false},{"ty":"fl","c":{"a":0,"k":[0.596079987171,0.596079987171,0.596079987171,1],"ix":4},"o":{"a":0,"k":100,"ix":5},"r":1,"bm":0,"nm":"填充 1","mn":"ADBE Vector Graphic - Fill","hd":false},{"ty":"tr","p":{"a":0,"k":[0,0],"ix":2},"a":{"a":0,"k":[0,0],"ix":1},"s":{"a":0,"k":[100,100],"ix":3},"r":{"a":0,"k":0,"ix":6},"o":{"a":0,"k":100,"ix":7},"sk":{"a":0,"k":0,"ix":4},"sa":{"a":0,"k":0,"ix":5},"nm":"变换"}],"nm":"0","np":5,"cix":2,"bm":0,"ix":4,"mn":"ADBE Vector Group","hd":false},{"ty":"gr","it":[{"ind":0,"ty":"sh","ix":1,"ks":{"a":0,"k":{"i":[[-5.537,0],[-1.714,2.9],[0,0],[0,0],[0,0],[0,0],[7.198,0],[0.58,-4.825],[0,0],[-3.164,0],[0,-3.138],[0,0],[0,0],[0,-5.142]],"o":[[3.771,0],[0,0],[0,0],[0,0],[0,0],[0,-6.012],[-6.513,0],[0,0],[0.633,-2.083],[3.876,0],[0,0],[0,0],[-6.829,0.422],[0,5.221]],"v":[[190.846,0.475],[199.468,-4.061],[199.916,-4.061],[199.916,0],[205.374,0],[205.374,-19.591],[194.115,-29.188],[182.382,-21.226],[187.866,-21.226],[193.852,-24.495],[199.731,-19.591],[199.731,-17.086],[191.953,-16.611],[181.274,-8.068]],"c":true},"ix":2},"nm":"a","mn":"ADBE Vector Shape - Group","hd":false},{"ind":1,"ty":"sh","ix":2,"ks":{"a":0,"k":{"i":[[4.271,0],[0,2.663],[-3.955,0.264],[0,0],[0,0]],"o":[[-3.085,0],[0,-2.61],[0,0],[0,0],[0,3.691]],"v":[[192.296,-4.087],[186.97,-8.306],[192.718,-12.577],[199.731,-13.052],[199.731,-10.573]],"c":true},"ix":2},"nm":"a","mn":"ADBE Vector Shape - Group","hd":false},{"ty":"mm","mm":1,"nm":"合并路径 1","mn":"ADBE Vector Filter - Merge","hd":false},{"ty":"fl","c":{"a":0,"k":[0.596079987171,0.596079987171,0.596079987171,1],"ix":4},"o":{"a":0,"k":100,"ix":5},"r":1,"bm":0,"nm":"填充 1","mn":"ADBE Vector Graphic - Fill","hd":false},{"ty":"tr","p":{"a":0,"k":[0,0],"ix":2},"a":{"a":0,"k":[0,0],"ix":1},"s":{"a":0,"k":[100,100],"ix":3},"r":{"a":0,"k":0,"ix":6},"o":{"a":0,"k":100,"ix":7},"sk":{"a":0,"k":0,"ix":4},"sa":{"a":0,"k":0,"ix":5},"nm":"变换"}],"nm":"a","np":5,"cix":2,"bm":0,"ix":5,"mn":"ADBE Vector Group","hd":false},{"ty":"gr","it":[{"ind":0,"ty":"sh","ix":1,"ks":{"a":0,"k":{"i":[[0,0],[0,0],[0,0],[-4.192,0],[0,-4.746],[0,0],[0,0],[0,0],[6.407,0],[1.397,-3.164],[0,0],[0,0],[0,0]],"o":[[0,0],[0,0],[0,-4.614],[4.192,0],[0,0],[0,0],[0,0],[0,-6.829],[-4.324,0],[0,0],[0,0],[0,0],[0,0]],"v":[[213.442,0],[219.111,0],[219.111,-16.796],[225.967,-24.258],[232.163,-17.191],[232.163,0],[237.832,0],[237.832,-18.536],[227.892,-29.188],[219.322,-24.1],[218.9,-24.1],[218.9,-28.635],[213.442,-28.635]],"c":true},"ix":2},"nm":"n","mn":"ADBE Vector Shape - Group","hd":false},{"ty":"fl","c":{"a":0,"k":[0.596079987171,0.596079987171,0.596079987171,1],"ix":4},"o":{"a":0,"k":100,"ix":5},"r":1,"bm":0,"nm":"填充 1","mn":"ADBE Vector Graphic - Fill","hd":false},{"ty":"tr","p":{"a":0,"k":[0,0],"ix":2},"a":{"a":0,"k":[0,0],"ix":1},"s":{"a":0,"k":[100,100],"ix":3},"r":{"a":0,"k":0,"ix":6},"o":{"a":0,"k":100,"ix":7},"sk":{"a":0,"k":0,"ix":4},"sa":{"a":0,"k":0,"ix":5},"nm":"变换"}],"nm":"n","np":3,"cix":2,"bm":0,"ix":6,"mn":"ADBE Vector Group","hd":false},{"ty":"gr","it":[{"ind":0,"ty":"sh","ix":1,"ks":{"a":0,"k":{"i":[[-8.411,0],[0,9.255],[8.358,0],[0,-9.229]],"o":[[8.385,0],[0,-9.255],[-8.385,0],[0,9.255]],"v":[[257.924,0.554],[271.45,-14.317],[257.924,-29.188],[244.371,-14.317]],"c":true},"ix":2},"nm":"o","mn":"ADBE Vector Shape - Group","hd":false},{"ind":1,"ty":"sh","ix":2,"ks":{"a":0,"k":{"i":[[4.904,0],[0,6.381],[-4.931,0],[0,-6.381]],"o":[[-4.931,0],[0,-6.381],[4.904,0],[0,6.354]],"v":[[257.924,-4.271],[250.225,-14.317],[257.924,-24.39],[265.623,-14.317]],"c":true},"ix":2},"nm":"o","mn":"ADBE Vector Shape - Group","hd":false},{"ty":"mm","mm":1,"nm":"合并路径 1","mn":"ADBE Vector Filter - Merge","hd":false},{"ty":"fl","c":{"a":0,"k":[0.596079987171,0.596079987171,0.596079987171,1],"ix":4},"o":{"a":0,"k":100,"ix":5},"r":1,"bm":0,"nm":"填充 1","mn":"ADBE Vector Graphic - Fill","hd":false},{"ty":"tr","p":{"a":0,"k":[0,0],"ix":2},"a":{"a":0,"k":[0,0],"ix":1},"s":{"a":0,"k":[100,100],"ix":3},"r":{"a":0,"k":0,"ix":6},"o":{"a":0,"k":100,"ix":7},"sk":{"a":0,"k":0,"ix":4},"sa":{"a":0,"k":0,"ix":5},"nm":"变换"}],"nm":"o","np":5,"cix":2,"bm":0,"ix":7,"mn":"ADBE Vector Group","hd":false},{"ty":"gr","it":[{"ind":0,"ty":"sh","ix":1,"ks":{"a":0,"k":{"i":[[0,-4.983],[-5.458,-1.266],[0,0],[0,-1.793],[3.533,0],[0.712,2.241],[0,0],[-6.829,0],[0,5.326],[5.458,1.266],[0,0],[0,1.767],[-3.164,0],[-0.527,-2.136],[0,0],[6.46,0]],"o":[[0,4.245],[0,0],[2.874,0.686],[0,2.347],[-3.428,0],[0,0],[0.501,4.983],[6.855,0],[0,-4.166],[0,0],[-3.111,-0.738],[0,-2.32],[3.217,0],[0,0],[-0.554,-4.957],[-6.486,0]],"v":[[277.594,-20.619],[285.583,-12.683],[290.593,-11.496],[294.812,-7.857],[288.773,-3.876],[282.524,-7.515],[276.855,-7.515],[288.642,0.554],[300.533,-8.385],[292.518,-16.163],[287.745,-17.271],[283.184,-20.883],[288.747,-24.759],[294.548,-21.226],[299.979,-21.226],[288.747,-29.188]],"c":true},"ix":2},"nm":"s","mn":"ADBE Vector Shape - Group","hd":false},{"ty":"fl","c":{"a":0,"k":[0.596079987171,0.596079987171,0.596079987171,1],"ix":4},"o":{"a":0,"k":100,"ix":5},"r":1,"bm":0,"nm":"填充 1","mn":"ADBE Vector Graphic - Fill","hd":false},{"ty":"tr","p":{"a":0,"k":[0,0],"ix":2},"a":{"a":0,"k":[0,0],"ix":1},"s":{"a":0,"k":[100,100],"ix":3},"r":{"a":0,"k":0,"ix":6},"o":{"a":0,"k":100,"ix":7},"sk":{"a":0,"k":0,"ix":4},"sa":{"a":0,"k":0,"ix":5},"nm":"变换"}],"nm":"s","np":3,"cix":2,"bm":0,"ix":8,"mn":"ADBE Vector Group","hd":false},{"ty":"gr","it":[{"ind":0,"ty":"sh","ix":1,"ks":{"a":0,"k":{"i":[[0.237,-5.985],[0,0],[-3.639,0],[0,-2.979],[3.19,-1.925],[-0.132,-3.718],[0,0],[0,0],[0,0],[-3.401,2.004],[0,4.087],[6.961,0]],"o":[[0,0],[0.237,-3.48],[3.612,0],[0,2.716],[-3.612,2.162],[0,0],[0,0],[0,0],[0,-2.716],[3.48,-2.083],[0,-5.643],[-7.646,0]],"v":[[305.332,-27.844],[310.79,-27.844],[317.013,-33.513],[322.972,-28.345],[318.647,-22.175],[313.559,-13.922],[313.585,-11.812],[319.043,-11.812],[319.043,-13.421],[323.42,-19.538],[328.957,-28.582],[317.303,-38.364]],"c":true},"ix":2},"nm":"?","mn":"ADBE Vector Shape - Group","hd":false},{"ind":1,"ty":"sh","ix":2,"ks":{"a":0,"k":{"i":[[-2.426,0],[0,2.347],[2.426,0],[0,-2.373]],"o":[[2.426,0],[0,-2.373],[-2.426,0],[0,2.347]],"v":[[316.644,0.58],[320.704,-3.349],[316.644,-7.304],[312.557,-3.349]],"c":true},"ix":2},"nm":"?","mn":"ADBE Vector Shape - Group","hd":false},{"ty":"mm","mm":1,"nm":"合并路径 1","mn":"ADBE Vector Filter - Merge","hd":false},{"ty":"fl","c":{"a":0,"k":[0.596079987171,0.596079987171,0.596079987171,1],"ix":4},"o":{"a":0,"k":100,"ix":5},"r":1,"bm":0,"nm":"填充 1","mn":"ADBE Vector Graphic - Fill","hd":false},{"ty":"tr","p":{"a":0,"k":[0,0],"ix":2},"a":{"a":0,"k":[0,0],"ix":1},"s":{"a":0,"k":[100,100],"ix":3},"r":{"a":0,"k":0,"ix":6},"o":{"a":0,"k":100,"ix":7},"sk":{"a":0,"k":0,"ix":4},"sa":{"a":0,"k":0,"ix":5},"nm":"变换"}],"nm":"?","np":5,"cix":2,"bm":0,"ix":9,"mn":"ADBE Vector Group","hd":false}],"ip":10,"op":190,"st":10,"bm":0}],"markers":[]}