{"v":"5.6.8","fr":30,"ip":0,"op":189,"w":1125,"h":1050,"nm":"订阅视频-变性-多语言","ddd":0,"assets":[],"layers":[{"ddd":0,"ind":10,"ty":4,"nm":"“後的我”轮廓","sr":1,"ks":{"o":{"a":1,"k":[{"i":{"x":[0.833],"y":[0.833]},"o":{"x":[0.167],"y":[0.167]},"t":10,"s":[0]},{"i":{"x":[0.833],"y":[0.833]},"o":{"x":[0.167],"y":[0.167]},"t":30,"s":[100]},{"i":{"x":[0.833],"y":[0.833]},"o":{"x":[0.167],"y":[0.167]},"t":180,"s":[100]},{"t":189,"s":[0]}],"ix":11},"r":{"a":0,"k":0,"ix":10},"p":{"a":0,"k":[84,664,0],"ix":2},"a":{"a":0,"k":[0,0,0],"ix":1},"s":{"a":0,"k":[100,100,100],"ix":6}},"ao":0,"hasMask":true,"masksProperties":[{"inv":false,"mode":"a","pt":{"a":1,"k":[{"i":{"x":0.667,"y":1},"o":{"x":0.333,"y":0},"t":10,"s":[{"i":[[0,0],[0,0],[0,0],[0,0]],"o":[[0,0],[0,0],[0,0],[0,0]],"v":[[-40.914,-109],[-432,-109],[-432,50.422],[-40.914,50.422]],"c":true}]},{"i":{"x":0.833,"y":0.833},"o":{"x":0.333,"y":0},"t":30,"s":[{"i":[[0,0],[0,0],[0,0],[0,0]],"o":[[0,0],[0,0],[0,0],[0,0]],"v":[[325.086,-103],[-66,-103],[-66,44.422],[325.086,44.422]],"c":true}]},{"i":{"x":0.667,"y":1},"o":{"x":0.167,"y":0.167},"t":179,"s":[{"i":[[0,0],[0,0],[0,0],[0,0]],"o":[[0,0],[0,0],[0,0],[0,0]],"v":[[325.086,-103],[-66,-103],[-66,44.422],[325.086,44.422]],"c":true}]},{"i":{"x":0.667,"y":1},"o":{"x":0.333,"y":0},"t":180,"s":[{"i":[[0,0],[0,0],[0,0],[0,0]],"o":[[0,0],[0,0],[0,0],[0,0]],"v":[[325.086,-92],[-66,-92],[-66,33.422],[325.086,33.422]],"c":true}]},{"t":189,"s":[{"i":[[0,0],[0,0],[0,0],[0,0]],"o":[[0,0],[0,0],[0,0],[0,0]],"v":[[671.086,-104],[280,-104],[280,45.422],[671.086,45.422]],"c":true}]}],"ix":1},"o":{"a":0,"k":100,"ix":3},"x":{"a":0,"k":0,"ix":4},"nm":"蒙版 1"}],"shapes":[{"ty":"gr","it":[{"ind":0,"ty":"sh","ix":1,"ks":{"a":0,"k":{"i":[[4.995,6.606],[0,0],[-1.289,-2.014],[7.009,-0.806],[-8.54,9.185],[0,0],[2.014,-2.095],[3.867,-0.403],[-2.981,4.351],[0,0],[1.934,-2.336],[2.336,-0.161],[0,0],[-4.189,0.403],[5.398,-1.853],[0,0],[-2.9,0.161],[6.606,-4.431],[0,0],[-2.256,2.417],[-2.82,-2.336],[7.896,-1.611],[0,0],[-6.204,3.464],[-7.976,-2.014],[0,0],[5.317,2.578],[-1.611,4.995],[0,0],[0,0],[-0.564,1.208],[0,0],[-6.123,0.967],[-0.967,-1.853],[0,0]],"o":[[0,0],[1.45,2.014],[-5.479,0.967],[6.929,-4.915],[0,0],[-2.014,2.256],[-3.545,0.322],[3.223,-3.625],[0,0],[-3.384,5.801],[-1.772,2.014],[0,0],[5.801,-0.483],[-6.606,5.881],[0,0],[2.981,-0.161],[-3.464,7.009],[0,0],[2.498,-1.772],[2.175,2.739],[-5.317,2.578],[0,0],[9.185,-2.095],[5.801,3.464],[0,0],[-6.929,-1.45],[4.351,-3.706],[0,0],[0,0],[0.564,-1.047],[0,0],[8.379,-0.725],[1.128,1.853],[0,0],[-2.659,-4.995]],"v":[[64.453,-47.131],[58.652,-43.506],[62.842,-37.463],[44.15,-34.805],[67.354,-55.994],[60.022,-59.619],[53.979,-53.013],[42.861,-51.885],[52.207,-63.889],[44.714,-66.79],[36.658,-54.543],[30.535,-51.24],[31.582,-44.473],[46.487,-45.762],[28.44,-34.16],[30.696,-27.634],[39.478,-28.198],[24.331,-11.038],[30.293,-5.801],[37.463,-12.166],[44.956,-4.512],[25.137,1.772],[28.923,8.701],[52.046,0.403],[72.671,8.621],[77.424,1.611],[59.055,-4.431],[68.079,-17.483],[68.079,-24.25],[45.842,-24.25],[47.534,-27.634],[45.117,-28.601],[66.951,-31.099],[70.093,-25.54],[75.974,-29.648]],"c":true},"ix":2},"nm":"後","mn":"ADBE Vector Shape - Group","hd":false},{"ind":1,"ty":"sh","ix":2,"ks":{"a":0,"k":{"i":[[3.464,-2.578],[2.417,3.223],[0,0]],"o":[[-3.545,-2.417],[0,0],[-1.772,3.062]],"v":[[51.885,-8.621],[43.022,-17.08],[59.7,-17.08]],"c":true},"ix":2},"nm":"後","mn":"ADBE Vector Shape - Group","hd":false},{"ind":2,"ty":"sh","ix":3,"ks":{"a":0,"k":{"i":[[0,0],[7.493,-5.479],[0,0],[-4.189,8.701]],"o":[[-3.625,7.332],[0,0],[10.232,-7.09],[0,0]],"v":[[19.497,-66.548],[2.82,-47.373],[5.317,-39.236],[26.99,-63.003]],"c":true},"ix":2},"nm":"後","mn":"ADBE Vector Shape - Group","hd":false},{"ind":3,"ty":"sh","ix":4,"ks":{"a":0,"k":{"i":[[0,0],[7.976,-5.962],[0,0],[-2.417,2.014],[0,0],[0,0],[0,0],[-1.853,3.948]],"o":[[-3.948,7.976],[0,0],[2.578,-1.853],[0,0],[0,0],[0,0],[2.9,-3.545],[0,0]],"v":[[21.35,-45.923],[3.464,-25.056],[5.962,-17.08],[13.374,-22.881],[13.374,7.896],[21.511,7.896],[21.511,-31.179],[28.682,-42.458]],"c":true},"ix":2},"nm":"後","mn":"ADBE Vector Shape - Group","hd":false},{"ty":"mm","mm":1,"nm":"合并路径 1","mn":"ADBE Vector Filter - Merge","hd":false},{"ty":"fl","c":{"a":0,"k":[0.596079987171,0.596079987171,0.596079987171,1],"ix":4},"o":{"a":0,"k":100,"ix":5},"r":1,"bm":0,"nm":"填充 1","mn":"ADBE Vector Graphic - Fill","hd":false},{"ty":"tr","p":{"a":0,"k":[0,0],"ix":2},"a":{"a":0,"k":[0,0],"ix":1},"s":{"a":0,"k":[100,100],"ix":3},"r":{"a":0,"k":0,"ix":6},"o":{"a":0,"k":100,"ix":7},"sk":{"a":0,"k":0,"ix":4},"sa":{"a":0,"k":0,"ix":5},"nm":"变换"}],"nm":"後","np":7,"cix":2,"bm":0,"ix":1,"mn":"ADBE Vector Group","hd":false},{"ty":"gr","it":[{"ind":0,"ty":"sh","ix":1,"ks":{"a":0,"k":{"i":[[0,0],[0,0],[-0.886,4.351],[0,0],[1.45,-4.27],[0,0],[0,0],[0,0],[0,0],[0,0],[0,0],[0,0]],"o":[[0,0],[1.45,-3.706],[0,0],[-0.645,4.592],[0,0],[0,0],[0,0],[0,0],[0,0],[0,0],[0,0],[0,0]],"v":[[113.596,-53.093],[101.35,-53.093],[104.895,-65.259],[96.436,-66.387],[93.293,-53.093],[85.559,-53.093],[85.559,5.72],[93.616,5.72],[93.616,-0.645],[105.54,-0.645],[105.54,3.384],[113.596,3.384]],"c":true},"ix":2},"nm":"的","mn":"ADBE Vector Shape - Group","hd":false},{"ind":1,"ty":"sh","ix":2,"ks":{"a":0,"k":{"i":[[0,0],[0,0],[0,0],[0,0]],"o":[[0,0],[0,0],[0,0],[0,0]],"v":[[93.616,-8.379],[93.616,-23.606],[105.54,-23.606],[105.54,-8.379]],"c":true},"ix":2},"nm":"的","mn":"ADBE Vector Shape - Group","hd":false},{"ind":2,"ty":"sh","ix":3,"ks":{"a":0,"k":{"i":[[0,0],[0,0],[0,0],[0,0]],"o":[[0,0],[0,0],[0,0],[0,0]],"v":[[93.616,-31.099],[93.616,-45.198],[105.54,-45.198],[105.54,-31.099]],"c":true},"ix":2},"nm":"的","mn":"ADBE Vector Shape - Group","hd":false},{"ind":3,"ty":"sh","ix":4,"ks":{"a":0,"k":{"i":[[5.156,6.526],[0,0],[-2.981,-5.317],[0,0]],"o":[[0,0],[4.995,6.445],[0,0],[-2.82,-4.995]],"v":[[128.259,-33.516],[121.411,-29.246],[133.416,-11.602],[140.183,-16.274]],"c":true},"ix":2},"nm":"的","mn":"ADBE Vector Shape - Group","hd":false},{"ind":4,"ty":"sh","ix":5,"ks":{"a":0,"k":{"i":[[0,28.198],[0,0],[-0.806,4.351],[0,0],[5.317,-7.573],[0,0],[-2.175,4.834],[0,0],[0.483,-3.867],[2.9,0],[3.545,0.242],[0,0],[-1.611,0],[-0.806,5.64]],"o":[[0,0],[1.208,-3.867],[0,0],[-1.934,11.038],[0,0],[2.981,-3.867],[0,0],[-0.161,22.8],[-0.483,3.142],[-2.659,0],[0,0],[4.189,0.322],[6.929,0],[0.806,-6.606]],"v":[[155.088,-53.093],[130.596,-53.093],[133.657,-65.42],[125.359,-66.467],[114.563,-38.511],[119.639,-31.824],[127.373,-44.875],[146.87,-44.875],[145.984,-4.915],[140.908,-0.161],[131.562,-0.564],[133.577,7.09],[142.278,7.573],[153.879,-0.886]],"c":true},"ix":2},"nm":"的","mn":"ADBE Vector Shape - Group","hd":false},{"ty":"mm","mm":1,"nm":"合并路径 1","mn":"ADBE Vector Filter - Merge","hd":false},{"ty":"fl","c":{"a":0,"k":[0.596079987171,0.596079987171,0.596079987171,1],"ix":4},"o":{"a":0,"k":100,"ix":5},"r":1,"bm":0,"nm":"填充 1","mn":"ADBE Vector Graphic - Fill","hd":false},{"ty":"tr","p":{"a":0,"k":[0,0],"ix":2},"a":{"a":0,"k":[0,0],"ix":1},"s":{"a":0,"k":[100,100],"ix":3},"r":{"a":0,"k":0,"ix":6},"o":{"a":0,"k":100,"ix":7},"sk":{"a":0,"k":0,"ix":4},"sa":{"a":0,"k":0,"ix":5},"nm":"变换"}],"nm":"的","np":8,"cix":2,"bm":0,"ix":2,"mn":"ADBE Vector Group","hd":false},{"ty":"gr","it":[{"ind":0,"ty":"sh","ix":1,"ks":{"a":0,"k":{"i":[[0,0],[4.673,-1.208],[0,0],[0,0],[-1.208,-4.351],[-0.886,-2.578],[7.412,-2.739],[0,0],[-5.479,4.512],[-1.45,-1.853],[-3.545,0],[-2.095,11.521],[0,0],[0.886,0],[2.256,3.545],[0.806,1.934],[-3.545,7.251],[0,0],[3.303,-4.109],[0.322,1.289],[0.483,5.237],[0,0],[0,0],[0,0],[0.081,7.734],[0,0],[-0.483,-6.204],[0,0],[0,0],[-3.303,1.208],[0,0],[11.118,-1.208],[0,0],[-3.867,0.806],[0,0],[0,0],[0,0],[0,0],[0,0],[5.479,-0.806],[0,0],[-4.673,0.967],[0,0],[1.853,0],[2.82,0.322],[0,0],[0,0],[0,5.317],[0,0],[-4.27,1.45]],"o":[[-4.189,1.45],[0,0],[0,0],[0.645,5.801],[0.725,2.739],[-5.559,4.995],[0,0],[6.687,-2.578],[1.208,2.417],[3.787,4.753],[3.948,0],[0,0],[-0.967,8.057],[-1.128,0],[-0.886,-1.289],[4.915,-5.317],[0,0],[-2.417,4.995],[-0.322,-1.128],[-0.886,-3.384],[0,0],[0,0],[0,0],[-0.483,-5.962],[0,0],[0,7.412],[0,0],[0,0],[3.625,-0.967],[0,0],[-8.701,3.545],[0,0],[4.189,-0.564],[0,0],[0,0],[0,0],[0,0],[0,0],[-4.915,1.047],[0,0],[4.995,-0.806],[0,0],[0,1.772],[-2.578,0],[0,0],[0,0],[5.64,0],[0,0],[4.673,-1.208],[0,0]],"v":[[201.169,-29.568],[187.795,-25.62],[187.795,-37.544],[205.037,-37.544],[207.776,-22.317],[210.193,-14.341],[190.696,-2.739],[195.369,4.431],[213.657,-6.204],[217.686,0.161],[228.723,7.332],[237.747,-9.99],[230.254,-13.938],[227.515,-1.772],[222.358,-7.09],[219.78,-12.004],[232.51,-30.938],[225.259,-34.805],[216.638,-21.108],[215.671,-24.653],[213.577,-37.544],[237.021,-37.544],[237.021,-45.601],[212.932,-45.601],[212.126,-66.064],[203.667,-66.064],[204.312,-45.601],[187.795,-45.601],[187.795,-55.027],[198.188,-58.25],[195.288,-66.145],[165.479,-59.055],[167.251,-51.079],[179.255,-53.093],[179.255,-45.601],[163.545,-45.601],[163.545,-37.544],[179.255,-37.544],[179.255,-23.687],[163.625,-20.867],[164.834,-12.407],[179.255,-15.066],[179.255,-2.9],[176.436,-0.161],[168.379,-0.645],[170.232,7.332],[179.336,7.332],[187.795,-0.725],[187.795,-17.08],[201.169,-21.028]],"c":true},"ix":2},"nm":"我","mn":"ADBE Vector Shape - Group","hd":false},{"ind":1,"ty":"sh","ix":2,"ks":{"a":0,"k":{"i":[[5.64,3.545],[0,0],[-3.303,-3.545],[0,0]],"o":[[0,0],[6.123,4.028],[0,0],[-4.028,-3.545]],"v":[[220.989,-65.339],[215.349,-59.941],[229.448,-48.662],[235.491,-54.705]],"c":true},"ix":2},"nm":"我","mn":"ADBE Vector Shape - Group","hd":false},{"ty":"mm","mm":1,"nm":"合并路径 1","mn":"ADBE Vector Filter - Merge","hd":false},{"ty":"fl","c":{"a":0,"k":[0.596079987171,0.596079987171,0.596079987171,1],"ix":4},"o":{"a":0,"k":100,"ix":5},"r":1,"bm":0,"nm":"填充 1","mn":"ADBE Vector Graphic - Fill","hd":false},{"ty":"tr","p":{"a":0,"k":[0,0],"ix":2},"a":{"a":0,"k":[0,0],"ix":1},"s":{"a":0,"k":[100,100],"ix":3},"r":{"a":0,"k":0,"ix":6},"o":{"a":0,"k":100,"ix":7},"sk":{"a":0,"k":0,"ix":4},"sa":{"a":0,"k":0,"ix":5},"nm":"变换"}],"nm":"我","np":5,"cix":2,"bm":0,"ix":3,"mn":"ADBE Vector Group","hd":false}],"ip":10,"op":190,"st":10,"bm":0},{"ddd":0,"ind":12,"ty":4,"nm":"“性別轉換”轮廓","sr":1,"ks":{"o":{"a":1,"k":[{"i":{"x":[0.833],"y":[0.833]},"o":{"x":[0.167],"y":[0.167]},"t":0,"s":[0]},{"i":{"x":[0.833],"y":[0.833]},"o":{"x":[0.167],"y":[0.167]},"t":20,"s":[100]},{"i":{"x":[0.833],"y":[0.833]},"o":{"x":[0.167],"y":[0.167]},"t":180,"s":[100]},{"t":189,"s":[0]}],"ix":11},"r":{"a":0,"k":0,"ix":10},"p":{"a":0,"k":[84,548,0],"ix":2},"a":{"a":0,"k":[0,0,0],"ix":1},"s":{"a":0,"k":[100,100,100],"ix":6}},"ao":0,"hasMask":true,"masksProperties":[{"inv":false,"mode":"a","pt":{"a":1,"k":[{"i":{"x":0.667,"y":1},"o":{"x":0.333,"y":0},"t":0,"s":[{"i":[[0,0],[0,0],[0,0],[0,0]],"o":[[0,0],[0,0],[0,0],[0,0]],"v":[[-32,-110],[-500,-110],[-500,52],[-32,52]],"c":true}]},{"i":{"x":0.667,"y":1},"o":{"x":0.333,"y":0},"t":20,"s":[{"i":[[0,0],[0,0],[0,0],[0,0]],"o":[[0,0],[0,0],[0,0],[0,0]],"v":[[398,-109],[-70,-109],[-70,51],[398,51]],"c":true}]},{"i":{"x":0.667,"y":1},"o":{"x":0.333,"y":0},"t":180,"s":[{"i":[[0,0],[0,0],[0,0],[0,0]],"o":[[0,0],[0,0],[0,0],[0,0]],"v":[[398,-109],[-70,-109],[-70,51],[398,51]],"c":true}]},{"t":189,"s":[{"i":[[0,0],[0,0],[0,0],[0,0]],"o":[[0,0],[0,0],[0,0],[0,0]],"v":[[838,-108],[370,-108],[370,50],[838,50]],"c":true}]}],"ix":1},"o":{"a":0,"k":100,"ix":3},"x":{"a":0,"k":0,"ix":4},"nm":"蒙版 1"}],"shapes":[{"ty":"gr","it":[{"ind":0,"ty":"sh","ix":1,"ks":{"a":0,"k":{"i":[[0,0],[1.611,-6.768],[0,0],[-0.161,8.057]],"o":[[-0.242,7.573],[0,0],[1.45,-7.251],[0,0]],"v":[[5.076,-50.273],[2.256,-28.762],[9.023,-26.829],[11.521,-49.79]],"c":true},"ix":2},"nm":"性","mn":"ADBE Vector Shape - Group","hd":false},{"ind":1,"ty":"sh","ix":2,"ks":{"a":0,"k":{"i":[[1.289,3.062],[0,0],[0,0],[0,0],[0,0],[0,0],[0,0],[-1.128,-4.753],[0,0],[0.483,-1.047],[0,0],[-1.45,5.479],[0,0],[0,0],[0,0],[0,0],[0,0],[0,0],[0,0],[0,0],[0,0],[0,0],[0,0],[0,0],[0,0],[0,0],[0,0],[0,0],[0,0],[0,0],[0,0],[0,0],[0,0],[0,0],[0,0],[-0.161,2.739],[0,0],[1.853,-5.801]],"o":[[0,0],[0,0],[0,0],[0,0],[0,0],[0,0],[1.531,4.27],[0,0],[-0.483,0.967],[0,0],[2.578,-4.673],[0,0],[0,0],[0,0],[0,0],[0,0],[0,0],[0,0],[0,0],[0,0],[0,0],[0,0],[0,0],[0,0],[0,0],[0,0],[0,0],[0,0],[0,0],[0,0],[0,0],[0,0],[0,0],[0,0],[0.322,-2.578],[0,0],[-0.322,6.445],[-1.047,-3.545]],"v":[[27.634,-52.288],[21.833,-50.435],[21.833,-65.984],[13.374,-65.984],[13.374,8.137],[21.833,8.137],[21.833,-49.629],[25.781,-36.094],[28.923,-36.899],[27.473,-33.918],[33.757,-28.359],[39.8,-43.586],[50.112,-43.586],[50.112,-26.426],[32.307,-26.426],[32.307,-18.208],[50.112,-18.208],[50.112,-1.853],[28.037,-1.853],[28.037,6.284],[77.424,6.284],[77.424,-1.853],[58.652,-1.853],[58.652,-18.208],[74.524,-18.208],[74.524,-26.426],[58.652,-26.426],[58.652,-43.586],[75.249,-43.586],[75.249,-51.724],[58.652,-51.724],[58.652,-65.823],[50.112,-65.823],[50.112,-51.724],[41.411,-51.724],[42.056,-59.619],[34.402,-60.667],[31.099,-42.378]],"c":true},"ix":2},"nm":"性","mn":"ADBE Vector Shape - Group","hd":false},{"ty":"mm","mm":1,"nm":"合并路径 1","mn":"ADBE Vector Filter - Merge","hd":false},{"ty":"fl","c":{"a":0,"k":[0.596079987171,0.596079987171,0.596079987171,1],"ix":4},"o":{"a":0,"k":100,"ix":5},"r":1,"bm":0,"nm":"填充 1","mn":"ADBE Vector Graphic - Fill","hd":false},{"ty":"tr","p":{"a":0,"k":[0,0],"ix":2},"a":{"a":0,"k":[0,0],"ix":1},"s":{"a":0,"k":[100,100],"ix":3},"r":{"a":0,"k":0,"ix":6},"o":{"a":0,"k":100,"ix":7},"sk":{"a":0,"k":0,"ix":4},"sa":{"a":0,"k":0,"ix":5},"nm":"变换"}],"nm":"性","np":5,"cix":2,"bm":0,"ix":1,"mn":"ADBE Vector Group","hd":false},{"ty":"gr","it":[{"ind":0,"ty":"sh","ix":1,"ks":{"a":0,"k":{"i":[[0,0],[1.611,-4.753],[4.27,-3.625],[0,0],[-2.256,6.042],[-0.645,5.72],[0,0],[0.403,-1.531],[4.109,0],[2.82,0.161],[0,0],[-1.289,0],[-0.967,5.64],[0,14.824],[0,0],[0,0]],"o":[[-0.322,10.957],[-1.853,4.834],[0,0],[5.317,-4.512],[1.208,-3.384],[0,0],[-0.161,9.023],[-0.725,3.223],[-2.095,0],[0,0],[3.223,0.322],[8.218,0],[0.806,-3.545],[0,0],[0,0],[0,0]],"v":[[94.583,-34.16],[91.602,-10.635],[82.417,2.095],[87.734,8.782],[99.014,-7.009],[101.833,-20.706],[115.61,-20.706],[114.805,-4.834],[107.554,0.081],[100.222,-0.242],[102.075,6.929],[108.843,7.412],[122.62,-1.128],[123.828,-28.601],[102.478,-28.601],[102.72,-34.16]],"c":true},"ix":2},"nm":"別","mn":"ADBE Vector Shape - Group","hd":false},{"ind":1,"ty":"sh","ix":2,"ks":{"a":0,"k":{"i":[[0,0],[0,0],[0,0],[0,0]],"o":[[0,0],[0,0],[0,0],[0,0]],"v":[[130.032,-59.055],[130.032,-9.507],[138.25,-9.507],[138.25,-59.055]],"c":true},"ix":2},"nm":"別","mn":"ADBE Vector Shape - Group","hd":false},{"ind":2,"ty":"sh","ix":3,"ks":{"a":0,"k":{"i":[[0,0],[0,6.123],[0,0],[0,0],[0,0],[2.175,0],[3.706,0.322],[0,0]],"o":[[5.801,0],[0,0],[0,0],[0,0],[0,2.578],[-3.303,0],[0,0],[0,0]],"v":[[146.226,7.654],[155.007,-1.611],[155.007,-65.903],[146.628,-65.903],[146.628,-3.787],[143.325,0.161],[132.771,-0.322],[134.624,7.654]],"c":true},"ix":2},"nm":"別","mn":"ADBE Vector Shape - Group","hd":false},{"ind":3,"ty":"sh","ix":4,"ks":{"a":0,"k":{"i":[[0,0],[0,0],[0,0],[0,0]],"o":[[0,0],[0,0],[0,0],[0,0]],"v":[[87.573,-63.486],[87.573,-35.771],[121.492,-35.771],[121.492,-63.486]],"c":true},"ix":2},"nm":"別","mn":"ADBE Vector Shape - Group","hd":false},{"ind":4,"ty":"sh","ix":5,"ks":{"a":0,"k":{"i":[[0,0],[0,0],[0,0],[0,0]],"o":[[0,0],[0,0],[0,0],[0,0]],"v":[[113.274,-43.667],[95.71,-43.667],[95.71,-55.591],[113.274,-55.591]],"c":true},"ix":2},"nm":"別","mn":"ADBE Vector Shape - Group","hd":false},{"ty":"mm","mm":1,"nm":"合并路径 1","mn":"ADBE Vector Filter - Merge","hd":false},{"ty":"fl","c":{"a":0,"k":[0.596079987171,0.596079987171,0.596079987171,1],"ix":4},"o":{"a":0,"k":100,"ix":5},"r":1,"bm":0,"nm":"填充 1","mn":"ADBE Vector Graphic - Fill","hd":false},{"ty":"tr","p":{"a":0,"k":[0,0],"ix":2},"a":{"a":0,"k":[0,0],"ix":1},"s":{"a":0,"k":[100,100],"ix":3},"r":{"a":0,"k":0,"ix":6},"o":{"a":0,"k":100,"ix":7},"sk":{"a":0,"k":0,"ix":4},"sa":{"a":0,"k":0,"ix":5},"nm":"变换"}],"nm":"別","np":8,"cix":2,"bm":0,"ix":2,"mn":"ADBE Vector Group","hd":false},{"ty":"gr","it":[{"ind":0,"ty":"sh","ix":1,"ks":{"a":0,"k":{"i":[[0,0],[0,0],[0,0],[0,0],[0,0],[0,0],[0,0],[0,0],[0,0],[0,0],[0,0],[0,0],[0,0],[0,0],[0,0],[0,0],[0,0],[0,0],[0,0],[0,0],[0,0],[0,0],[0,0],[0,0],[0,0],[0,0],[0,0],[0,0]],"o":[[0,0],[0,0],[0,0],[0,0],[0,0],[0,0],[0,0],[0,0],[0,0],[0,0],[0,0],[0,0],[0,0],[0,0],[0,0],[0,0],[0,0],[0,0],[0,0],[0,0],[0,0],[0,0],[0,0],[0,0],[0,0],[0,0],[0,0],[0,0]],"v":[[165.559,-47.615],[165.559,-14.985],[175.066,-14.985],[175.066,-9.829],[164.189,-9.829],[164.189,-2.9],[175.066,-2.9],[175.066,8.137],[182.72,8.137],[182.72,-2.9],[193.032,-2.9],[193.032,-9.829],[182.72,-9.829],[182.72,-14.985],[191.904,-14.985],[191.904,-47.615],[182.72,-47.615],[182.72,-52.69],[192.307,-52.69],[192.307,-59.458],[182.72,-59.458],[182.72,-65.984],[175.066,-65.984],[175.066,-59.458],[164.592,-59.458],[164.592,-52.69],[175.066,-52.69],[175.066,-47.615]],"c":true},"ix":2},"nm":"轉","mn":"ADBE Vector Shape - Group","hd":false},{"ind":1,"ty":"sh","ix":2,"ks":{"a":0,"k":{"i":[[0,0],[0,0],[0,0],[0,0]],"o":[[0,0],[0,0],[0,0],[0,0]],"v":[[185.781,-21.108],[181.833,-21.108],[181.833,-28.279],[185.781,-28.279]],"c":true},"ix":2},"nm":"轉","mn":"ADBE Vector Shape - Group","hd":false},{"ind":2,"ty":"sh","ix":3,"ks":{"a":0,"k":{"i":[[0,0],[0,0],[0,0],[0,0]],"o":[[0,0],[0,0],[0,0],[0,0]],"v":[[175.791,-21.108],[171.924,-21.108],[171.924,-28.279],[175.791,-28.279]],"c":true},"ix":2},"nm":"轉","mn":"ADBE Vector Shape - Group","hd":false},{"ind":3,"ty":"sh","ix":4,"ks":{"a":0,"k":{"i":[[0,0],[0,0],[0,0],[0,0]],"o":[[0,0],[0,0],[0,0],[0,0]],"v":[[171.924,-34.402],[171.924,-41.492],[175.791,-41.492],[175.791,-34.402]],"c":true},"ix":2},"nm":"轉","mn":"ADBE Vector Shape - Group","hd":false},{"ind":4,"ty":"sh","ix":5,"ks":{"a":0,"k":{"i":[[0,0],[0,0],[0,0],[0,0]],"o":[[0,0],[0,0],[0,0],[0,0]],"v":[[181.833,-41.492],[185.781,-41.492],[185.781,-34.402],[181.833,-34.402]],"c":true},"ix":2},"nm":"轉","mn":"ADBE Vector Shape - Group","hd":false},{"ind":5,"ty":"sh","ix":6,"ks":{"a":0,"k":{"i":[[0,0],[0,0],[0,0],[0,0],[0,0],[0,0],[0,0],[0,0],[5.962,-0.081],[0,0],[-6.687,0.403],[0,0],[0,0],[0,0],[0,0],[0,0],[-3.464,-3.223],[0,0],[3.142,1.611],[0,0],[0,0],[1.289,0],[2.498,0.242],[0,0],[0,0],[0,4.995],[0,0],[0,0],[0,0],[0,0],[0,0],[0,0],[-0.645,-1.128],[0,0],[2.417,3.223],[0,0],[0,0],[0,0],[0,0],[0,0],[0,0],[0,0],[0,0],[0,0],[0,0]],"o":[[0,0],[0,0],[0,0],[0,0],[0,0],[0,0],[0,0],[-4.995,0.161],[0,0],[10.071,-0.322],[0,0],[0,0],[0,0],[0,0],[0,0],[3.545,1.772],[0,0],[-2.739,-2.256],[0,0],[0,0],[0,1.531],[-2.256,0],[0,0],[0,0],[4.592,0],[0,0],[0,0],[0,0],[0,0],[0,0],[0,0],[0.645,1.128],[0,0],[-1.45,-2.578],[0,0],[0,0],[0,0],[0,0],[0,0],[0,0],[0,0],[0,0],[0,0],[0,0],[0,0]],"v":[[194.724,-62.439],[194.724,-55.994],[210.837,-55.994],[210.837,-52.932],[196.094,-52.932],[196.094,-28.601],[210.999,-28.601],[210.999,-24.653],[194.644,-24.331],[195.61,-17.966],[220.747,-19.094],[220.747,-14.583],[194.966,-14.583],[194.966,-7.654],[199.639,-7.654],[196.658,-3.223],[207.212,4.27],[211.24,-1.853],[202.378,-7.654],[220.747,-7.654],[220.747,-1.047],[218.813,1.289],[211.724,0.886],[213.416,8.298],[221.553,8.298],[228.481,0.806],[228.481,-7.654],[236.78,-7.654],[236.78,-14.583],[228.481,-14.583],[228.481,-19.658],[230.576,-19.819],[232.51,-16.355],[237.666,-19.98],[231.785,-28.601],[233.396,-28.601],[233.396,-52.932],[218.652,-52.932],[218.652,-55.994],[235.007,-55.994],[235.007,-62.439],[218.652,-62.439],[218.652,-66.064],[210.837,-66.064],[210.837,-62.439]],"c":true},"ix":2},"nm":"轉","mn":"ADBE Vector Shape - Group","hd":false},{"ind":6,"ty":"sh","ix":7,"ks":{"a":0,"k":{"i":[[0,0],[3.062,-0.161],[0,0],[0,0]],"o":[[-2.578,0.161],[0,0],[0,0],[0,0]],"v":[[227.031,-25.378],[218.572,-24.895],[218.572,-28.601],[224.775,-28.601]],"c":true},"ix":2},"nm":"轉","mn":"ADBE Vector Shape - Group","hd":false},{"ind":7,"ty":"sh","ix":8,"ks":{"a":0,"k":{"i":[[0,0],[0,0],[0,0],[0,0]],"o":[[0,0],[0,0],[0,0],[0,0]],"v":[[226.387,-33.999],[218.25,-33.999],[218.25,-38.108],[226.387,-38.108]],"c":true},"ix":2},"nm":"轉","mn":"ADBE Vector Shape - Group","hd":false},{"ind":8,"ty":"sh","ix":9,"ks":{"a":0,"k":{"i":[[0,0],[0,0],[0,0],[0,0]],"o":[[0,0],[0,0],[0,0],[0,0]],"v":[[211.321,-33.999],[203.103,-33.999],[203.103,-38.108],[211.321,-38.108]],"c":true},"ix":2},"nm":"轉","mn":"ADBE Vector Shape - Group","hd":false},{"ind":9,"ty":"sh","ix":10,"ks":{"a":0,"k":{"i":[[0,0],[0,0],[0,0],[0,0]],"o":[[0,0],[0,0],[0,0],[0,0]],"v":[[203.103,-43.506],[203.103,-47.534],[211.321,-47.534],[211.321,-43.506]],"c":true},"ix":2},"nm":"轉","mn":"ADBE Vector Shape - Group","hd":false},{"ind":10,"ty":"sh","ix":11,"ks":{"a":0,"k":{"i":[[0,0],[0,0],[0,0],[0,0]],"o":[[0,0],[0,0],[0,0],[0,0]],"v":[[218.25,-47.534],[226.387,-47.534],[226.387,-43.506],[218.25,-43.506]],"c":true},"ix":2},"nm":"轉","mn":"ADBE Vector Shape - Group","hd":false},{"ty":"mm","mm":1,"nm":"合并路径 1","mn":"ADBE Vector Filter - Merge","hd":false},{"ty":"fl","c":{"a":0,"k":[0.596079987171,0.596079987171,0.596079987171,1],"ix":4},"o":{"a":0,"k":100,"ix":5},"r":1,"bm":0,"nm":"填充 1","mn":"ADBE Vector Graphic - Fill","hd":false},{"ty":"tr","p":{"a":0,"k":[0,0],"ix":2},"a":{"a":0,"k":[0,0],"ix":1},"s":{"a":0,"k":[100,100],"ix":3},"r":{"a":0,"k":0,"ix":6},"o":{"a":0,"k":100,"ix":7},"sk":{"a":0,"k":0,"ix":4},"sa":{"a":0,"k":0,"ix":5},"nm":"变换"}],"nm":"轉","np":14,"cix":2,"bm":0,"ix":3,"mn":"ADBE Vector Group","hd":false},{"ty":"gr","it":[{"ind":0,"ty":"sh","ix":1,"ks":{"a":0,"k":{"i":[[0,0],[0,5.479],[0,0],[-2.417,1.208],[0,0],[2.417,-1.128],[0,0],[0,0],[0,0],[0,0],[-0.645,0.483],[0,0],[0,0],[0,0],[0,0],[0,0],[0,0],[0,0],[0,0],[-2.014,2.9],[0,0],[0,0],[-0.645,1.128],[0,0],[5.962,-4.431],[0,0],[0,0],[0,0],[0,0],[0,0],[0,0],[0,0],[0,0],[0,0],[3.303,-0.806],[0,0],[-2.578,0.967],[0,0],[1.45,0],[2.095,0.322],[0,0]],"o":[[4.834,0],[0,0],[2.336,-1.128],[0,0],[-2.336,1.289],[0,0],[0,0],[0,0],[0,0],[0.483,-0.403],[0,0],[0,0],[0,0],[0,0],[0,0],[0,0],[0,0],[0,0],[2.095,-2.256],[0,0],[0,0],[0.564,-0.967],[0,0],[-4.512,7.896],[0,0],[0,0],[0,0],[0,0],[0,0],[0,0],[0,0],[0,0],[0,0],[-3.223,1.128],[0,0],[2.578,-0.806],[0,0],[0,1.772],[-1.853,0],[0,0],[0,0]],"v":[[253.374,7.493],[260.706,-0.806],[260.706,-23.042],[267.795,-26.506],[267.795,-34.563],[260.706,-31.018],[260.706,-44.231],[266.909,-44.231],[266.909,-47.131],[271.179,-41.975],[272.791,-43.264],[272.791,-22.478],[280.203,-22.478],[280.203,-41.814],[305.5,-41.814],[305.5,-22.478],[312.832,-22.478],[312.832,-48.582],[300.183,-48.582],[306.306,-56.235],[306.306,-61.714],[288.34,-61.714],[290.112,-64.856],[282.539,-66.548],[266.909,-48.098],[266.909,-52.207],[260.706,-52.207],[260.706,-66.064],[252.649,-66.064],[252.649,-52.207],[244.431,-52.207],[244.431,-44.231],[252.649,-44.231],[252.649,-27.795],[242.9,-24.976],[244.915,-17],[252.649,-19.658],[252.649,-2.9],[250.474,-0.161],[244.592,-0.645],[246.445,7.493]],"c":true},"ix":2},"nm":"換","mn":"ADBE Vector Shape - Group","hd":false},{"ind":1,"ty":"sh","ix":2,"ks":{"a":0,"k":{"i":[[0,0],[-1.772,2.417],[0,0],[1.934,-1.934]],"o":[[1.853,-1.934],[0,0],[-2.014,2.417],[0,0]],"v":[[278.511,-48.582],[283.989,-55.107],[296.638,-55.107],[290.676,-48.582]],"c":true},"ix":2},"nm":"換","mn":"ADBE Vector Shape - Group","hd":false},{"ind":2,"ty":"sh","ix":3,"ks":{"a":0,"k":{"i":[[0,0],[2.256,-3.223],[0,0],[-1.772,4.673]],"o":[[-1.692,4.351],[0,0],[2.417,-3.464],[0,0]],"v":[[286.648,-39.8],[280.686,-28.521],[285.842,-24.814],[292.126,-37.061]],"c":true},"ix":2},"nm":"換","mn":"ADBE Vector Shape - Group","hd":false},{"ind":3,"ty":"sh","ix":4,"ks":{"a":0,"k":{"i":[[-1.128,2.256],[-8.862,-3.223],[0,0],[4.189,5.962],[0,0],[0,0],[0,0],[-0.161,1.772],[0,0],[0.483,-1.772],[0,0],[0,0],[0,0],[0.967,-1.047],[8.218,-2.014],[0,0],[-3.867,4.673]],"o":[[4.673,8.379],[0,0],[-8.057,-2.336],[0,0],[0,0],[0,0],[0.322,-1.531],[0,0],[-0.242,1.934],[0,0],[0,0],[0,0],[-0.725,1.128],[-3.545,3.706],[0,0],[9.829,-2.659],[1.531,-1.853]],"v":[[293.254,-8.943],[313.638,8.54],[318.149,1.289],[299.861,-11.118],[317.585,-11.118],[317.585,-18.53],[296.396,-18.53],[297.202,-23.445],[289.79,-24.17],[288.743,-18.53],[267.715,-18.53],[267.715,-11.118],[285.681,-11.118],[283.184,-7.815],[265.54,0.806],[268.682,8.218],[289.226,-2.739]],"c":true},"ix":2},"nm":"換","mn":"ADBE Vector Shape - Group","hd":false},{"ind":4,"ty":"sh","ix":5,"ks":{"a":0,"k":{"i":[[2.256,3.384],[0,0],[-1.692,-4.431],[0,0]],"o":[[0,0],[2.014,3.384],[0,0],[-1.692,-4.109]],"v":[[298.733,-39.88],[293.416,-37.383],[298.975,-25.701],[304.614,-28.601]],"c":true},"ix":2},"nm":"換","mn":"ADBE Vector Shape - Group","hd":false},{"ty":"mm","mm":1,"nm":"合并路径 1","mn":"ADBE Vector Filter - Merge","hd":false},{"ty":"fl","c":{"a":0,"k":[0.596079987171,0.596079987171,0.596079987171,1],"ix":4},"o":{"a":0,"k":100,"ix":5},"r":1,"bm":0,"nm":"填充 1","mn":"ADBE Vector Graphic - Fill","hd":false},{"ty":"tr","p":{"a":0,"k":[0,0],"ix":2},"a":{"a":0,"k":[0,0],"ix":1},"s":{"a":0,"k":[100,100],"ix":3},"r":{"a":0,"k":0,"ix":6},"o":{"a":0,"k":100,"ix":7},"sk":{"a":0,"k":0,"ix":4},"sa":{"a":0,"k":0,"ix":5},"nm":"变换"}],"nm":"換","np":8,"cix":2,"bm":0,"ix":4,"mn":"ADBE Vector Group","hd":false}],"ip":0,"op":190,"st":0,"bm":0}],"markers":[]}