{"v":"5.6.8","fr":30,"ip":0,"op":189,"w":1125,"h":1050,"nm":"订阅视频-变性-多语言","ddd":0,"assets":[],"layers":[{"ddd":0,"ind":35,"ty":4,"nm":"“Changement ”轮廓","sr":1,"ks":{"o":{"a":1,"k":[{"i":{"x":[0.833],"y":[0.833]},"o":{"x":[0.167],"y":[0.167]},"t":0,"s":[0]},{"i":{"x":[0.833],"y":[0.833]},"o":{"x":[0.167],"y":[0.167]},"t":20,"s":[100]},{"i":{"x":[0.833],"y":[0.833]},"o":{"x":[0.167],"y":[0.167]},"t":180,"s":[100]},{"t":189,"s":[0]}],"ix":11},"r":{"a":0,"k":0,"ix":10},"p":{"a":0,"k":[62,504,0],"ix":2},"a":{"a":0,"k":[0,0,0],"ix":1},"s":{"a":0,"k":[100,100,100],"ix":6}},"ao":0,"hasMask":true,"masksProperties":[{"inv":false,"mode":"a","pt":{"a":1,"k":[{"i":{"x":0.667,"y":1},"o":{"x":0.333,"y":0},"t":0,"s":[{"i":[[0,0],[0,0],[0,0],[0,0]],"o":[[0,0],[0,0],[0,0],[0,0]],"v":[[-46,-113],[-450.445,-113],[-450.445,58.684],[-46,58.684]],"c":true}]},{"i":{"x":0.667,"y":1},"o":{"x":0.333,"y":0},"t":20,"s":[{"i":[[0,0],[0,0],[0,0],[0,0]],"o":[[0,0],[0,0],[0,0],[0,0]],"v":[[538,-113],[-53.445,-113],[-53.445,58.684],[538,58.684]],"c":true}]},{"i":{"x":0.667,"y":1},"o":{"x":0.333,"y":0},"t":180,"s":[{"i":[[0,0],[0,0],[0,0],[0,0]],"o":[[0,0],[0,0],[0,0],[0,0]],"v":[[538,-113],[-53.445,-113],[-53.445,58.684],[538,58.684]],"c":true}]},{"t":189,"s":[{"i":[[0,0],[0,0],[0,0],[0,0]],"o":[[0,0],[0,0],[0,0],[0,0]],"v":[[741,-114],[336.555,-114],[336.555,57.684],[741,57.684]],"c":true}]}],"ix":1},"o":{"a":0,"k":100,"ix":3},"x":{"a":0,"k":0,"ix":4},"nm":"蒙版 1"}],"shapes":[{"ty":"gr","it":[{"ind":0,"ty":"sh","ix":1,"ks":{"a":0,"k":{"i":[[0,0],[0,0],[0,0],[0,0],[0,0],[0,0],[0,0],[0,0]],"o":[[0,0],[0,0],[0,0],[0,0],[0,0],[0,0],[0,0],[0,0]],"v":[[0.997,-47.458],[0.997,-40.811],[16.55,-40.811],[16.55,0],[24.327,0],[24.327,-40.811],[39.88,-40.811],[39.88,-47.458]],"c":true},"ix":2},"nm":"T","mn":"ADBE Vector Shape - Group","hd":false},{"ty":"fl","c":{"a":0,"k":[0.596079987171,0.596079987171,0.596079987171,1],"ix":4},"o":{"a":0,"k":100,"ix":5},"r":1,"bm":0,"nm":"填充 1","mn":"ADBE Vector Graphic - Fill","hd":false},{"ty":"tr","p":{"a":0,"k":[0,0],"ix":2},"a":{"a":0,"k":[0,0],"ix":1},"s":{"a":0,"k":[100,100],"ix":3},"r":{"a":0,"k":0,"ix":6},"o":{"a":0,"k":100,"ix":7},"sk":{"a":0,"k":0,"ix":4},"sa":{"a":0,"k":0,"ix":5},"nm":"变换"}],"nm":"T","np":3,"cix":2,"bm":0,"ix":1,"mn":"ADBE Vector Group","hd":false},{"ty":"gr","it":[{"ind":0,"ty":"sh","ix":1,"ks":{"a":0,"k":{"i":[[1.662,0],[1.529,-1.263],[0.931,-1.728],[0,0],[0,0],[0,0],[0,0],[0,0],[-1.861,1.795],[-1.994,0],[-1.728,-0.532],[0,0]],"o":[[-2.127,0],[-1.263,0.931],[0,0],[0,0],[0,0],[0,0],[0,0],[0,-2.925],[1.595,-1.595],[1.595,0],[0,0],[-1.196,-0.598]],"v":[[60.795,-35.294],[55.345,-33.433],[52.088,-29.445],[52.088,-34.364],[44.577,-34.364],[44.577,0],[52.088,0],[52.088,-18.212],[54.813,-25.258],[60.197,-27.584],[65.116,-26.853],[65.116,-34.43]],"c":true},"ix":2},"nm":"r","mn":"ADBE Vector Shape - Group","hd":false},{"ty":"fl","c":{"a":0,"k":[0.596079987171,0.596079987171,0.596079987171,1],"ix":4},"o":{"a":0,"k":100,"ix":5},"r":1,"bm":0,"nm":"填充 1","mn":"ADBE Vector Graphic - Fill","hd":false},{"ty":"tr","p":{"a":0,"k":[0,0],"ix":2},"a":{"a":0,"k":[0,0],"ix":1},"s":{"a":0,"k":[100,100],"ix":3},"r":{"a":0,"k":0,"ix":6},"o":{"a":0,"k":100,"ix":7},"sk":{"a":0,"k":0,"ix":4},"sa":{"a":0,"k":0,"ix":5},"nm":"变换"}],"nm":"r","np":3,"cix":2,"bm":0,"ix":2,"mn":"ADBE Vector Group","hd":false},{"ty":"gr","it":[{"ind":0,"ty":"sh","ix":1,"ks":{"a":0,"k":{"i":[[5.052,0],[2.526,-1.595],[0.731,-3.789],[0,0],[-1.462,0.864],[-2.127,0],[0,-4.52],[0,0],[0,0],[2.792,-1.994],[0,-3.855],[-2.127,-1.861],[-3.589,0],[-2.193,0.997],[-1.329,1.728],[0,0],[0,0],[0,0],[2.127,2.193]],"o":[[-4.387,0],[-2.991,1.728],[0,0],[0.399,-1.795],[1.263,-0.798],[4.919,0],[0,0],[0,0],[-5.052,0.133],[-3.057,2.06],[0,2.858],[2.06,1.795],[2.991,0],[1.928,-0.931],[0,0],[0,0],[0,0],[0,-4.187],[-2.393,-2.526]],"v":[[84.881,-35.294],[74.512,-32.968],[68.929,-24.659],[76.439,-24.061],[79.297,-28.049],[84.349,-29.179],[91.727,-22.466],[91.727,-21.137],[84.216,-20.937],[72.451,-17.747],[67.932,-8.84],[71.122,-1.795],[79.563,0.931],[87.34,-0.598],[92.259,-4.52],[92.259,0],[99.304,0],[99.304,-21.934],[96.114,-31.505]],"c":true},"ix":2},"nm":"a","mn":"ADBE Vector Shape - Group","hd":false},{"ind":1,"ty":"sh","ix":2,"ks":{"a":0,"k":{"i":[[0,0],[0,0],[1.994,-1.728],[2.925,0],[1.063,0.798],[0,1.196],[-6.049,0.133]],"o":[[0,0],[0,2.659],[-1.994,1.662],[-1.662,0],[-1.063,-0.798],[0,-4.121],[0,0]],"v":[[91.727,-15.686],[91.727,-13.958],[88.669,-7.378],[81.292,-4.852],[77.237,-6.115],[75.708,-9.106],[84.748,-15.487]],"c":true},"ix":2},"nm":"a","mn":"ADBE Vector Shape - Group","hd":false},{"ty":"mm","mm":1,"nm":"合并路径 1","mn":"ADBE Vector Filter - Merge","hd":false},{"ty":"fl","c":{"a":0,"k":[0.596079987171,0.596079987171,0.596079987171,1],"ix":4},"o":{"a":0,"k":100,"ix":5},"r":1,"bm":0,"nm":"填充 1","mn":"ADBE Vector Graphic - Fill","hd":false},{"ty":"tr","p":{"a":0,"k":[0,0],"ix":2},"a":{"a":0,"k":[0,0],"ix":1},"s":{"a":0,"k":[100,100],"ix":3},"r":{"a":0,"k":0,"ix":6},"o":{"a":0,"k":100,"ix":7},"sk":{"a":0,"k":0,"ix":4},"sa":{"a":0,"k":0,"ix":5},"nm":"变换"}],"nm":"a","np":5,"cix":2,"bm":0,"ix":3,"mn":"ADBE Vector Group","hd":false},{"ty":"gr","it":[{"ind":0,"ty":"sh","ix":1,"ks":{"a":0,"k":{"i":[[8.574,0],[1.728,-0.864],[1.329,-1.595],[0,0],[0,0],[0,0],[0,0],[0,0],[-1.595,1.462],[-1.861,0],[0,-5.65],[0,0],[0,0],[0,0]],"o":[[-2.06,0],[-1.662,0.798],[0,0],[0,0],[0,0],[0,0],[0,0],[0.266,-2.725],[1.396,-1.329],[5.184,0],[0,0],[0,0],[0,0],[0,-9.438]],"v":[[124.759,-35.294],[119.109,-34.031],[114.59,-30.376],[114.59,-34.364],[107.012,-34.364],[107.012,0],[114.59,0],[114.59,-20.671],[117.381,-26.986],[122.3,-28.98],[130.076,-20.538],[130.076,0],[137.654,0],[137.654,-21.203]],"c":true},"ix":2},"nm":"n","mn":"ADBE Vector Shape - Group","hd":false},{"ty":"fl","c":{"a":0,"k":[0.596079987171,0.596079987171,0.596079987171,1],"ix":4},"o":{"a":0,"k":100,"ix":5},"r":1,"bm":0,"nm":"填充 1","mn":"ADBE Vector Graphic - Fill","hd":false},{"ty":"tr","p":{"a":0,"k":[0,0],"ix":2},"a":{"a":0,"k":[0,0],"ix":1},"s":{"a":0,"k":[100,100],"ix":3},"r":{"a":0,"k":0,"ix":6},"o":{"a":0,"k":100,"ix":7},"sk":{"a":0,"k":0,"ix":4},"sa":{"a":0,"k":0,"ix":5},"nm":"变换"}],"nm":"n","np":3,"cix":2,"bm":0,"ix":4,"mn":"ADBE Vector Group","hd":false},{"ty":"gr","it":[{"ind":0,"ty":"sh","ix":1,"ks":{"a":0,"k":{"i":[[9.04,0],[2.592,-1.861],[0,-3.19],[-2.659,-1.662],[-4.055,-0.931],[-1.063,-0.532],[0,-1.595],[5.317,0],[1.13,0.798],[0.399,2.193],[0,0],[-9.571,0],[0,7.311],[2.725,1.728],[3.855,0.931],[1.13,0.465],[0,1.063],[-1.196,0.598],[-1.994,0],[-1.13,-0.731],[-0.532,-1.728],[0,0]],"o":[[-4.254,0],[-2.659,1.728],[0,2.991],[1.662,1.063],[3.456,0.798],[1.994,0.931],[0,2.792],[-2.526,0],[-1.13,-0.931],[0,0],[0.731,8.043],[10.302,0],[0,-3.057],[-1.861,-1.263],[-3.456,-0.864],[-1.861,-0.798],[0,-1.329],[0.997,-0.598],[2.326,0],[1.063,0.665],[0,0],[-0.798,-7.311]],"v":[[158.319,-35.294],[148.083,-32.569],[144.161,-25.191],[148.15,-18.212],[156.724,-15.221],[163.503,-13.293],[166.495,-9.505],[158.518,-5.251],[153.068,-6.514],[150.742,-11.167],[143.364,-11.167],[158.784,0.931],[174.271,-10.037],[170.15,-17.281],[161.509,-20.538],[154.663,-22.532],[151.938,-25.391],[153.666,-28.249],[158.186,-29.113],[163.371,-28.049],[165.763,-24.393],[173.141,-24.393]],"c":true},"ix":2},"nm":"s","mn":"ADBE Vector Shape - Group","hd":false},{"ty":"fl","c":{"a":0,"k":[0.596079987171,0.596079987171,0.596079987171,1],"ix":4},"o":{"a":0,"k":100,"ix":5},"r":1,"bm":0,"nm":"填充 1","mn":"ADBE Vector Graphic - Fill","hd":false},{"ty":"tr","p":{"a":0,"k":[0,0],"ix":2},"a":{"a":0,"k":[0,0],"ix":1},"s":{"a":0,"k":[100,100],"ix":3},"r":{"a":0,"k":0,"ix":6},"o":{"a":0,"k":100,"ix":7},"sk":{"a":0,"k":0,"ix":4},"sa":{"a":0,"k":0,"ix":5},"nm":"变换"}],"nm":"s","np":3,"cix":2,"bm":0,"ix":5,"mn":"ADBE Vector Group","hd":false},{"ty":"gr","it":[{"ind":0,"ty":"sh","ix":1,"ks":{"a":0,"k":{"i":[[1.462,0],[0.997,-0.931],[0,-1.462],[-0.997,-0.997],[-1.462,0],[-0.997,0.931],[0,1.462],[0.931,0.931]],"o":[[-1.462,0],[-0.997,0.931],[0,1.462],[0.997,0.931],[1.462,0],[0.997,-0.931],[0,-1.462],[-0.997,-0.931]],"v":[[185.125,-48.388],[181.47,-46.992],[180.008,-43.403],[181.47,-39.747],[185.125,-38.352],[188.781,-39.747],[190.31,-43.403],[188.848,-46.992]],"c":true},"ix":2},"nm":"i","mn":"ADBE Vector Shape - Group","hd":false},{"ind":1,"ty":"sh","ix":2,"ks":{"a":0,"k":{"i":[[0,0],[0,0],[0,0],[0,0]],"o":[[0,0],[0,0],[0,0],[0,0]],"v":[[181.337,-34.364],[181.337,0],[188.914,0],[188.914,-34.364]],"c":true},"ix":2},"nm":"i","mn":"ADBE Vector Shape - Group","hd":false},{"ty":"mm","mm":1,"nm":"合并路径 1","mn":"ADBE Vector Filter - Merge","hd":false},{"ty":"fl","c":{"a":0,"k":[0.596079987171,0.596079987171,0.596079987171,1],"ix":4},"o":{"a":0,"k":100,"ix":5},"r":1,"bm":0,"nm":"填充 1","mn":"ADBE Vector Graphic - Fill","hd":false},{"ty":"tr","p":{"a":0,"k":[0,0],"ix":2},"a":{"a":0,"k":[0,0],"ix":1},"s":{"a":0,"k":[100,100],"ix":3},"r":{"a":0,"k":0,"ix":6},"o":{"a":0,"k":100,"ix":7},"sk":{"a":0,"k":0,"ix":4},"sa":{"a":0,"k":0,"ix":5},"nm":"变换"}],"nm":"i","np":5,"cix":2,"bm":0,"ix":6,"mn":"ADBE Vector Group","hd":false},{"ty":"gr","it":[{"ind":0,"ty":"sh","ix":1,"ks":{"a":0,"k":{"i":[[4.453,0],[2.991,-3.589],[0,-5.184],[-2.858,-3.323],[-4.453,-0.399],[0,0],[-0.465,0],[0,-1.728],[0.665,-0.465],[1.329,0],[1.595,0.798],[0,0],[-2.127,0],[-1.396,0.665],[0,2.193],[1.13,0.864],[1.595,0],[0.798,-0.066],[0,0],[-2.26,1.861],[-0.798,4.653],[0,0],[5.052,0],[1.462,2.06],[0,3.789],[-1.595,2.06],[-2.792,0],[-1.396,-1.063],[-0.465,-2.193],[0,0],[2.725,2.127]],"o":[[-5.384,0],[-2.792,3.257],[0,5.317],[2.592,3.057],[0,0],[1.462,-0.133],[2.725,0],[0,0.931],[-0.665,0.399],[-1.462,0],[0,0],[2.193,1.063],[2.326,0],[1.861,-0.997],[0,-1.662],[-1.13,-0.931],[-0.266,0],[0,0],[3.589,-0.266],[2.725,-2.26],[0,0],[-0.598,4.985],[-2.925,0],[-1.595,-2.127],[0,-3.722],[1.595,-2.127],[2.26,0],[1.329,1.063],[0,0],[-0.665,-4.32],[-2.659,-1.994]],"v":[[213.578,-35.294],[201.015,-29.91],[196.828,-17.215],[201.082,-4.254],[211.65,0.864],[209.722,6.049],[212.581,5.849],[216.701,8.375],[215.704,10.435],[212.713,11.1],[208.061,9.837],[206.864,12.496],[213.378,14.091],[218.961,13.094],[221.819,8.308],[220.091,4.52],[216.037,3.19],[214.442,3.257],[215.306,0.864],[224.146,-2.393],[229.463,-12.762],[221.952,-12.762],[213.511,-5.251],[206.931,-8.375],[204.604,-17.281],[206.997,-25.989],[213.578,-29.113],[219.094,-27.517],[221.819,-22.665],[229.33,-22.665],[224.212,-32.303]],"c":true},"ix":2},"nm":"ç","mn":"ADBE Vector Shape - Group","hd":false},{"ty":"fl","c":{"a":0,"k":[0.596079987171,0.596079987171,0.596079987171,1],"ix":4},"o":{"a":0,"k":100,"ix":5},"r":1,"bm":0,"nm":"填充 1","mn":"ADBE Vector Graphic - Fill","hd":false},{"ty":"tr","p":{"a":0,"k":[0,0],"ix":2},"a":{"a":0,"k":[0,0],"ix":1},"s":{"a":0,"k":[100,100],"ix":3},"r":{"a":0,"k":0,"ix":6},"o":{"a":0,"k":100,"ix":7},"sk":{"a":0,"k":0,"ix":4},"sa":{"a":0,"k":0,"ix":5},"nm":"变换"}],"nm":"ç","np":3,"cix":2,"bm":0,"ix":7,"mn":"ADBE Vector Group","hd":false},{"ty":"gr","it":[{"ind":0,"ty":"sh","ix":1,"ks":{"a":0,"k":{"i":[[1.329,0],[1.861,-2.792],[0,0],[-0.798,0],[-1.861,-0.798],[-1.329,0],[-1.861,2.659],[0,0],[0.665,0],[1.795,0.798]],"o":[[-2.127,0],[0,0],[1.196,-1.462],[0.931,0],[1.861,0.798],[2.06,0],[0,0],[-1.263,1.462],[-1.063,0],[-1.861,-0.798]],"v":[[245.618,-46.793],[239.636,-42.606],[242.826,-40.013],[245.884,-42.207],[250.071,-41.077],[254.857,-39.88],[260.772,-43.935],[257.515,-46.594],[254.591,-44.4],[250.337,-45.597]],"c":true},"ix":2},"nm":"ã","mn":"ADBE Vector Shape - Group","hd":false},{"ind":1,"ty":"sh","ix":2,"ks":{"a":0,"k":{"i":[[5.052,0],[2.526,-1.595],[0.731,-3.789],[0,0],[-1.462,0.864],[-2.127,0],[0,-4.52],[0,0],[0,0],[2.792,-1.994],[0,-3.855],[-2.127,-1.861],[-3.589,0],[-2.193,0.931],[-1.329,1.728],[0,0],[0,0],[0,0],[2.127,2.193]],"o":[[-4.387,0],[-2.991,1.728],[0,0],[0.399,-1.795],[1.263,-0.798],[4.919,0],[0,0],[0,0],[-5.052,0.133],[-3.057,2.06],[0,2.858],[2.06,1.795],[2.925,0],[1.994,-0.931],[0,0],[0,0],[0,0],[0,-4.187],[-2.393,-2.526]],"v":[[250.802,-35.294],[240.433,-32.968],[234.85,-24.659],[242.361,-24.061],[245.219,-28.049],[250.27,-29.179],[257.648,-22.466],[257.648,-21.137],[250.138,-20.937],[238.373,-17.747],[233.853,-8.84],[237.043,-1.795],[245.485,0.931],[253.195,-0.532],[258.18,-4.52],[258.18,0],[265.226,0],[265.226,-21.934],[262.035,-31.505]],"c":true},"ix":2},"nm":"ã","mn":"ADBE Vector Shape - Group","hd":false},{"ind":2,"ty":"sh","ix":3,"ks":{"a":0,"k":{"i":[[0,0],[0,0],[1.994,-1.728],[2.925,0],[1.063,0.798],[0,1.196],[-6.049,0.133]],"o":[[0,0],[0,2.659],[-1.994,1.662],[-1.662,0],[-1.063,-0.798],[0,-4.121],[0,0]],"v":[[257.648,-15.686],[257.648,-13.958],[254.591,-7.378],[247.213,-4.852],[243.158,-6.115],[241.63,-9.106],[250.669,-15.487]],"c":true},"ix":2},"nm":"ã","mn":"ADBE Vector Shape - Group","hd":false},{"ty":"mm","mm":1,"nm":"合并路径 1","mn":"ADBE Vector Filter - Merge","hd":false},{"ty":"fl","c":{"a":0,"k":[0.596079987171,0.596079987171,0.596079987171,1],"ix":4},"o":{"a":0,"k":100,"ix":5},"r":1,"bm":0,"nm":"填充 1","mn":"ADBE Vector Graphic - Fill","hd":false},{"ty":"tr","p":{"a":0,"k":[0,0],"ix":2},"a":{"a":0,"k":[0,0],"ix":1},"s":{"a":0,"k":[100,100],"ix":3},"r":{"a":0,"k":0,"ix":6},"o":{"a":0,"k":100,"ix":7},"sk":{"a":0,"k":0,"ix":4},"sa":{"a":0,"k":0,"ix":5},"nm":"变换"}],"nm":"ã","np":6,"cix":2,"bm":0,"ix":8,"mn":"ADBE Vector Group","hd":false},{"ty":"gr","it":[{"ind":0,"ty":"sh","ix":1,"ks":{"a":0,"k":{"i":[[5.184,0],[3.124,-3.456],[0,-5.317],[-3.124,-3.323],[-5.251,0],[-3.19,3.456],[0,5.251],[3.124,3.39]],"o":[[-5.251,0],[-3.19,3.39],[0,5.251],[3.19,3.456],[5.184,0],[3.057,-3.323],[0,-5.317],[-3.19,-3.456]],"v":[[288.886,-35.294],[276.324,-30.176],[271.604,-17.149],[276.257,-4.254],[288.886,0.931],[301.515,-4.254],[306.167,-17.149],[301.448,-30.176]],"c":true},"ix":2},"nm":"o","mn":"ADBE Vector Shape - Group","hd":false},{"ind":1,"ty":"sh","ix":2,"ks":{"a":0,"k":{"i":[[-3.19,0],[-1.728,-2.526],[0,-3.323],[1.462,-2.193],[3.124,0],[1.728,2.459],[0,3.323],[-1.462,2.127]],"o":[[3.124,0],[1.462,2.127],[0,3.257],[-1.728,2.459],[-3.19,0],[-1.462,-2.127],[0,-3.323],[1.728,-2.526]],"v":[[288.886,-29.113],[296.197,-25.391],[298.457,-17.149],[296.197,-8.973],[288.886,-5.251],[281.575,-8.973],[279.381,-17.149],[281.575,-25.391]],"c":true},"ix":2},"nm":"o","mn":"ADBE Vector Shape - Group","hd":false},{"ty":"mm","mm":1,"nm":"合并路径 1","mn":"ADBE Vector Filter - Merge","hd":false},{"ty":"fl","c":{"a":0,"k":[0.596079987171,0.596079987171,0.596079987171,1],"ix":4},"o":{"a":0,"k":100,"ix":5},"r":1,"bm":0,"nm":"填充 1","mn":"ADBE Vector Graphic - Fill","hd":false},{"ty":"tr","p":{"a":0,"k":[0,0],"ix":2},"a":{"a":0,"k":[0,0],"ix":1},"s":{"a":0,"k":[100,100],"ix":3},"r":{"a":0,"k":0,"ix":6},"o":{"a":0,"k":100,"ix":7},"sk":{"a":0,"k":0,"ix":4},"sa":{"a":0,"k":0,"ix":5},"nm":"变换"}],"nm":"o","np":5,"cix":2,"bm":0,"ix":9,"mn":"ADBE Vector Group","hd":false},{"ty":"gr","it":[{"ind":0,"ty":"sh","ix":1,"ks":{"a":0,"k":{"i":[[0,0],[0,0],[3.988,0],[2.792,-3.589],[0,-5.052],[-2.659,-3.323],[-5.118,0],[-2.393,3.057],[0,0],[0,0],[0,0]],"o":[[0,0],[-2.858,-3.789],[-4.919,0],[-2.659,3.323],[0,5.251],[2.858,3.589],[4.52,0],[0,0],[0,0],[0,0],[0,0]],"v":[[358.971,-48.388],[358.971,-29.644],[348.735,-35.294],[337.103,-29.91],[333.181,-17.348],[337.169,-4.453],[349.134,0.931],[359.502,-3.656],[359.502,0],[366.548,0],[366.548,-48.388]],"c":true},"ix":2},"nm":"d","mn":"ADBE Vector Shape - Group","hd":false},{"ind":1,"ty":"sh","ix":2,"ks":{"a":0,"k":{"i":[[-3.456,0],[-1.595,-1.994],[0,-3.656],[0,0],[1.396,-2.127],[2.925,0],[1.529,2.393],[0,3.722],[-1.396,1.928]],"o":[[2.393,0],[1.728,2.127],[0,0],[0,3.323],[-1.595,2.326],[-3.39,0],[-1.329,-1.994],[0,-3.722],[1.595,-2.26]],"v":[[350.529,-29.179],[356.578,-26.188],[359.237,-17.481],[359.237,-16.949],[357.11,-8.707],[350.263,-5.184],[342.886,-8.774],[340.958,-17.348],[343.019,-25.789]],"c":true},"ix":2},"nm":"d","mn":"ADBE Vector Shape - Group","hd":false},{"ty":"mm","mm":1,"nm":"合并路径 1","mn":"ADBE Vector Filter - Merge","hd":false},{"ty":"fl","c":{"a":0,"k":[0.596079987171,0.596079987171,0.596079987171,1],"ix":4},"o":{"a":0,"k":100,"ix":5},"r":1,"bm":0,"nm":"填充 1","mn":"ADBE Vector Graphic - Fill","hd":false},{"ty":"tr","p":{"a":0,"k":[0,0],"ix":2},"a":{"a":0,"k":[0,0],"ix":1},"s":{"a":0,"k":[100,100],"ix":3},"r":{"a":0,"k":0,"ix":6},"o":{"a":0,"k":100,"ix":7},"sk":{"a":0,"k":0,"ix":4},"sa":{"a":0,"k":0,"ix":5},"nm":"变换"}],"nm":"d","np":5,"cix":2,"bm":0,"ix":10,"mn":"ADBE Vector Group","hd":false},{"ty":"gr","it":[{"ind":0,"ty":"sh","ix":1,"ks":{"a":0,"k":{"i":[[5.65,0],[2.925,-3.523],[0,-5.118],[-3.19,-3.257],[-5.118,0],[-3.057,2.592],[-0.798,3.19],[0,0],[1.13,-0.864],[2.326,0],[1.462,1.662],[0.266,3.19],[0,0],[2.725,3.456]],"o":[[-5.118,0],[-3.057,3.456],[0,5.716],[2.991,3.124],[4.586,0],[2.393,-2.127],[0,0],[-0.931,1.928],[-1.462,1.063],[-2.725,0],[-1.462,-1.662],[0,0],[0,-6.181],[-2.991,-3.855]],"v":[[388.865,-35.294],[376.768,-30.043],[372.248,-17.215],[377.034,-3.789],[389.197,0.931],[400.63,-2.991],[405.415,-11.034],[397.838,-11.034],[394.78,-6.846],[389.131,-5.251],[382.816,-7.777],[380.224,-15.088],[405.947,-15.088],[401.826,-29.578]],"c":true},"ix":2},"nm":"e","mn":"ADBE Vector Shape - Group","hd":false},{"ind":1,"ty":"sh","ix":2,"ks":{"a":0,"k":{"i":[[-2.526,0],[-0.665,-5.583],[0,0],[-1.396,1.396]],"o":[[5.317,0],[0,0],[0.465,-2.725],[1.462,-1.462]],"v":[[389.064,-29.113],[398.037,-20.804],[380.357,-20.804],[383.149,-26.986]],"c":true},"ix":2},"nm":"e","mn":"ADBE Vector Shape - Group","hd":false},{"ty":"mm","mm":1,"nm":"合并路径 1","mn":"ADBE Vector Filter - Merge","hd":false},{"ty":"fl","c":{"a":0,"k":[0.596079987171,0.596079987171,0.596079987171,1],"ix":4},"o":{"a":0,"k":100,"ix":5},"r":1,"bm":0,"nm":"填充 1","mn":"ADBE Vector Graphic - Fill","hd":false},{"ty":"tr","p":{"a":0,"k":[0,0],"ix":2},"a":{"a":0,"k":[0,0],"ix":1},"s":{"a":0,"k":[100,100],"ix":3},"r":{"a":0,"k":0,"ix":6},"o":{"a":0,"k":100,"ix":7},"sk":{"a":0,"k":0,"ix":4},"sa":{"a":0,"k":0,"ix":5},"nm":"变换"}],"nm":"e","np":5,"cix":2,"bm":0,"ix":11,"mn":"ADBE Vector Group","hd":false}],"ip":0,"op":190,"st":0,"bm":0},{"ddd":0,"ind":37,"ty":4,"nm":"“de sexe”轮廓","sr":1,"ks":{"o":{"a":1,"k":[{"i":{"x":[0.833],"y":[0.833]},"o":{"x":[0.167],"y":[0.167]},"t":10,"s":[0]},{"i":{"x":[0.833],"y":[0.833]},"o":{"x":[0.167],"y":[0.167]},"t":30,"s":[100]},{"i":{"x":[0.833],"y":[0.833]},"o":{"x":[0.167],"y":[0.167]},"t":180,"s":[100]},{"t":189,"s":[0]}],"ix":11},"r":{"a":0,"k":0,"ix":10},"p":{"a":0,"k":[62,596,0],"ix":2},"a":{"a":0,"k":[0,0,0],"ix":1},"s":{"a":0,"k":[100,100,100],"ix":6}},"ao":0,"hasMask":true,"masksProperties":[{"inv":false,"mode":"a","pt":{"a":1,"k":[{"i":{"x":0.667,"y":1},"o":{"x":0.333,"y":0},"t":10,"s":[{"i":[[0,0],[0,0],[0,0],[0,0]],"o":[[0,0],[0,0],[0,0],[0,0]],"v":[[-48,-101],[-365.648,-101],[-365.648,48.859],[-48,48.859]],"c":true}]},{"i":{"x":0.667,"y":1},"o":{"x":0.333,"y":0},"t":30,"s":[{"i":[[0,0],[0,0],[0,0],[0,0]],"o":[[0,0],[0,0],[0,0],[0,0]],"v":[[520,-101],[-42.648,-101],[-42.648,48.859],[520,48.859]],"c":true}]},{"i":{"x":0.667,"y":1},"o":{"x":0.333,"y":0},"t":180,"s":[{"i":[[0,0],[0,0],[0,0],[0,0]],"o":[[0,0],[0,0],[0,0],[0,0]],"v":[[520,-101],[-42.648,-101],[-42.648,48.859],[520,48.859]],"c":true}]},{"t":189,"s":[{"i":[[0,0],[0,0],[0,0],[0,0]],"o":[[0,0],[0,0],[0,0],[0,0]],"v":[[587,-102],[269.352,-102],[269.352,47.859],[587,47.859]],"c":true}]}],"ix":1},"o":{"a":0,"k":100,"ix":3},"x":{"a":0,"k":0,"ix":4},"nm":"蒙版 1"}],"shapes":[{"ty":"gr","it":[{"ind":0,"ty":"sh","ix":1,"ks":{"a":0,"k":{"i":[[9.04,0],[2.592,-1.861],[0,-3.19],[-2.659,-1.662],[-4.055,-0.931],[-1.063,-0.532],[0,-1.595],[5.317,0],[1.13,0.798],[0.399,2.193],[0,0],[-9.571,0],[0,7.311],[2.725,1.728],[3.855,0.931],[1.13,0.465],[0,1.063],[-1.196,0.598],[-1.994,0],[-1.13,-0.731],[-0.532,-1.728],[0,0]],"o":[[-4.254,0],[-2.659,1.728],[0,2.991],[1.662,1.063],[3.456,0.798],[1.994,0.931],[0,2.792],[-2.526,0],[-1.13,-0.931],[0,0],[0.731,8.043],[10.302,0],[0,-3.057],[-1.861,-1.263],[-3.456,-0.864],[-1.861,-0.798],[0,-1.329],[0.997,-0.598],[2.326,0],[1.063,0.665],[0,0],[-0.798,-7.311]],"v":[[16.949,-35.294],[6.713,-32.569],[2.792,-25.191],[6.78,-18.212],[15.354,-15.221],[22.134,-13.293],[25.125,-9.505],[17.149,-5.251],[11.698,-6.514],[9.372,-11.167],[1.994,-11.167],[17.414,0.931],[32.901,-10.037],[28.78,-17.281],[20.14,-20.538],[13.293,-22.532],[10.568,-25.391],[12.296,-28.249],[16.816,-29.113],[22.001,-28.049],[24.393,-24.393],[31.771,-24.393]],"c":true},"ix":2},"nm":"s","mn":"ADBE Vector Shape - Group","hd":false},{"ty":"fl","c":{"a":0,"k":[0.596079987171,0.596079987171,0.596079987171,1],"ix":4},"o":{"a":0,"k":100,"ix":5},"r":1,"bm":0,"nm":"填充 1","mn":"ADBE Vector Graphic - Fill","hd":false},{"ty":"tr","p":{"a":0,"k":[0,0],"ix":2},"a":{"a":0,"k":[0,0],"ix":1},"s":{"a":0,"k":[100,100],"ix":3},"r":{"a":0,"k":0,"ix":6},"o":{"a":0,"k":100,"ix":7},"sk":{"a":0,"k":0,"ix":4},"sa":{"a":0,"k":0,"ix":5},"nm":"变换"}],"nm":"s","np":3,"cix":2,"bm":0,"ix":1,"mn":"ADBE Vector Group","hd":false},{"ty":"gr","it":[{"ind":0,"ty":"sh","ix":1,"ks":{"a":0,"k":{"i":[[5.65,0],[2.925,-3.523],[0,-5.118],[-3.19,-3.257],[-5.118,0],[-3.057,2.592],[-0.798,3.19],[0,0],[1.13,-0.864],[2.326,0],[1.462,1.662],[0.266,3.19],[0,0],[2.725,3.456]],"o":[[-5.118,0],[-3.057,3.456],[0,5.716],[2.991,3.124],[4.586,0],[2.393,-2.127],[0,0],[-0.931,1.928],[-1.462,1.063],[-2.725,0],[-1.462,-1.662],[0,0],[0,-6.181],[-2.991,-3.855]],"v":[[53.26,-35.294],[41.163,-30.043],[36.644,-17.215],[41.429,-3.789],[53.593,0.931],[65.025,-2.991],[69.811,-11.034],[62.234,-11.034],[59.176,-6.846],[53.526,-5.251],[47.212,-7.777],[44.62,-15.088],[70.343,-15.088],[66.222,-29.578]],"c":true},"ix":2},"nm":"e","mn":"ADBE Vector Shape - Group","hd":false},{"ind":1,"ty":"sh","ix":2,"ks":{"a":0,"k":{"i":[[-2.526,0],[-0.665,-5.583],[0,0],[-1.396,1.396]],"o":[[5.317,0],[0,0],[0.465,-2.725],[1.462,-1.462]],"v":[[53.46,-29.113],[62.433,-20.804],[44.753,-20.804],[47.544,-26.986]],"c":true},"ix":2},"nm":"e","mn":"ADBE Vector Shape - Group","hd":false},{"ty":"mm","mm":1,"nm":"合并路径 1","mn":"ADBE Vector Filter - Merge","hd":false},{"ty":"fl","c":{"a":0,"k":[0.596079987171,0.596079987171,0.596079987171,1],"ix":4},"o":{"a":0,"k":100,"ix":5},"r":1,"bm":0,"nm":"填充 1","mn":"ADBE Vector Graphic - Fill","hd":false},{"ty":"tr","p":{"a":0,"k":[0,0],"ix":2},"a":{"a":0,"k":[0,0],"ix":1},"s":{"a":0,"k":[100,100],"ix":3},"r":{"a":0,"k":0,"ix":6},"o":{"a":0,"k":100,"ix":7},"sk":{"a":0,"k":0,"ix":4},"sa":{"a":0,"k":0,"ix":5},"nm":"变换"}],"nm":"e","np":5,"cix":2,"bm":0,"ix":2,"mn":"ADBE Vector Group","hd":false},{"ty":"gr","it":[{"ind":0,"ty":"sh","ix":1,"ks":{"a":0,"k":{"i":[[0,0],[0,0],[0,0],[0,0],[0,0],[0,0],[0,0],[0,0],[0,0],[0,0],[0,0],[0,0]],"o":[[0,0],[0,0],[0,0],[0,0],[0,0],[0,0],[0,0],[0,0],[0,0],[0,0],[0,0],[0,0]],"v":[[73.932,-34.364],[85.763,-18.279],[72.403,0],[81.31,0],[89.95,-12.695],[98.525,0],[107.431,0],[94.071,-18.279],[105.903,-34.364],[97.062,-34.364],[89.95,-23.862],[82.772,-34.364]],"c":true},"ix":2},"nm":"x","mn":"ADBE Vector Shape - Group","hd":false},{"ty":"fl","c":{"a":0,"k":[0.596079987171,0.596079987171,0.596079987171,1],"ix":4},"o":{"a":0,"k":100,"ix":5},"r":1,"bm":0,"nm":"填充 1","mn":"ADBE Vector Graphic - Fill","hd":false},{"ty":"tr","p":{"a":0,"k":[0,0],"ix":2},"a":{"a":0,"k":[0,0],"ix":1},"s":{"a":0,"k":[100,100],"ix":3},"r":{"a":0,"k":0,"ix":6},"o":{"a":0,"k":100,"ix":7},"sk":{"a":0,"k":0,"ix":4},"sa":{"a":0,"k":0,"ix":5},"nm":"变换"}],"nm":"x","np":3,"cix":2,"bm":0,"ix":3,"mn":"ADBE Vector Group","hd":false},{"ty":"gr","it":[{"ind":0,"ty":"sh","ix":1,"ks":{"a":0,"k":{"i":[[5.184,0],[3.124,-3.456],[0,-5.317],[-3.124,-3.323],[-5.251,0],[-3.19,3.456],[0,5.251],[3.124,3.39]],"o":[[-5.251,0],[-3.19,3.39],[0,5.251],[3.19,3.456],[5.184,0],[3.057,-3.323],[0,-5.317],[-3.19,-3.456]],"v":[[127.452,-35.294],[114.89,-30.176],[110.171,-17.149],[114.823,-4.254],[127.452,0.931],[140.081,-4.254],[144.734,-17.149],[140.014,-30.176]],"c":true},"ix":2},"nm":"o","mn":"ADBE Vector Shape - Group","hd":false},{"ind":1,"ty":"sh","ix":2,"ks":{"a":0,"k":{"i":[[-3.19,0],[-1.728,-2.526],[0,-3.323],[1.462,-2.193],[3.124,0],[1.728,2.459],[0,3.323],[-1.462,2.127]],"o":[[3.124,0],[1.462,2.127],[0,3.257],[-1.728,2.459],[-3.19,0],[-1.462,-2.127],[0,-3.323],[1.728,-2.526]],"v":[[127.452,-29.113],[134.763,-25.391],[137.023,-17.149],[134.763,-8.973],[127.452,-5.251],[120.141,-8.973],[117.947,-17.149],[120.141,-25.391]],"c":true},"ix":2},"nm":"o","mn":"ADBE Vector Shape - Group","hd":false},{"ty":"mm","mm":1,"nm":"合并路径 1","mn":"ADBE Vector Filter - Merge","hd":false},{"ty":"fl","c":{"a":0,"k":[0.596079987171,0.596079987171,0.596079987171,1],"ix":4},"o":{"a":0,"k":100,"ix":5},"r":1,"bm":0,"nm":"填充 1","mn":"ADBE Vector Graphic - Fill","hd":false},{"ty":"tr","p":{"a":0,"k":[0,0],"ix":2},"a":{"a":0,"k":[0,0],"ix":1},"s":{"a":0,"k":[100,100],"ix":3},"r":{"a":0,"k":0,"ix":6},"o":{"a":0,"k":100,"ix":7},"sk":{"a":0,"k":0,"ix":4},"sa":{"a":0,"k":0,"ix":5},"nm":"变换"}],"nm":"o","np":5,"cix":2,"bm":0,"ix":4,"mn":"ADBE Vector Group","hd":false},{"ty":"gr","it":[{"ind":0,"ty":"sh","ix":1,"ks":{"a":0,"k":{"i":[[1.462,0],[0.997,-0.931],[0,-1.462],[-0.997,-0.997],[-1.462,0],[-0.997,0.931],[0,1.462],[0.931,0.931]],"o":[[-1.462,0],[-0.997,0.931],[0,1.462],[0.997,0.931],[1.462,0],[0.997,-0.931],[0,-1.462],[-0.997,-0.931]],"v":[[178.195,-48.388],[174.539,-46.992],[173.077,-43.403],[174.539,-39.747],[178.195,-38.352],[181.85,-39.747],[183.379,-43.403],[181.917,-46.992]],"c":true},"ix":2},"nm":"i","mn":"ADBE Vector Shape - Group","hd":false},{"ind":1,"ty":"sh","ix":2,"ks":{"a":0,"k":{"i":[[0,0],[0,0],[0,0],[0,0]],"o":[[0,0],[0,0],[0,0],[0,0]],"v":[[174.406,-34.364],[174.406,0],[181.983,0],[181.983,-34.364]],"c":true},"ix":2},"nm":"i","mn":"ADBE Vector Shape - Group","hd":false},{"ty":"mm","mm":1,"nm":"合并路径 1","mn":"ADBE Vector Filter - Merge","hd":false},{"ty":"fl","c":{"a":0,"k":[0.596079987171,0.596079987171,0.596079987171,1],"ix":4},"o":{"a":0,"k":100,"ix":5},"r":1,"bm":0,"nm":"填充 1","mn":"ADBE Vector Graphic - Fill","hd":false},{"ty":"tr","p":{"a":0,"k":[0,0],"ix":2},"a":{"a":0,"k":[0,0],"ix":1},"s":{"a":0,"k":[100,100],"ix":3},"r":{"a":0,"k":0,"ix":6},"o":{"a":0,"k":100,"ix":7},"sk":{"a":0,"k":0,"ix":4},"sa":{"a":0,"k":0,"ix":5},"nm":"变换"}],"nm":"i","np":5,"cix":2,"bm":0,"ix":5,"mn":"ADBE Vector Group","hd":false},{"ty":"gr","it":[{"ind":0,"ty":"sh","ix":1,"ks":{"a":0,"k":{"i":[[8.574,0],[1.728,-0.864],[1.329,-1.595],[0,0],[0,0],[0,0],[0,0],[0,0],[-1.595,1.462],[-1.861,0],[0,-5.65],[0,0],[0,0],[0,0]],"o":[[-2.06,0],[-1.662,0.798],[0,0],[0,0],[0,0],[0,0],[0,0],[0.266,-2.725],[1.396,-1.329],[5.184,0],[0,0],[0,0],[0,0],[0,-9.438]],"v":[[208.973,-35.294],[203.323,-34.031],[198.804,-30.376],[198.804,-34.364],[191.226,-34.364],[191.226,0],[198.804,0],[198.804,-20.671],[201.595,-26.986],[206.514,-28.98],[214.291,-20.538],[214.291,0],[221.868,0],[221.868,-21.203]],"c":true},"ix":2},"nm":"n","mn":"ADBE Vector Shape - Group","hd":false},{"ty":"fl","c":{"a":0,"k":[0.596079987171,0.596079987171,0.596079987171,1],"ix":4},"o":{"a":0,"k":100,"ix":5},"r":1,"bm":0,"nm":"填充 1","mn":"ADBE Vector Graphic - Fill","hd":false},{"ty":"tr","p":{"a":0,"k":[0,0],"ix":2},"a":{"a":0,"k":[0,0],"ix":1},"s":{"a":0,"k":[100,100],"ix":3},"r":{"a":0,"k":0,"ix":6},"o":{"a":0,"k":100,"ix":7},"sk":{"a":0,"k":0,"ix":4},"sa":{"a":0,"k":0,"ix":5},"nm":"变换"}],"nm":"n","np":3,"cix":2,"bm":0,"ix":6,"mn":"ADBE Vector Group","hd":false},{"ty":"gr","it":[{"ind":0,"ty":"sh","ix":1,"ks":{"a":0,"k":{"i":[[4.453,0],[2.991,-3.589],[0,-5.184],[-2.858,-3.323],[-5.317,0],[-2.659,2.193],[-0.798,4.653],[0,0],[5.052,0],[1.462,2.06],[0,3.789],[-1.595,2.06],[-2.792,0],[-1.396,-1.063],[-0.465,-2.193],[0,0],[2.725,2.127]],"o":[[-5.384,0],[-2.792,3.257],[0,5.317],[2.925,3.456],[4.453,0],[2.725,-2.26],[0,0],[-0.598,4.985],[-2.925,0],[-1.595,-2.127],[0,-3.722],[1.595,-2.127],[2.26,0],[1.329,1.063],[0,0],[-0.665,-4.32],[-2.659,-1.994]],"v":[[244.992,-35.294],[232.43,-29.91],[228.243,-17.215],[232.497,-4.254],[244.859,0.931],[255.561,-2.393],[260.878,-12.762],[253.367,-12.762],[244.926,-5.251],[238.346,-8.375],[236.019,-17.281],[238.412,-25.989],[244.992,-29.113],[250.509,-27.517],[253.234,-22.665],[260.745,-22.665],[255.627,-32.303]],"c":true},"ix":2},"nm":"c","mn":"ADBE Vector Shape - Group","hd":false},{"ty":"fl","c":{"a":0,"k":[0.596079987171,0.596079987171,0.596079987171,1],"ix":4},"o":{"a":0,"k":100,"ix":5},"r":1,"bm":0,"nm":"填充 1","mn":"ADBE Vector Graphic - Fill","hd":false},{"ty":"tr","p":{"a":0,"k":[0,0],"ix":2},"a":{"a":0,"k":[0,0],"ix":1},"s":{"a":0,"k":[100,100],"ix":3},"r":{"a":0,"k":0,"ix":6},"o":{"a":0,"k":100,"ix":7},"sk":{"a":0,"k":0,"ix":4},"sa":{"a":0,"k":0,"ix":5},"nm":"变换"}],"nm":"c","np":3,"cix":2,"bm":0,"ix":7,"mn":"ADBE Vector Group","hd":false},{"ty":"gr","it":[{"ind":0,"ty":"sh","ix":1,"ks":{"a":0,"k":{"i":[[1.662,0],[1.529,-1.263],[0.931,-1.728],[0,0],[0,0],[0,0],[0,0],[0,0],[-1.861,1.795],[-1.994,0],[-1.728,-0.532],[0,0]],"o":[[-2.127,0],[-1.263,0.931],[0,0],[0,0],[0,0],[0,0],[0,0],[0,-2.925],[1.595,-1.595],[1.595,0],[0,0],[-1.196,-0.598]],"v":[[282.815,-35.294],[277.365,-33.433],[274.108,-29.445],[274.108,-34.364],[266.597,-34.364],[266.597,0],[274.108,0],[274.108,-18.212],[276.833,-25.258],[282.217,-27.584],[287.136,-26.853],[287.136,-34.43]],"c":true},"ix":2},"nm":"r","mn":"ADBE Vector Shape - Group","hd":false},{"ty":"fl","c":{"a":0,"k":[0.596079987171,0.596079987171,0.596079987171,1],"ix":4},"o":{"a":0,"k":100,"ix":5},"r":1,"bm":0,"nm":"填充 1","mn":"ADBE Vector Graphic - Fill","hd":false},{"ty":"tr","p":{"a":0,"k":[0,0],"ix":2},"a":{"a":0,"k":[0,0],"ix":1},"s":{"a":0,"k":[100,100],"ix":3},"r":{"a":0,"k":0,"ix":6},"o":{"a":0,"k":100,"ix":7},"sk":{"a":0,"k":0,"ix":4},"sa":{"a":0,"k":0,"ix":5},"nm":"变换"}],"nm":"r","np":3,"cix":2,"bm":0,"ix":8,"mn":"ADBE Vector Group","hd":false},{"ty":"gr","it":[{"ind":0,"ty":"sh","ix":1,"ks":{"a":0,"k":{"i":[[0,0],[0,0],[0,0],[0,0]],"o":[[0,0],[0,0],[0,0],[0,0]],"v":[[298.858,-47.989],[292.677,-38.285],[297.595,-38.285],[307.166,-47.989]],"c":true},"ix":2},"nm":"í","mn":"ADBE Vector Shape - Group","hd":false},{"ind":1,"ty":"sh","ix":2,"ks":{"a":0,"k":{"i":[[0,0],[0,0],[0,0],[0,0]],"o":[[0,0],[0,0],[0,0],[0,0]],"v":[[292.677,-34.364],[292.677,0],[300.254,0],[300.254,-34.364]],"c":true},"ix":2},"nm":"í","mn":"ADBE Vector Shape - Group","hd":false},{"ty":"mm","mm":1,"nm":"合并路径 1","mn":"ADBE Vector Filter - Merge","hd":false},{"ty":"fl","c":{"a":0,"k":[0.596079987171,0.596079987171,0.596079987171,1],"ix":4},"o":{"a":0,"k":100,"ix":5},"r":1,"bm":0,"nm":"填充 1","mn":"ADBE Vector Graphic - Fill","hd":false},{"ty":"tr","p":{"a":0,"k":[0,0],"ix":2},"a":{"a":0,"k":[0,0],"ix":1},"s":{"a":0,"k":[100,100],"ix":3},"r":{"a":0,"k":0,"ix":6},"o":{"a":0,"k":100,"ix":7},"sk":{"a":0,"k":0,"ix":4},"sa":{"a":0,"k":0,"ix":5},"nm":"变换"}],"nm":"í","np":5,"cix":2,"bm":0,"ix":9,"mn":"ADBE Vector Group","hd":false},{"ty":"gr","it":[{"ind":0,"ty":"sh","ix":1,"ks":{"a":0,"k":{"i":[[0,0],[0,0],[0,0],[0,0],[0,0],[0,0],[0,0]],"o":[[0,0],[0,0],[0,0],[0,0],[0,0],[0,0],[0,0]],"v":[[305.775,-34.364],[318.47,0],[326.047,0],[338.742,-34.364],[330.501,-34.364],[322.259,-9.438],[314.017,-34.364]],"c":true},"ix":2},"nm":"v","mn":"ADBE Vector Shape - Group","hd":false},{"ty":"fl","c":{"a":0,"k":[0.596079987171,0.596079987171,0.596079987171,1],"ix":4},"o":{"a":0,"k":100,"ix":5},"r":1,"bm":0,"nm":"填充 1","mn":"ADBE Vector Graphic - Fill","hd":false},{"ty":"tr","p":{"a":0,"k":[0,0],"ix":2},"a":{"a":0,"k":[0,0],"ix":1},"s":{"a":0,"k":[100,100],"ix":3},"r":{"a":0,"k":0,"ix":6},"o":{"a":0,"k":100,"ix":7},"sk":{"a":0,"k":0,"ix":4},"sa":{"a":0,"k":0,"ix":5},"nm":"变换"}],"nm":"v","np":3,"cix":2,"bm":0,"ix":10,"mn":"ADBE Vector Group","hd":false},{"ty":"gr","it":[{"ind":0,"ty":"sh","ix":1,"ks":{"a":0,"k":{"i":[[5.65,0],[2.925,-3.523],[0,-5.118],[-3.19,-3.257],[-5.118,0],[-3.057,2.592],[-0.798,3.19],[0,0],[1.13,-0.864],[2.326,0],[1.462,1.662],[0.266,3.19],[0,0],[2.725,3.456]],"o":[[-5.118,0],[-3.057,3.456],[0,5.716],[2.991,3.124],[4.586,0],[2.393,-2.127],[0,0],[-0.931,1.928],[-1.462,1.063],[-2.725,0],[-1.462,-1.662],[0,0],[0,-6.181],[-2.991,-3.855]],"v":[[357.449,-35.294],[345.352,-30.043],[340.832,-17.215],[345.618,-3.789],[357.781,0.931],[369.214,-2.991],[373.999,-11.034],[366.422,-11.034],[363.365,-6.846],[357.715,-5.251],[351.4,-7.777],[348.808,-15.088],[374.531,-15.088],[370.41,-29.578]],"c":true},"ix":2},"nm":"e","mn":"ADBE Vector Shape - Group","hd":false},{"ind":1,"ty":"sh","ix":2,"ks":{"a":0,"k":{"i":[[-2.526,0],[-0.665,-5.583],[0,0],[-1.396,1.396]],"o":[[5.317,0],[0,0],[0.465,-2.725],[1.462,-1.462]],"v":[[357.648,-29.113],[366.621,-20.804],[348.941,-20.804],[351.733,-26.986]],"c":true},"ix":2},"nm":"e","mn":"ADBE Vector Shape - Group","hd":false},{"ty":"mm","mm":1,"nm":"合并路径 1","mn":"ADBE Vector Filter - Merge","hd":false},{"ty":"fl","c":{"a":0,"k":[0.596079987171,0.596079987171,0.596079987171,1],"ix":4},"o":{"a":0,"k":100,"ix":5},"r":1,"bm":0,"nm":"填充 1","mn":"ADBE Vector Graphic - Fill","hd":false},{"ty":"tr","p":{"a":0,"k":[0,0],"ix":2},"a":{"a":0,"k":[0,0],"ix":1},"s":{"a":0,"k":[100,100],"ix":3},"r":{"a":0,"k":0,"ix":6},"o":{"a":0,"k":100,"ix":7},"sk":{"a":0,"k":0,"ix":4},"sa":{"a":0,"k":0,"ix":5},"nm":"变换"}],"nm":"e","np":5,"cix":2,"bm":0,"ix":11,"mn":"ADBE Vector Group","hd":false},{"ty":"gr","it":[{"ind":0,"ty":"sh","ix":1,"ks":{"a":0,"k":{"i":[[0,0],[0,0],[0,0],[0,0]],"o":[[0,0],[0,0],[0,0],[0,0]],"v":[[380.912,-48.388],[380.912,0],[388.489,0],[388.489,-48.388]],"c":true},"ix":2},"nm":"l","mn":"ADBE Vector Shape - Group","hd":false},{"ty":"fl","c":{"a":0,"k":[0.596079987171,0.596079987171,0.596079987171,1],"ix":4},"o":{"a":0,"k":100,"ix":5},"r":1,"bm":0,"nm":"填充 1","mn":"ADBE Vector Graphic - Fill","hd":false},{"ty":"tr","p":{"a":0,"k":[0,0],"ix":2},"a":{"a":0,"k":[0,0],"ix":1},"s":{"a":0,"k":[100,100],"ix":3},"r":{"a":0,"k":0,"ix":6},"o":{"a":0,"k":100,"ix":7},"sk":{"a":0,"k":0,"ix":4},"sa":{"a":0,"k":0,"ix":5},"nm":"变换"}],"nm":"l","np":3,"cix":2,"bm":0,"ix":12,"mn":"ADBE Vector Group","hd":false}],"ip":10,"op":190,"st":10,"bm":0}],"markers":[]}