{"v":"5.6.8","fr":30,"ip":0,"op":189,"w":1125,"h":1050,"nm":"订阅视频-变老-多语言","ddd":0,"assets":[],"layers":[{"ddd":0,"ind":25,"ty":4,"nm":"“私は30年”轮廓","sr":1,"ks":{"o":{"a":1,"k":[{"i":{"x":[0.833],"y":[0.833]},"o":{"x":[0.167],"y":[0.167]},"t":0,"s":[0]},{"i":{"x":[0.833],"y":[0.833]},"o":{"x":[0.167],"y":[0.167]},"t":20,"s":[100]},{"i":{"x":[0.833],"y":[0.833]},"o":{"x":[0.167],"y":[0.167]},"t":180,"s":[100]},{"t":189,"s":[0]}],"ix":11},"r":{"a":0,"k":0,"ix":10},"p":{"a":0,"k":[55.208,506,0],"ix":2},"a":{"a":0,"k":[0,0,0],"ix":1},"s":{"a":0,"k":[100,100,100],"ix":6}},"ao":0,"hasMask":true,"masksProperties":[{"inv":false,"mode":"a","pt":{"a":1,"k":[{"i":{"x":0.667,"y":1},"o":{"x":0.333,"y":0},"t":0,"s":[{"i":[[0,0],[0,0],[0,0],[0,0]],"o":[[0,0],[0,0],[0,0],[0,0]],"v":[[-46,-113],[-450.445,-113],[-450.445,58.684],[-46,58.684]],"c":true}]},{"i":{"x":0.667,"y":1},"o":{"x":0.333,"y":0},"t":20,"s":[{"i":[[0,0],[0,0],[0,0],[0,0]],"o":[[0,0],[0,0],[0,0],[0,0]],"v":[[538,-113],[-53.445,-113],[-53.445,58.684],[538,58.684]],"c":true}]},{"i":{"x":0.667,"y":1},"o":{"x":0.333,"y":0},"t":180,"s":[{"i":[[0,0],[0,0],[0,0],[0,0]],"o":[[0,0],[0,0],[0,0],[0,0]],"v":[[538,-113],[-53.445,-113],[-53.445,58.684],[538,58.684]],"c":true}]},{"t":189,"s":[{"i":[[0,0],[0,0],[0,0],[0,0]],"o":[[0,0],[0,0],[0,0],[0,0]],"v":[[741,-114],[336.555,-114],[336.555,57.684],[741,57.684]],"c":true}]}],"ix":1},"o":{"a":0,"k":100,"ix":3},"x":{"a":0,"k":0,"ix":4},"nm":"蒙版 1"}],"shapes":[{"ty":"gr","it":[{"ind":0,"ty":"sh","ix":1,"ks":{"a":0,"k":{"i":[[3.589,9.571],[0,0],[-1.728,-6.78],[7.178,-1.063],[0,0],[0,0],[0,0],[1.728,-0.465],[0,0],[-8.641,1.662],[-0.532,-2.393],[0,0]],"o":[[0,0],[2.193,6.314],[-5.251,1.063],[0,0],[0,0],[0,0],[-0.266,0.931],[0,0],[10.037,-1.462],[0.532,2.26],[0,0],[-2.792,-12.363]],"v":[[54.104,-27.584],[48.521,-25.656],[54.37,-6.049],[35.759,-2.925],[49.518,-51.844],[43.204,-52.709],[29.578,-3.656],[26.587,-1.529],[27.783,4.52],[55.833,-0.133],[57.361,6.846],[63.609,5.251]],"c":true},"ix":2},"nm":"私","mn":"ADBE Vector Shape - Group","hd":false},{"ind":1,"ty":"sh","ix":2,"ks":{"a":0,"k":{"i":[[0,0],[0,0],[0,0],[5.583,-5.317],[0,0],[-2.592,5.65],[0,0],[0,0],[0,0],[-2.393,-3.855],[0,0],[3.19,2.991],[0,0],[0,0],[0,0],[0,0],[0,0],[-3.257,0.798],[0,0],[9.571,-0.665],[0,0],[-3.124,0.399],[0,0]],"o":[[0,0],[0,0],[-2.526,6.713],[0,0],[3.988,-4.719],[0,0],[0,0],[0,0],[1.728,2.393],[0,0],[-3.257,-3.722],[0,0],[0,0],[0,0],[0,0],[0,0],[3.656,-0.665],[0,0],[-7.444,1.994],[0,0],[3.323,-0.266],[0,0],[0,0]],"v":[[4.187,-37.089],[4.187,-31.04],[15.022,-31.04],[2.792,-13.028],[5.65,-5.849],[15.487,-21.402],[15.487,6.647],[21.801,6.647],[21.801,-22.998],[27.916,-13.559],[31.505,-18.877],[21.801,-28.913],[21.801,-31.04],[32.037,-31.04],[32.037,-37.089],[21.801,-37.089],[21.801,-46.261],[32.17,-48.455],[29.977,-54.304],[4.453,-50.316],[5.783,-44.267],[15.487,-45.331],[15.487,-37.089]],"c":true},"ix":2},"nm":"私","mn":"ADBE Vector Shape - Group","hd":false},{"ty":"mm","mm":1,"nm":"合并路径 1","mn":"ADBE Vector Filter - Merge","hd":false},{"ty":"fl","c":{"a":0,"k":[0.596079987171,0.596079987171,0.596079987171,1],"ix":4},"o":{"a":0,"k":100,"ix":5},"r":1,"bm":0,"nm":"填充 1","mn":"ADBE Vector Graphic - Fill","hd":false},{"ty":"tr","p":{"a":0,"k":[0,0],"ix":2},"a":{"a":0,"k":[0,0],"ix":1},"s":{"a":0,"k":[100,100],"ix":3},"r":{"a":0,"k":0,"ix":6},"o":{"a":0,"k":100,"ix":7},"sk":{"a":0,"k":0,"ix":4},"sa":{"a":0,"k":0,"ix":5},"nm":"变换"}],"nm":"私","np":5,"cix":2,"bm":0,"ix":1,"mn":"ADBE Vector Group","hd":false},{"ty":"gr","it":[{"ind":0,"ty":"sh","ix":1,"ks":{"a":0,"k":{"i":[[0,0],[4.187,-0.266],[0.199,3.988],[0,0],[-0.133,-3.523],[2.792,0],[4.254,0.199],[0,0],[-5.184,0],[-2.659,0.066],[-0.133,-3.988],[2.659,0],[2.526,-1.994],[0,-3.39],[-2.858,-1.861],[-3.988,0],[-2.592,3.19],[-0.532,2.26],[-3.789,-3.323],[0,0],[4.121,2.193],[0.332,8.242],[-3.323,0.399]],"o":[[-3.456,0.465],[-0.133,-3.456],[0,0],[0.199,4.121],[-2.659,0.066],[-4.52,0],[0,0],[3.589,0.133],[2.925,0],[0.266,6.78],[-2.792,-0.864],[-4.055,0],[-2.526,1.994],[0,3.589],[2.526,1.595],[5.184,0],[1.196,-1.662],[2.393,1.595],[0,0],[-4.387,-4.055],[-0.133,-4.653],[4.121,-0.266],[0,0]],"v":[[127.815,-41.476],[116.382,-40.412],[115.85,-51.579],[109.204,-51.579],[109.735,-40.146],[101.56,-40.013],[88.399,-40.346],[88.466,-33.965],[101.56,-33.699],[110.001,-33.832],[110.6,-17.614],[102.424,-18.877],[92.52,-15.952],[88.732,-7.91],[92.986,0.266],[102.69,2.725],[114.322,-2.06],[116.914,-7.976],[126.219,-0.532],[130.141,-5.45],[117.313,-14.822],[116.648,-34.098],[127.881,-35.095]],"c":true},"ix":2},"nm":"は","mn":"ADBE Vector Shape - Group","hd":false},{"ind":1,"ty":"sh","ix":2,"ks":{"a":0,"k":{"i":[[-2.792,-1.063],[0.864,-1.329],[2.792,0],[1.13,0.532],[0,1.728],[-1.263,0.931],[-2.26,0]],"o":[[-0.266,2.06],[-1.329,1.861],[-1.994,0],[-1.728,-0.731],[0,-1.462],[1.13,-0.931],[2.659,0]],"v":[[110.6,-11.299],[108.938,-6.248],[102.69,-3.456],[98.037,-4.254],[95.511,-7.91],[97.373,-11.499],[102.424,-12.895]],"c":true},"ix":2},"nm":"は","mn":"ADBE Vector Shape - Group","hd":false},{"ind":2,"ty":"sh","ix":3,"ks":{"a":0,"k":{"i":[[0,0],[0,-11.233],[-2.925,-6.647],[0,0],[0,7.71],[-1.994,9.172]],"o":[[-2.06,9.704],[0,8.774],[0,0],[-2.592,-6.248],[0,-11.167],[0,0]],"v":[[76.834,-51.246],[73.777,-19.807],[78.097,3.323],[84.279,1.13],[80.423,-19.807],[83.414,-50.249]],"c":true},"ix":2},"nm":"は","mn":"ADBE Vector Shape - Group","hd":false},{"ty":"mm","mm":1,"nm":"合并路径 1","mn":"ADBE Vector Filter - Merge","hd":false},{"ty":"fl","c":{"a":0,"k":[0.596079987171,0.596079987171,0.596079987171,1],"ix":4},"o":{"a":0,"k":100,"ix":5},"r":1,"bm":0,"nm":"填充 1","mn":"ADBE Vector Graphic - Fill","hd":false},{"ty":"tr","p":{"a":0,"k":[0,0],"ix":2},"a":{"a":0,"k":[0,0],"ix":1},"s":{"a":0,"k":[100,100],"ix":3},"r":{"a":0,"k":0,"ix":6},"o":{"a":0,"k":100,"ix":7},"sk":{"a":0,"k":0,"ix":4},"sa":{"a":0,"k":0,"ix":5},"nm":"变换"}],"nm":"は","np":6,"cix":2,"bm":0,"ix":2,"mn":"ADBE Vector Group","hd":false},{"ty":"gr","it":[{"ind":0,"ty":"sh","ix":1,"ks":{"a":0,"k":{"i":[[4.786,0],[2.925,-2.659],[0.399,-4.719],[0,0],[-1.595,1.462],[-2.858,0],[-1.462,-1.329],[0,-2.393],[1.462,-1.263],[2.925,0],[0,0],[0,0],[0,0],[-1.595,-1.329],[0,-2.792],[1.595,-1.595],[3.057,0],[1.728,1.595],[0.133,3.19],[0,0],[-3.323,-2.792],[-4.852,0],[-3.19,2.792],[0,4.387],[1.595,1.795],[2.792,0.864],[0,5.184],[2.792,2.326]],"o":[[-4.653,0],[-3.124,2.659],[0,0],[0.266,-2.925],[1.595,-1.462],[2.792,0],[1.329,1.263],[0,2.393],[-1.462,1.263],[0,0],[0,0],[0,0],[3.124,0],[1.728,1.329],[0,2.393],[-1.861,1.728],[-2.792,0],[-1.994,-1.728],[0,0],[0.399,5.317],[2.925,2.459],[5.052,0],[2.991,-2.792],[0,-2.792],[-1.462,-1.728],[5.184,-1.728],[0,-4.055],[-2.925,-2.326]],"v":[[152.405,-48.388],[141.04,-44.467],[135.789,-33.433],[142.901,-33.433],[145.759,-40.013],[152.472,-42.207],[158.919,-40.279],[160.98,-34.829],[158.72,-29.312],[152.14,-27.385],[148.75,-27.385],[148.75,-21.934],[152.206,-21.934],[159.318,-19.94],[161.91,-13.759],[159.451,-7.843],[152.073,-5.184],[145.293,-7.577],[142.169,-14.955],[134.858,-14.955],[140.441,-2.792],[152.14,0.931],[164.569,-3.323],[169.089,-14.091],[166.696,-21.004],[160.315,-24.925],[168.158,-35.361],[163.904,-44.932]],"c":true},"ix":2},"nm":"3","mn":"ADBE Vector Shape - Group","hd":false},{"ty":"fl","c":{"a":0,"k":[0.596079987171,0.596079987171,0.596079987171,1],"ix":4},"o":{"a":0,"k":100,"ix":5},"r":1,"bm":0,"nm":"填充 1","mn":"ADBE Vector Graphic - Fill","hd":false},{"ty":"tr","p":{"a":0,"k":[0,0],"ix":2},"a":{"a":0,"k":[0,0],"ix":1},"s":{"a":0,"k":[100,100],"ix":3},"r":{"a":0,"k":0,"ix":6},"o":{"a":0,"k":100,"ix":7},"sk":{"a":0,"k":0,"ix":4},"sa":{"a":0,"k":0,"ix":5},"nm":"变换"}],"nm":"3","np":3,"cix":2,"bm":0,"ix":3,"mn":"ADBE Vector Group","hd":false},{"ty":"gr","it":[{"ind":0,"ty":"sh","ix":1,"ks":{"a":0,"k":{"i":[[5.583,0],[3.057,-4.719],[0,-7.444],[-2.792,-4.387],[-5.583,0],[-3.057,4.653],[0,7.311],[2.792,4.387]],"o":[[-5.583,0],[-2.792,4.32],[0,7.378],[3.057,4.653],[5.583,0],[2.792,-4.387],[0,-7.378],[-3.057,-4.719]],"v":[[191.54,-48.388],[178.578,-41.343],[174.391,-23.729],[178.578,-6.115],[191.54,0.931],[204.501,-6.115],[208.688,-23.729],[204.501,-41.343]],"c":true},"ix":2},"nm":"0","mn":"ADBE Vector Shape - Group","hd":false},{"ind":1,"ty":"sh","ix":2,"ks":{"a":0,"k":{"i":[[-3.922,0],[-1.595,-4.32],[0,-5.118],[1.13,-2.991],[3.855,0],[1.595,4.254],[0,5.052],[-1.196,2.925]],"o":[[3.855,0],[1.13,2.925],[0,5.052],[-1.595,4.254],[-3.922,0],[-1.196,-2.991],[0,-5.118],[1.595,-4.32]],"v":[[191.54,-42.273],[199.782,-35.826],[201.51,-23.729],[199.782,-11.632],[191.54,-5.184],[183.298,-11.632],[181.569,-23.729],[183.298,-35.826]],"c":true},"ix":2},"nm":"0","mn":"ADBE Vector Shape - Group","hd":false},{"ty":"mm","mm":1,"nm":"合并路径 1","mn":"ADBE Vector Filter - Merge","hd":false},{"ty":"fl","c":{"a":0,"k":[0.596079987171,0.596079987171,0.596079987171,1],"ix":4},"o":{"a":0,"k":100,"ix":5},"r":1,"bm":0,"nm":"填充 1","mn":"ADBE Vector Graphic - Fill","hd":false},{"ty":"tr","p":{"a":0,"k":[0,0],"ix":2},"a":{"a":0,"k":[0,0],"ix":1},"s":{"a":0,"k":[100,100],"ix":3},"r":{"a":0,"k":0,"ix":6},"o":{"a":0,"k":100,"ix":7},"sk":{"a":0,"k":0,"ix":4},"sa":{"a":0,"k":0,"ix":5},"nm":"变换"}],"nm":"0","np":5,"cix":2,"bm":0,"ix":4,"mn":"ADBE Vector Group","hd":false},{"ty":"gr","it":[{"ind":0,"ty":"sh","ix":1,"ks":{"a":0,"k":{"i":[[-2.792,4.653],[0,0],[0,0],[0,0],[0,0],[0,0],[0,0],[0,0],[0,0],[0,0],[0,0],[0,0],[0,0],[0,0],[0,0],[0,0],[0,0],[0,0],[0,0],[0,0],[0,0],[0,0],[-0.665,2.26],[0,0],[6.647,-4.985],[0,0]],"o":[[0,0],[0,0],[0,0],[0,0],[0,0],[0,0],[0,0],[0,0],[0,0],[0,0],[0,0],[0,0],[0,0],[0,0],[0,0],[0,0],[0,0],[0,0],[0,0],[0,0],[0,0],[0.798,-1.994],[0,0],[-2.26,8.375],[0,0],[4.187,-3.19]],"v":[[228.347,-41.476],[245.097,-41.476],[245.097,-32.303],[225.356,-32.303],[225.356,-13.493],[214.921,-13.493],[214.921,-7.311],[245.097,-7.311],[245.097,7.046],[251.411,7.046],[251.411,-7.311],[273.877,-7.311],[273.877,-13.493],[251.411,-13.493],[251.411,-26.388],[269.491,-26.388],[269.491,-32.303],[251.411,-32.303],[251.411,-41.476],[271.817,-41.476],[271.817,-47.591],[231.405,-47.591],[233.532,-53.905],[227.018,-55.101],[213.658,-35.095],[217.912,-29.777]],"c":true},"ix":2},"nm":"年","mn":"ADBE Vector Shape - Group","hd":false},{"ind":1,"ty":"sh","ix":2,"ks":{"a":0,"k":{"i":[[0,0],[0,0],[0,0],[0,0]],"o":[[0,0],[0,0],[0,0],[0,0]],"v":[[231.737,-13.493],[231.737,-26.388],[245.097,-26.388],[245.097,-13.493]],"c":true},"ix":2},"nm":"年","mn":"ADBE Vector Shape - Group","hd":false},{"ty":"mm","mm":1,"nm":"合并路径 1","mn":"ADBE Vector Filter - Merge","hd":false},{"ty":"fl","c":{"a":0,"k":[0.596079987171,0.596079987171,0.596079987171,1],"ix":4},"o":{"a":0,"k":100,"ix":5},"r":1,"bm":0,"nm":"填充 1","mn":"ADBE Vector Graphic - Fill","hd":false},{"ty":"tr","p":{"a":0,"k":[0,0],"ix":2},"a":{"a":0,"k":[0,0],"ix":1},"s":{"a":0,"k":[100,100],"ix":3},"r":{"a":0,"k":0,"ix":6},"o":{"a":0,"k":100,"ix":7},"sk":{"a":0,"k":0,"ix":4},"sa":{"a":0,"k":0,"ix":5},"nm":"变换"}],"nm":"年","np":5,"cix":2,"bm":0,"ix":5,"mn":"ADBE Vector Group","hd":false}],"ip":0,"op":190,"st":0,"bm":0},{"ddd":0,"ind":27,"ty":4,"nm":"“でどのように”轮廓","sr":1,"ks":{"o":{"a":1,"k":[{"i":{"x":[0.833],"y":[0.833]},"o":{"x":[0.167],"y":[0.167]},"t":10,"s":[0]},{"i":{"x":[0.833],"y":[0.833]},"o":{"x":[0.167],"y":[0.167]},"t":30,"s":[100]},{"i":{"x":[0.833],"y":[0.833]},"o":{"x":[0.167],"y":[0.167]},"t":180,"s":[100]},{"t":189,"s":[0]}],"ix":11},"r":{"a":0,"k":0,"ix":10},"p":{"a":0,"k":[52.616,606,0],"ix":2},"a":{"a":0,"k":[0,0,0],"ix":1},"s":{"a":0,"k":[100,100,100],"ix":6}},"ao":0,"hasMask":true,"masksProperties":[{"inv":false,"mode":"a","pt":{"a":1,"k":[{"i":{"x":0.667,"y":1},"o":{"x":0.333,"y":0},"t":10,"s":[{"i":[[0,0],[0,0],[0,0],[0,0]],"o":[[0,0],[0,0],[0,0],[0,0]],"v":[[-48,-101],[-365.648,-101],[-365.648,48.859],[-48,48.859]],"c":true}]},{"i":{"x":0.667,"y":1},"o":{"x":0.333,"y":0},"t":30,"s":[{"i":[[0,0],[0,0],[0,0],[0,0]],"o":[[0,0],[0,0],[0,0],[0,0]],"v":[[520,-101],[-42.648,-101],[-42.648,48.859],[520,48.859]],"c":true}]},{"i":{"x":0.667,"y":1},"o":{"x":0.333,"y":0},"t":180,"s":[{"i":[[0,0],[0,0],[0,0],[0,0]],"o":[[0,0],[0,0],[0,0],[0,0]],"v":[[520,-101],[-42.648,-101],[-42.648,48.859],[520,48.859]],"c":true}]},{"t":189,"s":[{"i":[[0,0],[0,0],[0,0],[0,0]],"o":[[0,0],[0,0],[0,0],[0,0]],"v":[[587,-102],[269.352,-102],[269.352,47.859],[587,47.859]],"c":true}]}],"ix":1},"o":{"a":0,"k":100,"ix":3},"x":{"a":0,"k":0,"ix":4},"nm":"蒙版 1"}],"shapes":[{"ty":"gr","it":[{"ind":0,"ty":"sh","ix":1,"ks":{"a":0,"k":{"i":[[3.124,2.858],[0,0],[-1.928,-3.323],[0,0]],"o":[[0,0],[2.725,2.592],[0,0],[-1.728,-3.057]],"v":[[54.902,-37.753],[51.579,-35.095],[58.558,-26.188],[62.213,-28.847]],"c":true},"ix":2},"nm":"で","mn":"ADBE Vector Shape - Group","hd":false},{"ind":1,"ty":"sh","ix":2,"ks":{"a":0,"k":{"i":[[2.925,2.659],[0,0],[-1.928,-3.257],[0,0]],"o":[[0,0],[2.792,2.659],[0,0],[-1.861,-3.323]],"v":[[48.455,-33.234],[44.998,-30.575],[52.11,-21.668],[55.7,-24.194]],"c":true},"ix":2},"nm":"で","mn":"ADBE Vector Shape - Group","hd":false},{"ind":2,"ty":"sh","ix":3,"ks":{"a":0,"k":{"i":[[0,0],[20.339,-2.193],[0,0],[-10.502,0.798],[2.526,-3.456],[0,-5.052],[-4.852,-3.456],[-10.369,-0.133],[0,0],[4.254,2.725],[0,4.121],[-2.592,3.789],[-3.257,2.393],[-1.861,0],[0,0]],"o":[[-16.085,0.133],[0,0],[9.837,-1.196],[-4.254,2.659],[-3.257,4.254],[0,6.115],[5.184,3.722],[0,0],[-8.508,-0.266],[-3.922,-2.526],[0,-3.855],[2.127,-3.19],[2.991,-2.127],[0,0],[0,0]],"v":[[60.02,-47.325],[5.384,-43.868],[6.248,-37.62],[36.756,-40.612],[26.587,-31.439],[21.735,-17.414],[28.98,-3.057],[52.376,2.725],[53.573,-3.323],[34.364,-7.843],[28.514,-17.813],[32.37,-29.312],[40.479,-37.687],[47.724,-40.944],[60.153,-41.409]],"c":true},"ix":2},"nm":"で","mn":"ADBE Vector Shape - Group","hd":false},{"ty":"mm","mm":1,"nm":"合并路径 1","mn":"ADBE Vector Filter - Merge","hd":false},{"ty":"fl","c":{"a":0,"k":[0.596079987171,0.596079987171,0.596079987171,1],"ix":4},"o":{"a":0,"k":100,"ix":5},"r":1,"bm":0,"nm":"填充 1","mn":"ADBE Vector Graphic - Fill","hd":false},{"ty":"tr","p":{"a":0,"k":[0,0],"ix":2},"a":{"a":0,"k":[0,0],"ix":1},"s":{"a":0,"k":[100,100],"ix":3},"r":{"a":0,"k":0,"ix":6},"o":{"a":0,"k":100,"ix":7},"sk":{"a":0,"k":0,"ix":4},"sa":{"a":0,"k":0,"ix":5},"nm":"变换"}],"nm":"で","np":6,"cix":2,"bm":0,"ix":1,"mn":"ADBE Vector Group","hd":false},{"ty":"gr","it":[{"ind":0,"ty":"sh","ix":1,"ks":{"a":0,"k":{"i":[[3.124,2.858],[0,0],[-1.994,-3.39],[0,0]],"o":[[0,0],[2.725,2.592],[0,0],[-1.728,-3.057]],"v":[[122.962,-54.038],[119.573,-51.379],[126.618,-42.406],[130.274,-45.131]],"c":true},"ix":2},"nm":"ど","mn":"ADBE Vector Shape - Group","hd":false},{"ind":1,"ty":"sh","ix":2,"ks":{"a":0,"k":{"i":[[2.925,2.725],[0,0],[-1.928,-3.257],[0,0]],"o":[[0,0],[2.792,2.659],[0,0],[-1.861,-3.323]],"v":[[115.651,-51.246],[112.195,-48.588],[119.307,-39.681],[122.896,-42.207]],"c":true},"ix":2},"nm":"ど","mn":"ADBE Vector Shape - Group","hd":false},{"ind":2,"ty":"sh","ix":3,"ks":{"a":0,"k":{"i":[[0.133,6.248],[0,0],[-0.532,-3.323],[-1.329,-2.925],[1.13,-0.665],[0,-6.314],[-4.254,-2.26],[-8.907,0],[-5.916,0.731],[0,0],[7.976,0],[0,5.317],[-8.973,3.855],[-10.568,2.459],[0,0],[5.45,-1.994],[0.399,2.193]],"o":[[0,0],[0.133,5.783],[0.532,3.456],[-1.396,0.532],[-8.641,4.653],[0,4.919],[4.121,2.193],[8.043,0],[0,0],[-5.583,0.931],[-12.695,0],[0,-4.52],[6.115,-2.792],[0,0],[-7.777,1.928],[-0.931,-2.06],[-0.665,-3.39]],"v":[[95.711,-52.908],[88.865,-52.709],[89.862,-39.083],[92.653,-29.511],[88.865,-27.717],[75.904,-11.299],[82.284,-0.532],[101.826,2.792],[122.763,1.662],[122.165,-4.919],[101.826,-3.523],[82.816,-11.499],[96.243,-24.128],[121.301,-31.971],[118.841,-37.953],[99.034,-32.037],[96.974,-38.418]],"c":true},"ix":2},"nm":"ど","mn":"ADBE Vector Shape - Group","hd":false},{"ty":"mm","mm":1,"nm":"合并路径 1","mn":"ADBE Vector Filter - Merge","hd":false},{"ty":"fl","c":{"a":0,"k":[0.596079987171,0.596079987171,0.596079987171,1],"ix":4},"o":{"a":0,"k":100,"ix":5},"r":1,"bm":0,"nm":"填充 1","mn":"ADBE Vector Graphic - Fill","hd":false},{"ty":"tr","p":{"a":0,"k":[0,0],"ix":2},"a":{"a":0,"k":[0,0],"ix":1},"s":{"a":0,"k":[100,100],"ix":3},"r":{"a":0,"k":0,"ix":6},"o":{"a":0,"k":100,"ix":7},"sk":{"a":0,"k":0,"ix":4},"sa":{"a":0,"k":0,"ix":5},"nm":"变换"}],"nm":"ど","np":6,"cix":2,"bm":0,"ix":2,"mn":"ADBE Vector Group","hd":false},{"ty":"gr","it":[{"ind":0,"ty":"sh","ix":1,"ks":{"a":0,"k":{"i":[[7.577,0],[5.583,-5.849],[0,-7.311],[-2.393,-3.39],[-4.187,0],[-2.925,6.049],[-1.13,7.444],[0,0],[-3.323,-2.659],[0,-5.317],[3.323,-3.057],[7.843,-1.462],[0,0],[-4.121,3.589],[0,7.577],[5.052,4.52]],"o":[[-8.907,0],[-5.184,5.251],[0,4.786],[2.592,3.523],[4.786,0],[2.127,-4.254],[0,0],[4.387,0.399],[4.187,3.323],[0,5.65],[-3.456,3.057],[0,0],[8.774,-1.861],[4.653,-4.254],[0,-6.78],[-5.184,-4.52]],"v":[[166.629,-46.594],[144.895,-37.886],[137.184,-19.076],[140.774,-6.78],[150.943,-1.462],[162.508,-10.568],[167.361,-28.049],[168.823,-40.412],[180.388,-35.826],[186.703,-22.865],[181.651,-9.771],[164.702,-2.925],[166.829,3.124],[186.237,-5.052],[193.283,-22.865],[185.706,-39.814]],"c":true},"ix":2},"nm":"の","mn":"ADBE Vector Shape - Group","hd":false},{"ind":1,"ty":"sh","ix":2,"ks":{"a":0,"k":{"i":[[3.722,0],[1.329,1.994],[0,3.456],[-4.586,4.121],[-4.52,0.665],[1.063,-5.118]],"o":[[-1.994,0],[-1.462,-2.193],[0,-6.115],[3.39,-3.19],[-0.532,5.783],[-2.326,10.901]],"v":[[150.943,-7.511],[145.958,-10.568],[143.765,-19.076],[150.611,-34.497],[162.442,-40.279],[160.049,-23.928]],"c":true},"ix":2},"nm":"の","mn":"ADBE Vector Shape - Group","hd":false},{"ty":"mm","mm":1,"nm":"合并路径 1","mn":"ADBE Vector Filter - Merge","hd":false},{"ty":"fl","c":{"a":0,"k":[0.596079987171,0.596079987171,0.596079987171,1],"ix":4},"o":{"a":0,"k":100,"ix":5},"r":1,"bm":0,"nm":"填充 1","mn":"ADBE Vector Graphic - Fill","hd":false},{"ty":"tr","p":{"a":0,"k":[0,0],"ix":2},"a":{"a":0,"k":[0,0],"ix":1},"s":{"a":0,"k":[100,100],"ix":3},"r":{"a":0,"k":0,"ix":6},"o":{"a":0,"k":100,"ix":7},"sk":{"a":0,"k":0,"ix":4},"sa":{"a":0,"k":0,"ix":5},"nm":"变换"}],"nm":"の","np":5,"cix":2,"bm":0,"ix":3,"mn":"ADBE Vector Group","hd":false},{"ty":"gr","it":[{"ind":0,"ty":"sh","ix":1,"ks":{"a":0,"k":{"i":[[0,0],[0,0],[0.399,4.52],[0,0],[-0.266,-8.175],[2.127,0],[2.858,-2.393],[0,-3.323],[-2.526,-1.928],[-4.387,0],[-2.526,2.393],[-0.399,3.988],[-1.063,-0.532],[-3.922,-3.124],[0,0],[5.916,2.792],[1.529,0.598],[0.332,5.916],[0,0]],"o":[[0,0],[-0.332,-4.055],[0,0],[1.263,13.958],[-2.393,-0.532],[-5.45,0],[-2.526,2.06],[0,3.19],[2.592,1.861],[4.919,0],[2.193,-2.06],[0.931,0.399],[5.583,2.725],[0,0],[-4.719,-3.855],[-1.728,-0.798],[-0.133,-4.919],[0,0],[0,0]],"v":[[252.37,-39.814],[234.358,-38.75],[233.294,-51.579],[226.581,-51.579],[228.841,-18.411],[222.128,-19.209],[209.698,-15.686],[205.91,-7.577],[209.698,0.133],[220.2,2.925],[231.367,-0.731],[235.288,-9.771],[238.213,-8.441],[252.437,0.332],[256.225,-4.52],[240.273,-14.423],[235.421,-16.484],[234.756,-32.702],[252.37,-33.832]],"c":true},"ix":2},"nm":"よ","mn":"ADBE Vector Shape - Group","hd":false},{"ind":1,"ty":"sh","ix":2,"ks":{"a":0,"k":{"i":[[-2.526,-0.731],[0.931,-1.462],[3.19,0],[1.329,0.931],[0,1.263],[-1.595,0.931],[-3.323,0]],"o":[[-0.199,2.526],[-1.462,2.127],[-2.592,0],[-1.329,-0.864],[0,-1.861],[1.662,-0.997],[1.928,0]],"v":[[228.841,-12.164],[227.179,-6.248],[220.2,-2.991],[214.284,-4.387],[212.357,-7.577],[214.683,-11.765],[222.128,-13.227]],"c":true},"ix":2},"nm":"よ","mn":"ADBE Vector Shape - Group","hd":false},{"ty":"mm","mm":1,"nm":"合并路径 1","mn":"ADBE Vector Filter - Merge","hd":false},{"ty":"fl","c":{"a":0,"k":[0.596079987171,0.596079987171,0.596079987171,1],"ix":4},"o":{"a":0,"k":100,"ix":5},"r":1,"bm":0,"nm":"填充 1","mn":"ADBE Vector Graphic - Fill","hd":false},{"ty":"tr","p":{"a":0,"k":[0,0],"ix":2},"a":{"a":0,"k":[0,0],"ix":1},"s":{"a":0,"k":[100,100],"ix":3},"r":{"a":0,"k":0,"ix":6},"o":{"a":0,"k":100,"ix":7},"sk":{"a":0,"k":0,"ix":4},"sa":{"a":0,"k":0,"ix":5},"nm":"变换"}],"nm":"よ","np":5,"cix":2,"bm":0,"ix":4,"mn":"ADBE Vector Group","hd":false},{"ty":"gr","it":[{"ind":0,"ty":"sh","ix":1,"ks":{"a":0,"k":{"i":[[11.034,0.931],[0,0],[-8.84,-2.26],[0,0]],"o":[[0,0],[10.169,0.798],[0,0],[-8.508,-2.26]],"v":[[283.408,-52.243],[282.411,-45.995],[310.926,-41.409],[312.721,-47.458]],"c":true},"ix":2},"nm":"う","mn":"ADBE Vector Shape - Group","hd":false},{"ind":1,"ty":"sh","ix":2,"ks":{"a":0,"k":{"i":[[5.982,0],[5.982,-1.263],[5.052,-1.462],[0,0],[-5.517,0],[-1.994,-1.861],[0,-3.057],[5.317,-3.323],[8.774,-1.263],[0,0],[-5.384,4.121],[0,7.046],[3.124,2.725]],"o":[[-3.456,0],[-4.121,0.798],[0,0],[11.964,-3.456],[3.722,0],[1.795,1.728],[0,5.384],[-4.653,2.991],[0,0],[10.435,-1.728],[5.716,-4.453],[0,-5.052],[-3.19,-2.792]],"v":[[301.886,-37.488],[287.729,-35.626],[273.904,-32.237],[275.765,-26.122],[302.019,-31.306],[310.594,-28.514],[313.319,-21.402],[305.343,-8.308],[285.203,-1.928],[287.995,4.387],[311.724,-4.387],[320.364,-21.668],[315.645,-33.3]],"c":true},"ix":2},"nm":"う","mn":"ADBE Vector Shape - Group","hd":false},{"ty":"mm","mm":1,"nm":"合并路径 1","mn":"ADBE Vector Filter - Merge","hd":false},{"ty":"fl","c":{"a":0,"k":[0.596079987171,0.596079987171,0.596079987171,1],"ix":4},"o":{"a":0,"k":100,"ix":5},"r":1,"bm":0,"nm":"填充 1","mn":"ADBE Vector Graphic - Fill","hd":false},{"ty":"tr","p":{"a":0,"k":[0,0],"ix":2},"a":{"a":0,"k":[0,0],"ix":1},"s":{"a":0,"k":[100,100],"ix":3},"r":{"a":0,"k":0,"ix":6},"o":{"a":0,"k":100,"ix":7},"sk":{"a":0,"k":0,"ix":4},"sa":{"a":0,"k":0,"ix":5},"nm":"变换"}],"nm":"う","np":5,"cix":2,"bm":0,"ix":5,"mn":"ADBE Vector Group","hd":false},{"ty":"gr","it":[{"ind":0,"ty":"sh","ix":1,"ks":{"a":0,"k":{"i":[[0,0],[11.499,-0.798],[0,0],[-12.097,0]],"o":[[-11.632,0],[0,0],[10.103,-0.731],[0,0]],"v":[[389.023,-44.201],[354.327,-43.004],[355.324,-36.623],[388.624,-37.687]],"c":true},"ix":2},"nm":"に","mn":"ADBE Vector Shape - Group","hd":false},{"ind":1,"ty":"sh","ix":2,"ks":{"a":0,"k":{"i":[[0,0],[0,-3.323],[-3.922,-1.928],[-7.71,0],[-6.647,0.532],[0,0],[4.453,0],[2.526,0.798],[0,1.994],[-2.526,3.855]],"o":[[-2.991,5.118],[0,4.187],[3.656,1.728],[3.39,0],[0,0],[-5.317,0.598],[-5.118,0],[-2.991,-0.931],[0,-2.326],[0,0]],"v":[[358.049,-23.795],[353.596,-11.167],[359.445,-1.994],[376.461,0.665],[391.482,-0.133],[391.15,-6.713],[376.461,-5.783],[364.962,-7.046],[360.508,-11.499],[364.297,-20.738]],"c":true},"ix":2},"nm":"に","mn":"ADBE Vector Shape - Group","hd":false},{"ind":2,"ty":"sh","ix":3,"ks":{"a":0,"k":{"i":[[0,0],[0,-9.771],[-2.991,-7.444],[0,0],[0,8.508],[-2.526,9.438]],"o":[[-2.659,10.103],[0,9.172],[0,0],[-2.659,-6.514],[0,-9.438],[0,0]],"v":[[342.895,-51.313],[338.907,-21.469],[343.36,3.456],[349.674,1.13],[345.686,-21.469],[349.408,-49.784]],"c":true},"ix":2},"nm":"に","mn":"ADBE Vector Shape - Group","hd":false},{"ty":"mm","mm":1,"nm":"合并路径 1","mn":"ADBE Vector Filter - Merge","hd":false},{"ty":"fl","c":{"a":0,"k":[0.596079987171,0.596079987171,0.596079987171,1],"ix":4},"o":{"a":0,"k":100,"ix":5},"r":1,"bm":0,"nm":"填充 1","mn":"ADBE Vector Graphic - Fill","hd":false},{"ty":"tr","p":{"a":0,"k":[0,0],"ix":2},"a":{"a":0,"k":[0,0],"ix":1},"s":{"a":0,"k":[100,100],"ix":3},"r":{"a":0,"k":0,"ix":6},"o":{"a":0,"k":100,"ix":7},"sk":{"a":0,"k":0,"ix":4},"sa":{"a":0,"k":0,"ix":5},"nm":"变换"}],"nm":"に","np":6,"cix":2,"bm":0,"ix":6,"mn":"ADBE Vector Group","hd":false}],"ip":10,"op":190,"st":10,"bm":0},{"ddd":0,"ind":29,"ty":4,"nm":"“見えるでしょう”轮廓","sr":1,"ks":{"o":{"a":1,"k":[{"i":{"x":[0.833],"y":[0.833]},"o":{"x":[0.167],"y":[0.167]},"t":20,"s":[0]},{"i":{"x":[0.833],"y":[0.833]},"o":{"x":[0.167],"y":[0.167]},"t":40,"s":[100]},{"i":{"x":[0.833],"y":[0.833]},"o":{"x":[0.167],"y":[0.167]},"t":180,"s":[100]},{"t":189,"s":[0]}],"ix":11},"r":{"a":0,"k":0,"ix":10},"p":{"a":0,"k":[58,704,0],"ix":2},"a":{"a":0,"k":[0,0,0],"ix":1},"s":{"a":0,"k":[100,100,100],"ix":6}},"ao":0,"hasMask":true,"masksProperties":[{"inv":false,"mode":"a","pt":{"a":1,"k":[{"i":{"x":0.667,"y":1},"o":{"x":0.333,"y":0},"t":20,"s":[{"i":[[0,0],[0,0],[0,0],[0,0]],"o":[[0,0],[0,0],[0,0],[0,0]],"v":[[-39,-98],[-444.633,-98],[-444.633,47.395],[-39,47.395]],"c":true}]},{"i":{"x":0.667,"y":1},"o":{"x":0.333,"y":0},"t":40,"s":[{"i":[[0,0],[0,0],[0,0],[0,0]],"o":[[0,0],[0,0],[0,0],[0,0]],"v":[[550,-98],[-52.633,-98],[-52.633,47.395],[550,47.395]],"c":true}]},{"i":{"x":0.667,"y":1},"o":{"x":0.333,"y":0},"t":180,"s":[{"i":[[0,0],[0,0],[0,0],[0,0]],"o":[[0,0],[0,0],[0,0],[0,0]],"v":[[550,-98],[-52.633,-98],[-52.633,47.395],[550,47.395]],"c":true}]},{"t":189,"s":[{"i":[[0,0],[0,0],[0,0],[0,0]],"o":[[0,0],[0,0],[0,0],[0,0]],"v":[[743,-98],[337.367,-98],[337.367,47.395],[743,47.395]],"c":true}]}],"ix":1},"o":{"a":0,"k":100,"ix":3},"x":{"a":0,"k":0,"ix":4},"nm":"蒙版 1"}],"shapes":[{"ty":"gr","it":[{"ind":0,"ty":"sh","ix":1,"ks":{"a":0,"k":{"i":[[0,0],[0,0],[0,0],[2.526,-2.659],[7.577,-1.728],[0,0],[-3.456,3.39],[-0.399,5.849],[0,0],[0,0],[-4.653,0],[0,0],[-1.329,1.063],[-0.532,6.115],[0,0],[0.665,-0.798],[1.329,0],[0,0],[0,1.728],[0,0],[0,0],[0,0]],"o":[[0,0],[0,0],[-0.399,4.055],[-2.792,2.659],[0,0],[7.777,-1.861],[3.39,-3.523],[0,0],[0,0],[0,4.852],[0,0],[2.659,0],[1.396,-1.196],[0,0],[-0.266,4.187],[-0.598,0.731],[0,0],[-1.861,0],[0,0],[0,0],[0,0],[0,0]],"v":[[10.967,-52.31],[10.967,-14.955],[22.599,-14.955],[18.279,-4.919],[2.725,1.662],[6.181,6.979],[23.064,-0.931],[28.714,-14.955],[37.022,-14.955],[37.022,-1.994],[44.001,5.317],[55.234,5.317],[61.283,3.656],[64.207,-7.378],[58.358,-9.239],[56.896,-1.728],[54.038,-0.598],[45.929,-0.598],[43.204,-3.257],[43.204,-14.955],[55.5,-14.955],[55.5,-52.31]],"c":true},"ix":2},"nm":"見","mn":"ADBE Vector Shape - Group","hd":false},{"ind":1,"ty":"sh","ix":2,"ks":{"a":0,"k":{"i":[[0,0],[0,0],[0,0],[0,0]],"o":[[0,0],[0,0],[0,0],[0,0]],"v":[[49.186,-20.538],[17.281,-20.538],[17.281,-26.122],[49.186,-26.122]],"c":true},"ix":2},"nm":"見","mn":"ADBE Vector Shape - Group","hd":false},{"ind":2,"ty":"sh","ix":3,"ks":{"a":0,"k":{"i":[[0,0],[0,0],[0,0],[0,0]],"o":[[0,0],[0,0],[0,0],[0,0]],"v":[[17.281,-31.439],[17.281,-36.623],[49.186,-36.623],[49.186,-31.439]],"c":true},"ix":2},"nm":"見","mn":"ADBE Vector Shape - Group","hd":false},{"ind":3,"ty":"sh","ix":4,"ks":{"a":0,"k":{"i":[[0,0],[0,0],[0,0],[0,0]],"o":[[0,0],[0,0],[0,0],[0,0]],"v":[[17.281,-41.874],[17.281,-46.859],[49.186,-46.859],[49.186,-41.874]],"c":true},"ix":2},"nm":"見","mn":"ADBE Vector Shape - Group","hd":false},{"ty":"mm","mm":1,"nm":"合并路径 1","mn":"ADBE Vector Filter - Merge","hd":false},{"ty":"fl","c":{"a":0,"k":[0.596079987171,0.596079987171,0.596079987171,1],"ix":4},"o":{"a":0,"k":100,"ix":5},"r":1,"bm":0,"nm":"填充 1","mn":"ADBE Vector Graphic - Fill","hd":false},{"ty":"tr","p":{"a":0,"k":[0,0],"ix":2},"a":{"a":0,"k":[0,0],"ix":1},"s":{"a":0,"k":[100,100],"ix":3},"r":{"a":0,"k":0,"ix":6},"o":{"a":0,"k":100,"ix":7},"sk":{"a":0,"k":0,"ix":4},"sa":{"a":0,"k":0,"ix":5},"nm":"变换"}],"nm":"見","np":7,"cix":2,"bm":0,"ix":1,"mn":"ADBE Vector Group","hd":false},{"ty":"gr","it":[{"ind":0,"ty":"sh","ix":1,"ks":{"a":0,"k":{"i":[[5.317,0.266],[0,0],[-5.052,-0.665],[-4.586,-1.063],[0,0],[5.317,0.731]],"o":[[0,0],[5.45,0.266],[5.65,0.665],[0,0],[-5.184,-1.063],[-5.65,-0.731]],"v":[[81.886,-52.044],[81.42,-45.597],[97.24,-44.134],[112.594,-41.609],[114.122,-47.856],[98.303,-50.582]],"c":true},"ix":2},"nm":"え","mn":"ADBE Vector Shape - Group","hd":false},{"ind":1,"ty":"sh","ix":2,"ks":{"a":0,"k":{"i":[[0,0],[13.892,-0.266],[0,0],[-7.311,1.063],[7.577,-7.378],[0,0],[0,0],[-2.193,1.063],[-1.662,0],[-0.532,-1.263],[0,-2.26],[-1.994,-1.928],[-4.387,0],[-4.387,0.598],[0,0],[3.257,0],[0.798,1.063],[0.066,2.659],[0.798,1.662],[2.659,0],[1.462,-0.665],[-5.052,4.52]],"o":[[-10.635,1.329],[0,0],[11.898,-0.266],[-14.49,13.759],[0,0],[0,0],[1.462,-1.462],[2.127,-1.13],[1.196,0],[0.332,0.931],[0,4.254],[1.861,1.861],[4.187,0],[0,0],[-4.52,0.598],[-2.592,0],[-0.598,-0.931],[-0.133,-3.523],[-1.063,-2.26],[-1.329,0],[5.317,-4.985],[0,0]],"v":[[111.796,-39.083],[75.04,-36.69],[75.04,-30.243],[103.82,-32.303],[70.719,-0.598],[75.638,3.855],[90.261,-10.369],[95.711,-14.091],[101.427,-15.753],[103.953,-13.892],[104.485,-9.04],[107.409,0.266],[116.781,3.057],[129.609,2.127],[128.679,-4.121],[117.047,-3.19],[111.995,-4.786],[110.998,-10.169],[109.669,-17.946],[104.019,-21.336],[99.832,-20.339],[115.385,-34.629]],"c":true},"ix":2},"nm":"え","mn":"ADBE Vector Shape - Group","hd":false},{"ty":"mm","mm":1,"nm":"合并路径 1","mn":"ADBE Vector Filter - Merge","hd":false},{"ty":"fl","c":{"a":0,"k":[0.596079987171,0.596079987171,0.596079987171,1],"ix":4},"o":{"a":0,"k":100,"ix":5},"r":1,"bm":0,"nm":"填充 1","mn":"ADBE Vector Graphic - Fill","hd":false},{"ty":"tr","p":{"a":0,"k":[0,0],"ix":2},"a":{"a":0,"k":[0,0],"ix":1},"s":{"a":0,"k":[100,100],"ix":3},"r":{"a":0,"k":0,"ix":6},"o":{"a":0,"k":100,"ix":7},"sk":{"a":0,"k":0,"ix":4},"sa":{"a":0,"k":0,"ix":5},"nm":"变换"}],"nm":"え","np":5,"cix":2,"bm":0,"ix":2,"mn":"ADBE Vector Group","hd":false},{"ty":"gr","it":[{"ind":0,"ty":"sh","ix":1,"ks":{"a":0,"k":{"i":[[0,0],[0,0],[0,0],[0,0],[0,0],[0,0],[-4.254,1.994],[-4.919,0],[-2.06,-1.396],[0,-3.257],[4.387,-2.326],[0,0],[1.861,1.861],[4.653,0],[2.127,-2.127],[0,-2.725],[-2.792,-1.795],[-4.786,0],[-4.719,3.19],[0,5.317],[3.124,2.792],[5.716,0],[3.855,-1.861],[-7.046,5.517]],"o":[[0,0],[0,0],[0,0],[0,0],[0,0],[3.988,-3.523],[4.985,-2.26],[3.855,0],[2.26,1.595],[0,3.922],[0,0],[-0.931,-3.257],[-2.659,-2.858],[-3.589,0],[-1.994,1.861],[0,3.057],[2.725,1.795],[7.311,0],[4.653,-3.257],[0,-4.653],[-3.19,-2.792],[-3.722,0],[7.577,-6.115],[0,0]],"v":[[179.391,-49.518],[145.227,-48.455],[145.559,-42.34],[171.814,-43.735],[140.109,-17.215],[144.164,-12.895],[156.526,-21.137],[171.415,-24.526],[180.255,-22.466],[183.712,-15.155],[177.065,-5.783],[176.666,-5.583],[172.479,-13.293],[161.445,-17.547],[152.804,-14.423],[149.813,-7.511],[154.001,-0.199],[165.3,2.526],[183.313,-2.26],[190.292,-15.155],[185.573,-26.255],[172.146,-30.376],[160.847,-27.65],[182.847,-45.131]],"c":true},"ix":2},"nm":"る","mn":"ADBE Vector Shape - Group","hd":false},{"ind":1,"ty":"sh","ix":2,"ks":{"a":0,"k":{"i":[[0,-0.133],[1.861,0],[1.595,1.063],[0,1.063],[-0.931,0.798],[-1.595,0],[-1.462,-5.317]],"o":[[-1.728,0.266],[-3.323,0],[-1.196,-0.798],[0,-1.196],[0.931,-0.864],[4.719,0],[0,0.066]],"v":[[170.75,-3.589],[165.3,-3.124],[157.922,-4.786],[156.194,-7.577],[157.59,-10.568],[161.445,-11.831],[170.684,-3.922]],"c":true},"ix":2},"nm":"る","mn":"ADBE Vector Shape - Group","hd":false},{"ty":"mm","mm":1,"nm":"合并路径 1","mn":"ADBE Vector Filter - Merge","hd":false},{"ty":"fl","c":{"a":0,"k":[0.596079987171,0.596079987171,0.596079987171,1],"ix":4},"o":{"a":0,"k":100,"ix":5},"r":1,"bm":0,"nm":"填充 1","mn":"ADBE Vector Graphic - Fill","hd":false},{"ty":"tr","p":{"a":0,"k":[0,0],"ix":2},"a":{"a":0,"k":[0,0],"ix":1},"s":{"a":0,"k":[100,100],"ix":3},"r":{"a":0,"k":0,"ix":6},"o":{"a":0,"k":100,"ix":7},"sk":{"a":0,"k":0,"ix":4},"sa":{"a":0,"k":0,"ix":5},"nm":"变换"}],"nm":"る","np":5,"cix":2,"bm":0,"ix":3,"mn":"ADBE Vector Group","hd":false},{"ty":"gr","it":[{"ind":0,"ty":"sh","ix":1,"ks":{"a":0,"k":{"i":[[3.124,2.858],[0,0],[-1.928,-3.323],[0,0]],"o":[[0,0],[2.725,2.592],[0,0],[-1.728,-3.057]],"v":[[252.902,-37.753],[249.579,-35.095],[256.558,-26.188],[260.213,-28.847]],"c":true},"ix":2},"nm":"で","mn":"ADBE Vector Shape - Group","hd":false},{"ind":1,"ty":"sh","ix":2,"ks":{"a":0,"k":{"i":[[2.925,2.659],[0,0],[-1.928,-3.257],[0,0]],"o":[[0,0],[2.792,2.659],[0,0],[-1.861,-3.323]],"v":[[246.455,-33.234],[242.998,-30.575],[250.11,-21.668],[253.7,-24.194]],"c":true},"ix":2},"nm":"で","mn":"ADBE Vector Shape - Group","hd":false},{"ind":2,"ty":"sh","ix":3,"ks":{"a":0,"k":{"i":[[0,0],[20.339,-2.193],[0,0],[-10.502,0.798],[2.526,-3.456],[0,-5.052],[-4.852,-3.456],[-10.369,-0.133],[0,0],[4.254,2.725],[0,4.121],[-2.592,3.789],[-3.257,2.393],[-1.861,0],[0,0]],"o":[[-16.085,0.133],[0,0],[9.837,-1.196],[-4.254,2.659],[-3.257,4.254],[0,6.115],[5.184,3.722],[0,0],[-8.508,-0.266],[-3.922,-2.526],[0,-3.855],[2.127,-3.19],[2.991,-2.127],[0,0],[0,0]],"v":[[258.02,-47.325],[203.384,-43.868],[204.248,-37.62],[234.756,-40.612],[224.587,-31.439],[219.735,-17.414],[226.98,-3.057],[250.376,2.725],[251.573,-3.323],[232.364,-7.843],[226.514,-17.813],[230.37,-29.312],[238.479,-37.687],[245.724,-40.944],[258.153,-41.409]],"c":true},"ix":2},"nm":"で","mn":"ADBE Vector Shape - Group","hd":false},{"ty":"mm","mm":1,"nm":"合并路径 1","mn":"ADBE Vector Filter - Merge","hd":false},{"ty":"fl","c":{"a":0,"k":[0.596079987171,0.596079987171,0.596079987171,1],"ix":4},"o":{"a":0,"k":100,"ix":5},"r":1,"bm":0,"nm":"填充 1","mn":"ADBE Vector Graphic - Fill","hd":false},{"ty":"tr","p":{"a":0,"k":[0,0],"ix":2},"a":{"a":0,"k":[0,0],"ix":1},"s":{"a":0,"k":[100,100],"ix":3},"r":{"a":0,"k":0,"ix":6},"o":{"a":0,"k":100,"ix":7},"sk":{"a":0,"k":0,"ix":4},"sa":{"a":0,"k":0,"ix":5},"nm":"变换"}],"nm":"で","np":6,"cix":2,"bm":0,"ix":4,"mn":"ADBE Vector Group","hd":false},{"ty":"gr","it":[{"ind":0,"ty":"sh","ix":1,"ks":{"a":0,"k":{"i":[[0,0],[0,0],[-12.762,0],[-5.052,5.384],[-2.725,7.311],[0,0],[9.305,0],[0,7.511],[0,0]],"o":[[0,0],[0,11.299],[7.378,0],[3.722,-3.988],[0,0],[-5.251,13.825],[-8.109,0],[0,0],[0,0]],"v":[[278.689,-51.047],[278.689,-13.692],[297.765,3.257],[316.443,-4.852],[326.08,-21.735],[319.633,-24.128],[297.765,-3.323],[285.602,-14.623],[285.602,-51.047]],"c":true},"ix":2},"nm":"し","mn":"ADBE Vector Shape - Group","hd":false},{"ty":"fl","c":{"a":0,"k":[0.596079987171,0.596079987171,0.596079987171,1],"ix":4},"o":{"a":0,"k":100,"ix":5},"r":1,"bm":0,"nm":"填充 1","mn":"ADBE Vector Graphic - Fill","hd":false},{"ty":"tr","p":{"a":0,"k":[0,0],"ix":2},"a":{"a":0,"k":[0,0],"ix":1},"s":{"a":0,"k":[100,100],"ix":3},"r":{"a":0,"k":0,"ix":6},"o":{"a":0,"k":100,"ix":7},"sk":{"a":0,"k":0,"ix":4},"sa":{"a":0,"k":0,"ix":5},"nm":"变换"}],"nm":"し","np":3,"cix":2,"bm":0,"ix":5,"mn":"ADBE Vector Group","hd":false},{"ty":"gr","it":[{"ind":0,"ty":"sh","ix":1,"ks":{"a":0,"k":{"i":[[0,0],[4.121,-0.399],[0,0],[0,0],[-0.266,-5.052],[1.462,0],[2.127,-1.994],[0,-2.526],[-2.127,-1.662],[-3.456,0],[-2.127,2.393],[-0.399,2.26],[0,0],[-2.792,-2.526],[0,0],[4.919,2.193],[0.931,0.332],[0.266,4.121],[0,0]],"o":[[-4.32,0.266],[0,0],[0,0],[0.798,10.635],[-1.728,-0.399],[-4.121,0],[-1.861,1.662],[0,2.592],[1.994,1.595],[4.121,0],[1.329,-1.595],[0,0],[4.52,2.06],[0,0],[-3.39,-2.858],[-0.997,-0.465],[-0.066,-2.925],[0,0],[0,0]],"v":[[378.92,-29.578],[366.225,-28.581],[365.494,-37.687],[359.113,-37.687],[360.708,-14.158],[355.856,-14.689],[346.484,-11.765],[343.692,-5.517],[346.816,0.864],[354.992,3.323],[364.43,-0.266],[366.956,-6.049],[367.022,-6.049],[377.989,0.798],[382.443,-3.456],[370.013,-11.034],[367.089,-12.23],[366.623,-22.798],[378.92,-23.596]],"c":true},"ix":2},"nm":"ょ","mn":"ADBE Vector Shape - Group","hd":false},{"ind":1,"ty":"sh","ix":2,"ks":{"a":0,"k":{"i":[[-1.861,-0.532],[3.589,0],[0.931,0.731],[0,0.665],[-0.798,0.665],[-1.994,0]],"o":[[-0.266,3.922],[-1.595,0],[-0.731,-0.598],[0,-0.931],[0.997,-0.864],[1.396,0]],"v":[[360.774,-8.375],[354.992,-2.459],[351.203,-3.589],[350.14,-5.517],[351.336,-7.91],[355.856,-9.172]],"c":true},"ix":2},"nm":"ょ","mn":"ADBE Vector Shape - Group","hd":false},{"ty":"mm","mm":1,"nm":"合并路径 1","mn":"ADBE Vector Filter - Merge","hd":false},{"ty":"fl","c":{"a":0,"k":[0.596079987171,0.596079987171,0.596079987171,1],"ix":4},"o":{"a":0,"k":100,"ix":5},"r":1,"bm":0,"nm":"填充 1","mn":"ADBE Vector Graphic - Fill","hd":false},{"ty":"tr","p":{"a":0,"k":[0,0],"ix":2},"a":{"a":0,"k":[0,0],"ix":1},"s":{"a":0,"k":[100,100],"ix":3},"r":{"a":0,"k":0,"ix":6},"o":{"a":0,"k":100,"ix":7},"sk":{"a":0,"k":0,"ix":4},"sa":{"a":0,"k":0,"ix":5},"nm":"变换"}],"nm":"ょ","np":5,"cix":2,"bm":0,"ix":6,"mn":"ADBE Vector Group","hd":false},{"ty":"gr","it":[{"ind":0,"ty":"sh","ix":1,"ks":{"a":0,"k":{"i":[[11.034,0.931],[0,0],[-8.84,-2.26],[0,0]],"o":[[0,0],[10.169,0.798],[0,0],[-8.508,-2.26]],"v":[[415.408,-52.243],[414.411,-45.995],[442.926,-41.409],[444.721,-47.458]],"c":true},"ix":2},"nm":"う","mn":"ADBE Vector Shape - Group","hd":false},{"ind":1,"ty":"sh","ix":2,"ks":{"a":0,"k":{"i":[[5.982,0],[5.982,-1.263],[5.052,-1.462],[0,0],[-5.517,0],[-1.994,-1.861],[0,-3.057],[5.317,-3.323],[8.774,-1.263],[0,0],[-5.384,4.121],[0,7.046],[3.124,2.725]],"o":[[-3.456,0],[-4.121,0.798],[0,0],[11.964,-3.456],[3.722,0],[1.795,1.728],[0,5.384],[-4.653,2.991],[0,0],[10.435,-1.728],[5.716,-4.453],[0,-5.052],[-3.19,-2.792]],"v":[[433.886,-37.488],[419.729,-35.626],[405.904,-32.237],[407.765,-26.122],[434.019,-31.306],[442.594,-28.514],[445.319,-21.402],[437.343,-8.308],[417.203,-1.928],[419.995,4.387],[443.724,-4.387],[452.364,-21.668],[447.645,-33.3]],"c":true},"ix":2},"nm":"う","mn":"ADBE Vector Shape - Group","hd":false},{"ty":"mm","mm":1,"nm":"合并路径 1","mn":"ADBE Vector Filter - Merge","hd":false},{"ty":"fl","c":{"a":0,"k":[0.596079987171,0.596079987171,0.596079987171,1],"ix":4},"o":{"a":0,"k":100,"ix":5},"r":1,"bm":0,"nm":"填充 1","mn":"ADBE Vector Graphic - Fill","hd":false},{"ty":"tr","p":{"a":0,"k":[0,0],"ix":2},"a":{"a":0,"k":[0,0],"ix":1},"s":{"a":0,"k":[100,100],"ix":3},"r":{"a":0,"k":0,"ix":6},"o":{"a":0,"k":100,"ix":7},"sk":{"a":0,"k":0,"ix":4},"sa":{"a":0,"k":0,"ix":5},"nm":"变换"}],"nm":"う","np":5,"cix":2,"bm":0,"ix":7,"mn":"ADBE Vector Group","hd":false}],"ip":20,"op":190,"st":20,"bm":0}],"markers":[]}