{"v":"5.6.8","fr":30,"ip":0,"op":330,"w":1125,"h":1050,"nm":"订阅视频-手相","ddd":0,"assets":[],"layers":[{"ddd":0,"ind":52,"ty":4,"nm":"“Vida :”轮廓","parent":84,"sr":1,"ks":{"o":{"a":1,"k":[{"i":{"x":[0.833],"y":[0.833]},"o":{"x":[0.167],"y":[0.167]},"t":230,"s":[0]},{"t":240,"s":[100]}],"ix":11},"r":{"a":0,"k":0,"ix":10},"p":{"a":0,"k":[265.755,-192.692,0],"ix":2},"a":{"a":0,"k":[-0.81,-13.716,0],"ix":1},"s":{"a":0,"k":[100,100,100],"ix":6}},"ao":0,"shapes":[{"ty":"gr","it":[{"ind":0,"ty":"sh","ix":1,"ks":{"a":0,"k":{"i":[[0,0],[0,0],[0,0],[0,0],[0,0],[0,0],[0,0]],"o":[[0,0],[0,0],[0,0],[0,0],[0,0],[0,0],[0,0]],"v":[[0.923,-25.822],[10.327,0],[14.036,0],[23.458,-25.822],[19.538,-25.822],[12.208,-3.832],[4.79,-25.822]],"c":true},"ix":2},"nm":"V","mn":"ADBE Vector Shape - Group","hd":false},{"ty":"fl","c":{"a":0,"k":[1,1,1,1],"ix":4},"o":{"a":0,"k":100,"ix":5},"r":1,"bm":0,"nm":"填充 1","mn":"ADBE Vector Graphic - Fill","hd":false},{"ty":"st","c":{"a":0,"k":[0.098040008545,0.098040008545,0.098040008545,1],"ix":3},"o":{"a":0,"k":100,"ix":4},"w":{"a":0,"k":0.01,"ix":5},"lc":1,"lj":1,"ml":4,"bm":0,"nm":"描边 1","mn":"ADBE Vector Graphic - Stroke","hd":false},{"ty":"tr","p":{"a":0,"k":[0,0],"ix":2},"a":{"a":0,"k":[0,0],"ix":1},"s":{"a":0,"k":[100,100],"ix":3},"r":{"a":0,"k":0,"ix":6},"o":{"a":0,"k":100,"ix":7},"sk":{"a":0,"k":0,"ix":4},"sa":{"a":0,"k":0,"ix":5},"nm":"变换"}],"nm":"V","np":3,"cix":2,"bm":0,"ix":1,"mn":"ADBE Vector Group","hd":false},{"ty":"gr","it":[{"ind":0,"ty":"sh","ix":1,"ks":{"a":0,"k":{"i":[[0,0],[0,0],[0,0],[0,0]],"o":[[0,0],[0,0],[0,0],[0,0]],"v":[[25.699,0],[28.916,0],[28.916,-18.738],[25.699,-18.738]],"c":true},"ix":2},"nm":"i","mn":"ADBE Vector Shape - Group","hd":false},{"ind":1,"ty":"sh","ix":2,"ks":{"a":0,"k":{"i":[[0,0],[0,0],[0,0],[0,0]],"o":[[0,0],[0,0],[0,0],[0,0]],"v":[[25.699,-22.236],[28.916,-22.236],[28.916,-25.822],[25.699,-25.822]],"c":true},"ix":2},"nm":"i","mn":"ADBE Vector Shape - Group","hd":false},{"ty":"mm","mm":1,"nm":"合并路径 1","mn":"ADBE Vector Filter - Merge","hd":false},{"ty":"fl","c":{"a":0,"k":[1,1,1,1],"ix":4},"o":{"a":0,"k":100,"ix":5},"r":1,"bm":0,"nm":"填充 1","mn":"ADBE Vector Graphic - Fill","hd":false},{"ty":"st","c":{"a":0,"k":[0.098040008545,0.098040008545,0.098040008545,1],"ix":3},"o":{"a":0,"k":100,"ix":4},"w":{"a":0,"k":0.01,"ix":5},"lc":1,"lj":1,"ml":4,"bm":0,"nm":"描边 1","mn":"ADBE Vector Graphic - Stroke","hd":false},{"ty":"tr","p":{"a":0,"k":[0,0],"ix":2},"a":{"a":0,"k":[0,0],"ix":1},"s":{"a":0,"k":[100,100],"ix":3},"r":{"a":0,"k":0,"ix":6},"o":{"a":0,"k":100,"ix":7},"sk":{"a":0,"k":0,"ix":4},"sa":{"a":0,"k":0,"ix":5},"nm":"变换"}],"nm":"i","np":5,"cix":2,"bm":0,"ix":2,"mn":"ADBE Vector Group","hd":false},{"ty":"gr","it":[{"ind":0,"ty":"sh","ix":1,"ks":{"a":0,"k":{"i":[[0,2.016],[-0.985,1.219],[-1.586,0],[-0.968,-1.143],[0,-2.379],[0.939,-1.26],[1.457,0],[0.851,1.36]],"o":[[0,-2.367],[0.985,-1.219],[1.422,0],[0.968,1.143],[0,2.355],[-0.939,1.26],[-1.877,0],[-0.851,-1.359]],"v":[[35.701,-9.193],[37.179,-14.572],[41.035,-16.4],[44.621,-14.687],[46.072,-9.404],[44.664,-3.981],[41.07,-2.092],[36.978,-4.131]],"c":true},"ix":2},"nm":"d","mn":"ADBE Vector Shape - Group","hd":false},{"ind":1,"ty":"sh","ix":2,"ks":{"a":0,"k":{"i":[[1.436,0],[1.395,-2.01],[0,-2.742],[-1.529,-1.764],[-2.09,0],[-1.004,0.516],[-0.736,1.16],[0,0],[0,0],[0,0],[0,0],[0,0],[0.56,0.352]],"o":[[-2.592,0],[-1.395,2.01],[0,2.93],[1.529,1.764],[1.296,0],[1.004,-0.516],[0,0],[0,0],[0,0],[0,0],[0,0],[-0.712,-0.879],[-0.969,-0.609]],"v":[[40.434,-19.16],[34.454,-16.146],[32.361,-9.018],[34.655,-1.978],[40.084,0.668],[43.533,-0.105],[46.143,-2.619],[46.143,0],[48.99,0],[48.99,-25.91],[45.949,-25.91],[45.949,-16.4],[44.041,-18.246]],"c":true},"ix":2},"nm":"d","mn":"ADBE Vector Shape - Group","hd":false},{"ty":"mm","mm":1,"nm":"合并路径 1","mn":"ADBE Vector Filter - Merge","hd":false},{"ty":"fl","c":{"a":0,"k":[1,1,1,1],"ix":4},"o":{"a":0,"k":100,"ix":5},"r":1,"bm":0,"nm":"填充 1","mn":"ADBE Vector Graphic - Fill","hd":false},{"ty":"st","c":{"a":0,"k":[0.098040008545,0.098040008545,0.098040008545,1],"ix":3},"o":{"a":0,"k":100,"ix":4},"w":{"a":0,"k":0.01,"ix":5},"lc":1,"lj":1,"ml":4,"bm":0,"nm":"描边 1","mn":"ADBE Vector Graphic - Stroke","hd":false},{"ty":"tr","p":{"a":0,"k":[0,0],"ix":2},"a":{"a":0,"k":[0,0],"ix":1},"s":{"a":0,"k":[100,100],"ix":3},"r":{"a":0,"k":0,"ix":6},"o":{"a":0,"k":100,"ix":7},"sk":{"a":0,"k":0,"ix":4},"sa":{"a":0,"k":0,"ix":5},"nm":"变换"}],"nm":"d","np":5,"cix":2,"bm":0,"ix":3,"mn":"ADBE Vector Group","hd":false},{"ty":"gr","it":[{"ind":0,"ty":"sh","ix":1,"ks":{"a":0,"k":{"i":[[0,0.912],[-0.979,0.55],[-1.146,0.152],[0,0],[-0.608,0.165],[-0.386,0.247],[0,0],[1.758,-0.854],[1.113,0],[0.668,0.526]],"o":[[0,-1.204],[0.578,-0.327],[0,0],[0.585,-0.07],[0.608,-0.165],[0,0],[0,1.942],[-1.043,0.515],[-0.914,0],[-0.668,-0.526]],"v":[[56.145,-5.003],[57.612,-7.634],[60.198,-8.353],[62.11,-8.599],[63.9,-8.951],[65.391,-9.568],[65.391,-7.023],[62.754,-2.829],[59.52,-2.057],[57.146,-2.846]],"c":true},"ix":2},"nm":"a","mn":"ADBE Vector Shape - Group","hd":false},{"ind":1,"ty":"sh","ix":2,"ks":{"a":0,"k":{"i":[[0,0],[1.09,-0.96],[0,-1.744],[-1.107,-1.059],[-1.746,0],[-1.207,0.621],[-0.645,0.844],[-0.258,-0.41],[-1.09,0],[-0.258,0.035],[-0.492,0.141],[0,0],[0.176,-0.018],[0.141,0],[0.135,0.199],[0,0.328],[0,0],[1.369,0.844],[2.212,0],[1.446,-0.911],[0.059,-2.327],[0,0],[-0.386,0.495],[-1.649,0],[-0.766,-0.488],[0,-1.082],[0.14,-0.282],[0.726,-0.093]],"o":[[-1.77,0.222],[-1.09,0.96],[0,1.592],[1.107,1.059],[1.453,0],[1.207,-0.621],[0.105,0.75],[0.492,0.773],[0.445,0],[0.258,-0.035],[0,0],[-0.199,0.035],[-0.176,0.018],[-0.434,0],[-0.135,-0.199],[0,0],[0,-1.781],[-1.381,-0.844],[-1.908,0],[-1.446,0.911],[0,0],[0.117,-0.977],[0.69,-0.895],[1.427,0],[0.766,0.488],[0,0.53],[-0.246,0.515],[0,0]],"v":[[58.764,-10.761],[54.475,-8.988],[52.84,-4.933],[54.501,-0.956],[58.781,0.633],[62.771,-0.299],[65.549,-2.496],[66.094,-0.756],[68.467,0.404],[69.521,0.352],[70.646,0.088],[70.646,-2.25],[70.084,-2.171],[69.609,-2.145],[68.757,-2.443],[68.555,-3.234],[68.555,-14.08],[66.501,-18.018],[61.11,-19.283],[56.08,-17.917],[53.824,-13.061],[56.777,-13.061],[57.532,-15.269],[61.04,-16.611],[64.329,-15.879],[65.479,-13.523],[65.268,-12.306],[63.809,-11.393]],"c":true},"ix":2},"nm":"a","mn":"ADBE Vector Shape - Group","hd":false},{"ty":"mm","mm":1,"nm":"合并路径 1","mn":"ADBE Vector Filter - Merge","hd":false},{"ty":"fl","c":{"a":0,"k":[1,1,1,1],"ix":4},"o":{"a":0,"k":100,"ix":5},"r":1,"bm":0,"nm":"填充 1","mn":"ADBE Vector Graphic - Fill","hd":false},{"ty":"st","c":{"a":0,"k":[0.098040008545,0.098040008545,0.098040008545,1],"ix":3},"o":{"a":0,"k":100,"ix":4},"w":{"a":0,"k":0.01,"ix":5},"lc":1,"lj":1,"ml":4,"bm":0,"nm":"描边 1","mn":"ADBE Vector Graphic - Stroke","hd":false},{"ty":"tr","p":{"a":0,"k":[0,0],"ix":2},"a":{"a":0,"k":[0,0],"ix":1},"s":{"a":0,"k":[100,100],"ix":3},"r":{"a":0,"k":0,"ix":6},"o":{"a":0,"k":100,"ix":7},"sk":{"a":0,"k":0,"ix":4},"sa":{"a":0,"k":0,"ix":5},"nm":"变换"}],"nm":"a","np":5,"cix":2,"bm":0,"ix":4,"mn":"ADBE Vector Group","hd":false},{"ty":"gr","it":[{"ind":0,"ty":"sh","ix":1,"ks":{"a":0,"k":{"i":[[0,0],[0,0],[0,0],[0,0]],"o":[[0,0],[0,0],[0,0],[0,0]],"v":[[85.412,-14.748],[89.086,-14.748],[89.086,-18.58],[85.412,-18.58]],"c":true},"ix":2},"nm":":","mn":"ADBE Vector Shape - Group","hd":false},{"ind":1,"ty":"sh","ix":2,"ks":{"a":0,"k":{"i":[[0,0],[0,0],[0,0],[0,0]],"o":[[0,0],[0,0],[0,0],[0,0]],"v":[[85.412,0],[89.086,0],[89.086,-3.832],[85.412,-3.832]],"c":true},"ix":2},"nm":":","mn":"ADBE Vector Shape - Group","hd":false},{"ty":"mm","mm":1,"nm":"合并路径 1","mn":"ADBE Vector Filter - Merge","hd":false},{"ty":"fl","c":{"a":0,"k":[1,1,1,1],"ix":4},"o":{"a":0,"k":100,"ix":5},"r":1,"bm":0,"nm":"填充 1","mn":"ADBE Vector Graphic - Fill","hd":false},{"ty":"st","c":{"a":0,"k":[0.098040008545,0.098040008545,0.098040008545,1],"ix":3},"o":{"a":0,"k":100,"ix":4},"w":{"a":0,"k":0.01,"ix":5},"lc":1,"lj":1,"ml":4,"bm":0,"nm":"描边 1","mn":"ADBE Vector Graphic - Stroke","hd":false},{"ty":"tr","p":{"a":0,"k":[0,0],"ix":2},"a":{"a":0,"k":[0,0],"ix":1},"s":{"a":0,"k":[100,100],"ix":3},"r":{"a":0,"k":0,"ix":6},"o":{"a":0,"k":100,"ix":7},"sk":{"a":0,"k":0,"ix":4},"sa":{"a":0,"k":0,"ix":5},"nm":"变换"}],"nm":":","np":5,"cix":2,"bm":0,"ix":5,"mn":"ADBE Vector Group","hd":false}],"ip":220,"op":400,"st":40,"bm":0},{"ddd":0,"ind":54,"ty":4,"nm":"“Amor :”轮廓","parent":88,"sr":1,"ks":{"o":{"a":1,"k":[{"i":{"x":[0.833],"y":[0.833]},"o":{"x":[0.167],"y":[0.167]},"t":195,"s":[0]},{"t":205,"s":[100]}],"ix":11},"r":{"a":0,"k":0,"ix":10},"p":{"a":0,"k":[266.882,-195.738,0],"ix":2},"a":{"a":0,"k":[-0.81,-13.716,0],"ix":1},"s":{"a":0,"k":[100,100,100],"ix":6}},"ao":0,"shapes":[{"ty":"gr","it":[{"ind":0,"ty":"sh","ix":1,"ks":{"a":0,"k":{"i":[[0,0],[0,0],[0,0]],"o":[[0,0],[0,0],[0,0]],"v":[[7.91,-10.582],[12.076,-21.99],[15.996,-10.582]],"c":true},"ix":2},"nm":"A","mn":"ADBE Vector Shape - Group","hd":false},{"ind":1,"ty":"sh","ix":2,"ks":{"a":0,"k":{"i":[[0,0],[0,0],[0,0],[0,0],[0,0],[0,0],[0,0],[0,0]],"o":[[0,0],[0,0],[0,0],[0,0],[0,0],[0,0],[0,0],[0,0]],"v":[[0.527,0],[4.113,0],[6.908,-7.734],[17.121,-7.734],[19.74,0],[23.572,0],[14.203,-25.822],[10.248,-25.822]],"c":true},"ix":2},"nm":"A","mn":"ADBE Vector Shape - Group","hd":false},{"ty":"mm","mm":1,"nm":"合并路径 1","mn":"ADBE Vector Filter - Merge","hd":false},{"ty":"fl","c":{"a":0,"k":[1,1,1,1],"ix":4},"o":{"a":0,"k":100,"ix":5},"r":1,"bm":0,"nm":"填充 1","mn":"ADBE Vector Graphic - Fill","hd":false},{"ty":"st","c":{"a":0,"k":[0.098040008545,0.098040008545,0.098040008545,1],"ix":3},"o":{"a":0,"k":100,"ix":4},"w":{"a":0,"k":0.01,"ix":5},"lc":1,"lj":1,"ml":4,"bm":0,"nm":"描边 1","mn":"ADBE Vector Graphic - Stroke","hd":false},{"ty":"tr","p":{"a":0,"k":[0,0],"ix":2},"a":{"a":0,"k":[0,0],"ix":1},"s":{"a":0,"k":[100,100],"ix":3},"r":{"a":0,"k":0,"ix":6},"o":{"a":0,"k":100,"ix":7},"sk":{"a":0,"k":0,"ix":4},"sa":{"a":0,"k":0,"ix":5},"nm":"变换"}],"nm":"A","np":5,"cix":2,"bm":0,"ix":1,"mn":"ADBE Vector Group","hd":false},{"ty":"gr","it":[{"ind":0,"ty":"sh","ix":1,"ks":{"a":0,"k":{"i":[[0,0],[0,0],[0,0],[-0.979,0.926],[-1.195,0],[-0.481,-0.879],[0,-1.277],[0,0],[0,0],[0,0],[-0.896,0.832],[-1.242,0],[-0.627,-0.469],[0,-1.254],[0,0],[0,0],[0,0],[0.492,0.984],[2.531,0],[0.949,-0.486],[0.703,-1.008],[0.516,0.422],[1.5,0],[1.043,-0.715],[0.75,-0.926],[0,0],[0,0]],"o":[[0,0],[0,0],[0,-2.426],[0.978,-0.926],[1.312,0],[0.305,0.586],[0,0],[0,0],[0,0],[0,-1.945],[0.896,-0.832],[0.902,0],[0.627,0.469],[0,0],[0,0],[0,0],[0,-1.664],[-0.914,-1.828],[-1.184,0],[-0.949,0.486],[-0.422,-0.82],[-0.914,-0.738],[-1.324,0],[-0.609,0.422],[0,0],[0,0],[0,0]],"v":[[26.332,0],[29.496,0],[29.496,-9.984],[30.964,-15.012],[34.225,-16.4],[36.914,-15.082],[37.371,-12.287],[37.371,0],[40.588,0],[40.588,-10.951],[41.933,-15.117],[45.141,-16.365],[47.435,-15.662],[48.375,-13.078],[48.375,0],[51.662,0],[51.662,-12.533],[50.924,-16.506],[45.756,-19.248],[42.557,-18.519],[40.078,-16.277],[38.672,-18.141],[35.051,-19.248],[31.5,-18.176],[29.461,-16.154],[29.461,-18.826],[26.332,-18.826]],"c":true},"ix":2},"nm":"m","mn":"ADBE Vector Shape - Group","hd":false},{"ty":"fl","c":{"a":0,"k":[1,1,1,1],"ix":4},"o":{"a":0,"k":100,"ix":5},"r":1,"bm":0,"nm":"填充 1","mn":"ADBE Vector Graphic - Fill","hd":false},{"ty":"st","c":{"a":0,"k":[0.098040008545,0.098040008545,0.098040008545,1],"ix":3},"o":{"a":0,"k":100,"ix":4},"w":{"a":0,"k":0.01,"ix":5},"lc":1,"lj":1,"ml":4,"bm":0,"nm":"描边 1","mn":"ADBE Vector Graphic - Stroke","hd":false},{"ty":"tr","p":{"a":0,"k":[0,0],"ix":2},"a":{"a":0,"k":[0,0],"ix":1},"s":{"a":0,"k":[100,100],"ix":3},"r":{"a":0,"k":0,"ix":6},"o":{"a":0,"k":100,"ix":7},"sk":{"a":0,"k":0,"ix":4},"sa":{"a":0,"k":0,"ix":5},"nm":"变换"}],"nm":"m","np":3,"cix":2,"bm":0,"ix":2,"mn":"ADBE Vector Group","hd":false},{"ty":"gr","it":[{"ind":0,"ty":"sh","ix":1,"ks":{"a":0,"k":{"i":[[2.074,0],[0.869,1.334],[0,2.002],[-0.869,1.475],[-1.912,0],[-0.881,-1.732],[0,-1.756],[0.771,-1.586]],"o":[[-1.889,0],[-0.869,-1.334],[0,-2.083],[0.869,-1.475],[2.155,0],[0.556,1.1],[0,1.943],[-0.771,1.586]],"v":[[63.729,-2.057],[59.593,-4.058],[58.289,-9.062],[59.593,-14.399],[63.764,-16.611],[68.318,-14.013],[69.152,-9.729],[67.996,-4.435]],"c":true},"ix":2},"nm":"o","mn":"ADBE Vector Shape - Group","hd":false},{"ind":1,"ty":"sh","ix":2,"ks":{"a":0,"k":{"i":[[2.409,0],[1.594,-1.873],[0,-3.161],[-1.513,-1.75],[-2.572,0],[-1.466,1.979],[0,3.033],[1.664,1.616]],"o":[[-2.688,0],[-1.594,1.873],[0,2.951],[1.513,1.75],[3.084,0],[1.466,-1.979],[0,-3.138],[-1.664,-1.616]],"v":[[63.852,-19.371],[57.428,-16.561],[55.037,-9.009],[57.306,-1.957],[63.433,0.668],[70.258,-2.3],[72.457,-9.817],[69.961,-16.947]],"c":true},"ix":2},"nm":"o","mn":"ADBE Vector Shape - Group","hd":false},{"ty":"mm","mm":1,"nm":"合并路径 1","mn":"ADBE Vector Filter - Merge","hd":false},{"ty":"fl","c":{"a":0,"k":[1,1,1,1],"ix":4},"o":{"a":0,"k":100,"ix":5},"r":1,"bm":0,"nm":"填充 1","mn":"ADBE Vector Graphic - Fill","hd":false},{"ty":"st","c":{"a":0,"k":[0.098040008545,0.098040008545,0.098040008545,1],"ix":3},"o":{"a":0,"k":100,"ix":4},"w":{"a":0,"k":0.01,"ix":5},"lc":1,"lj":1,"ml":4,"bm":0,"nm":"描边 1","mn":"ADBE Vector Graphic - Stroke","hd":false},{"ty":"tr","p":{"a":0,"k":[0,0],"ix":2},"a":{"a":0,"k":[0,0],"ix":1},"s":{"a":0,"k":[100,100],"ix":3},"r":{"a":0,"k":0,"ix":6},"o":{"a":0,"k":100,"ix":7},"sk":{"a":0,"k":0,"ix":4},"sa":{"a":0,"k":0,"ix":5},"nm":"变换"}],"nm":"o","np":5,"cix":2,"bm":0,"ix":3,"mn":"ADBE Vector Group","hd":false},{"ty":"gr","it":[{"ind":0,"ty":"sh","ix":1,"ks":{"a":0,"k":{"i":[[0,0],[0,0],[0,0],[-0.856,1.026],[-1.594,0],[-0.158,-0.012],[-0.188,-0.035],[0,0],[0.141,0.012],[0.059,0],[0.961,-0.908],[0.246,-0.633],[0,0],[0,0]],"o":[[0,0],[0,0],[0,-1.336],[0.855,-1.025],[0.187,0],[0.158,0.012],[0,0],[-0.34,-0.035],[-0.141,-0.012],[-1.254,0],[-0.961,0.908],[0,0],[0,0],[0,0]],"v":[[76.43,0],[79.594,0],[79.594,-10.828],[80.877,-14.37],[84.551,-15.908],[85.069,-15.891],[85.588,-15.82],[85.588,-19.16],[84.867,-19.23],[84.568,-19.248],[81.246,-17.886],[79.436,-15.574],[79.436,-18.826],[76.43,-18.826]],"c":true},"ix":2},"nm":"r","mn":"ADBE Vector Shape - Group","hd":false},{"ty":"fl","c":{"a":0,"k":[1,1,1,1],"ix":4},"o":{"a":0,"k":100,"ix":5},"r":1,"bm":0,"nm":"填充 1","mn":"ADBE Vector Graphic - Fill","hd":false},{"ty":"st","c":{"a":0,"k":[0.098040008545,0.098040008545,0.098040008545,1],"ix":3},"o":{"a":0,"k":100,"ix":4},"w":{"a":0,"k":0.01,"ix":5},"lc":1,"lj":1,"ml":4,"bm":0,"nm":"描边 1","mn":"ADBE Vector Graphic - Stroke","hd":false},{"ty":"tr","p":{"a":0,"k":[0,0],"ix":2},"a":{"a":0,"k":[0,0],"ix":1},"s":{"a":0,"k":[100,100],"ix":3},"r":{"a":0,"k":0,"ix":6},"o":{"a":0,"k":100,"ix":7},"sk":{"a":0,"k":0,"ix":4},"sa":{"a":0,"k":0,"ix":5},"nm":"变换"}],"nm":"r","np":3,"cix":2,"bm":0,"ix":4,"mn":"ADBE Vector Group","hd":false},{"ty":"gr","it":[{"ind":0,"ty":"sh","ix":1,"ks":{"a":0,"k":{"i":[[0,0],[0,0],[0,0],[0,0]],"o":[[0,0],[0,0],[0,0],[0,0]],"v":[[100.002,-14.748],[103.676,-14.748],[103.676,-18.58],[100.002,-18.58]],"c":true},"ix":2},"nm":":","mn":"ADBE Vector Shape - Group","hd":false},{"ind":1,"ty":"sh","ix":2,"ks":{"a":0,"k":{"i":[[0,0],[0,0],[0,0],[0,0]],"o":[[0,0],[0,0],[0,0],[0,0]],"v":[[100.002,0],[103.676,0],[103.676,-3.832],[100.002,-3.832]],"c":true},"ix":2},"nm":":","mn":"ADBE Vector Shape - Group","hd":false},{"ty":"mm","mm":1,"nm":"合并路径 1","mn":"ADBE Vector Filter - Merge","hd":false},{"ty":"fl","c":{"a":0,"k":[1,1,1,1],"ix":4},"o":{"a":0,"k":100,"ix":5},"r":1,"bm":0,"nm":"填充 1","mn":"ADBE Vector Graphic - Fill","hd":false},{"ty":"st","c":{"a":0,"k":[0.098040008545,0.098040008545,0.098040008545,1],"ix":3},"o":{"a":0,"k":100,"ix":4},"w":{"a":0,"k":0.01,"ix":5},"lc":1,"lj":1,"ml":4,"bm":0,"nm":"描边 1","mn":"ADBE Vector Graphic - Stroke","hd":false},{"ty":"tr","p":{"a":0,"k":[0,0],"ix":2},"a":{"a":0,"k":[0,0],"ix":1},"s":{"a":0,"k":[100,100],"ix":3},"r":{"a":0,"k":0,"ix":6},"o":{"a":0,"k":100,"ix":7},"sk":{"a":0,"k":0,"ix":4},"sa":{"a":0,"k":0,"ix":5},"nm":"变换"}],"nm":":","np":5,"cix":2,"bm":0,"ix":5,"mn":"ADBE Vector Group","hd":false}],"ip":185,"op":370,"st":5,"bm":0},{"ddd":0,"ind":56,"ty":4,"nm":"“Sabiduría :”轮廓","parent":92,"sr":1,"ks":{"o":{"a":1,"k":[{"i":{"x":[0.833],"y":[0.833]},"o":{"x":[0.167],"y":[0.167]},"t":160,"s":[0]},{"t":170,"s":[100]}],"ix":11},"r":{"a":0,"k":0,"ix":10},"p":{"a":0,"k":[268.063,-198.786,0],"ix":2},"a":{"a":0,"k":[-0.81,-13.716,0],"ix":1},"s":{"a":0,"k":[100,100,100],"ix":6}},"ao":0,"shapes":[{"ty":"gr","it":[{"ind":0,"ty":"sh","ix":1,"ks":{"a":0,"k":{"i":[[0,0],[-1.575,-1.448],[-2.784,0],[-1.803,1.094],[0,2.542],[1.413,1.073],[1.504,0.354],[0,0],[0.595,0.333],[0,1.125],[-0.769,0.771],[-1.758,0],[-0.909,-1.198],[-0.15,-1.229],[0,0],[1.637,1.162],[2.342,0],[1.389,-1.323],[0,-2.062],[-1.413,-0.958],[-1.968,-0.458],[0,0],[-0.767,-0.521],[0,-1.25],[1.786,-0.646],[1.124,0],[0.993,1.521],[0.07,1.302]],"o":[[-0.031,2.479],[1.574,1.458],[2.387,0],[1.803,-1.094],[0,-2.042],[-0.817,-0.615],[0,0],[-2.099,-0.5],[-0.908,-0.521],[0,-1.021],[0.769,-0.771],[2.177,0],[0.489,0.656],[0,0],[0,-2.552],[-1.637,-1.161],[-2.544,0],[-1.389,1.323],[0,1.906],[0.817,0.552],[0,0],[1.635,0.385],[0.757,0.531],[0,1.667],[-0.923,0.333],[-2.509,0],[-0.522,-0.812],[0,0]],"v":[[1.547,-7.406],[3.863,-1.516],[10.4,0.672],[16.686,-0.969],[19.391,-6.422],[17.271,-11.094],[13.789,-12.547],[10.67,-13.281],[6.628,-14.531],[5.266,-17],[6.419,-19.688],[10.209,-20.844],[14.838,-19.047],[15.797,-16.219],[18.719,-16.219],[16.263,-21.789],[10.295,-23.531],[4.396,-21.547],[2.312,-16.469],[4.432,-12.172],[8.609,-10.656],[11.622,-9.953],[15.224,-8.594],[16.359,-5.922],[13.68,-2.453],[10.61,-1.953],[5.357,-4.234],[4.469,-7.406]],"c":true},"ix":2},"nm":"S","mn":"ADBE Vector Shape - Group","hd":false},{"ty":"fl","c":{"a":0,"k":[1,1,1,1],"ix":4},"o":{"a":0,"k":100,"ix":5},"r":1,"bm":0,"nm":"填充 1","mn":"ADBE Vector Graphic - Fill","hd":false},{"ty":"st","c":{"a":0,"k":[0.098040008545,0.098040008545,0.098040008545,1],"ix":3},"o":{"a":0,"k":100,"ix":4},"w":{"a":0,"k":0.01,"ix":5},"lc":1,"lj":1,"ml":4,"bm":0,"nm":"描边 1","mn":"ADBE Vector Graphic - Stroke","hd":false},{"ty":"tr","p":{"a":0,"k":[0,0],"ix":2},"a":{"a":0,"k":[0,0],"ix":1},"s":{"a":0,"k":[100,100],"ix":3},"r":{"a":0,"k":0,"ix":6},"o":{"a":0,"k":100,"ix":7},"sk":{"a":0,"k":0,"ix":4},"sa":{"a":0,"k":0,"ix":5},"nm":"变换"}],"nm":"S","np":3,"cix":2,"bm":0,"ix":1,"mn":"ADBE Vector Group","hd":false},{"ty":"gr","it":[{"ind":0,"ty":"sh","ix":1,"ks":{"a":0,"k":{"i":[[0,0.811],[-0.87,0.489],[-1.019,0.135],[0,0],[-0.541,0.146],[-0.343,0.219],[0,0],[1.562,-0.759],[0.99,0],[0.594,0.468]],"o":[[0,-1.07],[0.513,-0.291],[0,0],[0.52,-0.062],[0.541,-0.146],[0,0],[0,1.727],[-0.927,0.458],[-0.812,0],[-0.594,-0.468]],"v":[[25.562,-4.447],[26.867,-6.785],[29.166,-7.425],[30.865,-7.643],[32.456,-7.956],[33.781,-8.505],[33.781,-6.243],[31.438,-2.514],[28.562,-1.828],[26.453,-2.53]],"c":true},"ix":2},"nm":"a","mn":"ADBE Vector Shape - Group","hd":false},{"ind":1,"ty":"sh","ix":2,"ks":{"a":0,"k":{"i":[[0,0],[0.969,-0.853],[0,-1.55],[-0.984,-0.941],[-1.552,0],[-1.073,0.552],[-0.573,0.75],[-0.229,-0.365],[-0.969,0],[-0.229,0.031],[-0.438,0.125],[0,0],[0.156,-0.016],[0.125,0],[0.12,0.177],[0,0.292],[0,0],[1.217,0.75],[1.966,0],[1.285,-0.81],[0.052,-2.068],[0,0],[-0.343,0.44],[-1.466,0],[-0.681,-0.434],[0,-0.962],[0.125,-0.251],[0.646,-0.083]],"o":[[-1.573,0.198],[-0.969,0.853],[0,1.415],[0.984,0.941],[1.292,0],[1.073,-0.552],[0.094,0.667],[0.438,0.687],[0.396,0],[0.229,-0.031],[0,0],[-0.177,0.031],[-0.156,0.016],[-0.385,0],[-0.12,-0.177],[0,0],[0,-1.583],[-1.228,-0.75],[-1.696,0],[-1.285,0.81],[0,0],[0.104,-0.869],[0.613,-0.795],[1.268,0],[0.681,0.434],[0,0.471],[-0.219,0.458],[0,0]],"v":[[27.891,-9.566],[24.078,-7.989],[22.625,-4.385],[24.102,-0.85],[27.906,0.562],[31.453,-0.265],[33.922,-2.218],[34.406,-0.672],[36.516,0.359],[37.453,0.312],[38.453,0.078],[38.453,-2],[37.953,-1.93],[37.531,-1.906],[36.773,-2.171],[36.594,-2.874],[36.594,-12.515],[34.768,-16.016],[29.977,-17.141],[25.505,-15.926],[23.5,-11.609],[26.125,-11.609],[26.795,-13.572],[29.914,-14.766],[32.838,-14.115],[33.859,-12.021],[33.672,-10.938],[32.375,-10.127]],"c":true},"ix":2},"nm":"a","mn":"ADBE Vector Shape - Group","hd":false},{"ty":"mm","mm":1,"nm":"合并路径 1","mn":"ADBE Vector Filter - Merge","hd":false},{"ty":"fl","c":{"a":0,"k":[1,1,1,1],"ix":4},"o":{"a":0,"k":100,"ix":5},"r":1,"bm":0,"nm":"填充 1","mn":"ADBE Vector Graphic - Fill","hd":false},{"ty":"st","c":{"a":0,"k":[0.098040008545,0.098040008545,0.098040008545,1],"ix":3},"o":{"a":0,"k":100,"ix":4},"w":{"a":0,"k":0.01,"ix":5},"lc":1,"lj":1,"ml":4,"bm":0,"nm":"描边 1","mn":"ADBE Vector Graphic - Stroke","hd":false},{"ty":"tr","p":{"a":0,"k":[0,0],"ix":2},"a":{"a":0,"k":[0,0],"ix":1},"s":{"a":0,"k":[100,100],"ix":3},"r":{"a":0,"k":0,"ix":6},"o":{"a":0,"k":100,"ix":7},"sk":{"a":0,"k":0,"ix":4},"sa":{"a":0,"k":0,"ix":5},"nm":"变换"}],"nm":"a","np":5,"cix":2,"bm":0,"ix":2,"mn":"ADBE Vector Group","hd":false},{"ty":"gr","it":[{"ind":0,"ty":"sh","ix":1,"ks":{"a":0,"k":{"i":[[0,0],[0,0],[0,0],[-0.523,-0.365],[-1.276,0],[-1.286,1.75],[0,2.646],[1.302,1.432],[2.091,0],[0.857,-0.422],[0.617,-0.802],[0,0],[0,0]],"o":[[0,0],[0,0],[0.596,0.802],[0.878,0.615],[2.28,0],[1.286,-1.75],[0,-2.792],[-1.302,-1.432],[-1.004,0],[-0.857,0.422],[0,0],[0,0],[0,0]],"v":[[40.969,0],[43.562,0],[43.562,-2.141],[45.241,-0.391],[48.472,0.531],[53.821,-2.094],[55.75,-8.688],[53.797,-15.023],[48.707,-17.172],[45.915,-16.539],[43.703,-14.703],[43.703,-23.031],[40.969,-23.031]],"c":true},"ix":2},"nm":"b","mn":"ADBE Vector Shape - Group","hd":false},{"ind":1,"ty":"sh","ix":2,"ks":{"a":0,"k":{"i":[[1.526,0],[0.742,1.844],[0,1.573],[-0.967,0.948],[-1.286,0],[-0.758,-1.156],[0,-1.76],[0.758,-1.208]],"o":[[-2.028,0],[-0.397,-0.979],[0,-2.177],[0.967,-0.948],[1.474,0],[0.758,1.156],[0,1.979],[-0.758,1.208]],"v":[[48.297,-1.953],[44.143,-4.719],[43.547,-8.547],[44.997,-13.234],[48.375,-14.656],[51.723,-12.922],[52.859,-8.547],[51.723,-3.766]],"c":true},"ix":2},"nm":"b","mn":"ADBE Vector Shape - Group","hd":false},{"ty":"mm","mm":1,"nm":"合并路径 1","mn":"ADBE Vector Filter - Merge","hd":false},{"ty":"fl","c":{"a":0,"k":[1,1,1,1],"ix":4},"o":{"a":0,"k":100,"ix":5},"r":1,"bm":0,"nm":"填充 1","mn":"ADBE Vector Graphic - Fill","hd":false},{"ty":"st","c":{"a":0,"k":[0.098040008545,0.098040008545,0.098040008545,1],"ix":3},"o":{"a":0,"k":100,"ix":4},"w":{"a":0,"k":0.01,"ix":5},"lc":1,"lj":1,"ml":4,"bm":0,"nm":"描边 1","mn":"ADBE Vector Graphic - Stroke","hd":false},{"ty":"tr","p":{"a":0,"k":[0,0],"ix":2},"a":{"a":0,"k":[0,0],"ix":1},"s":{"a":0,"k":[100,100],"ix":3},"r":{"a":0,"k":0,"ix":6},"o":{"a":0,"k":100,"ix":7},"sk":{"a":0,"k":0,"ix":4},"sa":{"a":0,"k":0,"ix":5},"nm":"变换"}],"nm":"b","np":5,"cix":2,"bm":0,"ix":3,"mn":"ADBE Vector Group","hd":false},{"ty":"gr","it":[{"ind":0,"ty":"sh","ix":1,"ks":{"a":0,"k":{"i":[[0,0],[0,0],[0,0],[0,0]],"o":[[0,0],[0,0],[0,0],[0,0]],"v":[[59,0],[61.859,0],[61.859,-16.656],[59,-16.656]],"c":true},"ix":2},"nm":"i","mn":"ADBE Vector Shape - Group","hd":false},{"ind":1,"ty":"sh","ix":2,"ks":{"a":0,"k":{"i":[[0,0],[0,0],[0,0],[0,0]],"o":[[0,0],[0,0],[0,0],[0,0]],"v":[[59,-19.766],[61.859,-19.766],[61.859,-22.953],[59,-22.953]],"c":true},"ix":2},"nm":"i","mn":"ADBE Vector Shape - Group","hd":false},{"ty":"mm","mm":1,"nm":"合并路径 1","mn":"ADBE Vector Filter - Merge","hd":false},{"ty":"fl","c":{"a":0,"k":[1,1,1,1],"ix":4},"o":{"a":0,"k":100,"ix":5},"r":1,"bm":0,"nm":"填充 1","mn":"ADBE Vector Graphic - Fill","hd":false},{"ty":"st","c":{"a":0,"k":[0.098040008545,0.098040008545,0.098040008545,1],"ix":3},"o":{"a":0,"k":100,"ix":4},"w":{"a":0,"k":0.01,"ix":5},"lc":1,"lj":1,"ml":4,"bm":0,"nm":"描边 1","mn":"ADBE Vector Graphic - Stroke","hd":false},{"ty":"tr","p":{"a":0,"k":[0,0],"ix":2},"a":{"a":0,"k":[0,0],"ix":1},"s":{"a":0,"k":[100,100],"ix":3},"r":{"a":0,"k":0,"ix":6},"o":{"a":0,"k":100,"ix":7},"sk":{"a":0,"k":0,"ix":4},"sa":{"a":0,"k":0,"ix":5},"nm":"变换"}],"nm":"i","np":5,"cix":2,"bm":0,"ix":4,"mn":"ADBE Vector Group","hd":false},{"ty":"gr","it":[{"ind":0,"ty":"sh","ix":1,"ks":{"a":0,"k":{"i":[[0,1.792],[-0.876,1.083],[-1.41,0],[-0.86,-1.016],[0,-2.115],[0.834,-1.12],[1.295,0],[0.757,1.208]],"o":[[0,-2.104],[0.876,-1.083],[1.264,0],[0.86,1.016],[0,2.094],[-0.834,1.12],[-1.669,0],[-0.757,-1.208]],"v":[[67.891,-8.172],[69.204,-12.953],[72.632,-14.578],[75.819,-13.055],[77.109,-8.359],[75.858,-3.539],[72.663,-1.859],[69.025,-3.672]],"c":true},"ix":2},"nm":"d","mn":"ADBE Vector Shape - Group","hd":false},{"ind":1,"ty":"sh","ix":2,"ks":{"a":0,"k":{"i":[[1.276,0],[1.24,-1.786],[0,-2.438],[-1.359,-1.568],[-1.857,0],[-0.893,0.458],[-0.654,1.031],[0,0],[0,0],[0,0],[0,0],[0,0],[0.498,0.312]],"o":[[-2.304,0],[-1.24,1.787],[0,2.604],[1.359,1.568],[1.152,0],[0.892,-0.458],[0,0],[0,0],[0,0],[0,0],[0,0],[-0.633,-0.781],[-0.861,-0.542]],"v":[[72.097,-17.031],[66.782,-14.352],[64.922,-8.016],[66.961,-1.758],[71.786,0.594],[74.853,-0.094],[77.172,-2.328],[77.172,0],[79.703,0],[79.703,-23.031],[77,-23.031],[77,-14.578],[75.303,-16.219]],"c":true},"ix":2},"nm":"d","mn":"ADBE Vector Shape - Group","hd":false},{"ty":"mm","mm":1,"nm":"合并路径 1","mn":"ADBE Vector Filter - Merge","hd":false},{"ty":"fl","c":{"a":0,"k":[1,1,1,1],"ix":4},"o":{"a":0,"k":100,"ix":5},"r":1,"bm":0,"nm":"填充 1","mn":"ADBE Vector Graphic - Fill","hd":false},{"ty":"st","c":{"a":0,"k":[0.098040008545,0.098040008545,0.098040008545,1],"ix":3},"o":{"a":0,"k":100,"ix":4},"w":{"a":0,"k":0.01,"ix":5},"lc":1,"lj":1,"ml":4,"bm":0,"nm":"描边 1","mn":"ADBE Vector Graphic - Stroke","hd":false},{"ty":"tr","p":{"a":0,"k":[0,0],"ix":2},"a":{"a":0,"k":[0,0],"ix":1},"s":{"a":0,"k":[100,100],"ix":3},"r":{"a":0,"k":0,"ix":6},"o":{"a":0,"k":100,"ix":7},"sk":{"a":0,"k":0,"ix":4},"sa":{"a":0,"k":0,"ix":5},"nm":"变换"}],"nm":"d","np":5,"cix":2,"bm":0,"ix":5,"mn":"ADBE Vector Group","hd":false},{"ty":"gr","it":[{"ind":0,"ty":"sh","ix":1,"ks":{"a":0,"k":{"i":[[0,0],[0,0],[-0.46,-0.854],[-2.341,0],[-1.053,0.875],[-0.358,0.635],[0,0],[0,0],[0,0],[0,0],[0,0],[0.375,-0.938],[1.907,0],[0.487,1],[0,0.854],[0,0]],"o":[[0,0],[0,1.427],[0.848,1.594],[1.502,0],[0.531,-0.438],[0,0],[0,0],[0,0],[0,0],[0,0],[0,1.635],[-0.69,1.75],[-1.329,0],[-0.264,-0.542],[0,0],[0,0]],"v":[[83.844,-16.734],[83.844,-5.359],[84.534,-1.938],[89.317,0.453],[93.15,-0.859],[94.484,-2.469],[94.453,0],[97.109,0],[97.109,-16.734],[94.297,-16.734],[94.297,-8.516],[93.734,-4.656],[89.838,-2.031],[87.115,-3.531],[86.719,-5.625],[86.719,-16.734]],"c":true},"ix":2},"nm":"u","mn":"ADBE Vector Shape - Group","hd":false},{"ty":"fl","c":{"a":0,"k":[1,1,1,1],"ix":4},"o":{"a":0,"k":100,"ix":5},"r":1,"bm":0,"nm":"填充 1","mn":"ADBE Vector Graphic - Fill","hd":false},{"ty":"st","c":{"a":0,"k":[0.098040008545,0.098040008545,0.098040008545,1],"ix":3},"o":{"a":0,"k":100,"ix":4},"w":{"a":0,"k":0.01,"ix":5},"lc":1,"lj":1,"ml":4,"bm":0,"nm":"描边 1","mn":"ADBE Vector Graphic - Stroke","hd":false},{"ty":"tr","p":{"a":0,"k":[0,0],"ix":2},"a":{"a":0,"k":[0,0],"ix":1},"s":{"a":0,"k":[100,100],"ix":3},"r":{"a":0,"k":0,"ix":6},"o":{"a":0,"k":100,"ix":7},"sk":{"a":0,"k":0,"ix":4},"sa":{"a":0,"k":0,"ix":5},"nm":"变换"}],"nm":"u","np":3,"cix":2,"bm":0,"ix":6,"mn":"ADBE Vector Group","hd":false},{"ty":"gr","it":[{"ind":0,"ty":"sh","ix":1,"ks":{"a":0,"k":{"i":[[0,0],[0,0],[0,0],[-0.76,0.912],[-1.417,0],[-0.141,-0.01],[-0.167,-0.031],[0,0],[0.125,0.01],[0.052,0],[0.854,-0.807],[0.219,-0.562],[0,0],[0,0]],"o":[[0,0],[0,0],[0,-1.188],[0.76,-0.911],[0.167,0],[0.141,0.01],[0,0],[-0.302,-0.031],[-0.125,-0.01],[-1.115,0],[-0.854,0.807],[0,0],[0,0],[0,0]],"v":[[101.781,0],[104.594,0],[104.594,-9.625],[105.734,-12.773],[109,-14.141],[109.461,-14.125],[109.922,-14.062],[109.922,-17.031],[109.281,-17.094],[109.016,-17.109],[106.062,-15.898],[104.453,-13.844],[104.453,-16.734],[101.781,-16.734]],"c":true},"ix":2},"nm":"r","mn":"ADBE Vector Shape - Group","hd":false},{"ty":"fl","c":{"a":0,"k":[1,1,1,1],"ix":4},"o":{"a":0,"k":100,"ix":5},"r":1,"bm":0,"nm":"填充 1","mn":"ADBE Vector Graphic - Fill","hd":false},{"ty":"st","c":{"a":0,"k":[0.098040008545,0.098040008545,0.098040008545,1],"ix":3},"o":{"a":0,"k":100,"ix":4},"w":{"a":0,"k":0.01,"ix":5},"lc":1,"lj":1,"ml":4,"bm":0,"nm":"描边 1","mn":"ADBE Vector Graphic - Stroke","hd":false},{"ty":"tr","p":{"a":0,"k":[0,0],"ix":2},"a":{"a":0,"k":[0,0],"ix":1},"s":{"a":0,"k":[100,100],"ix":3},"r":{"a":0,"k":0,"ix":6},"o":{"a":0,"k":100,"ix":7},"sk":{"a":0,"k":0,"ix":4},"sa":{"a":0,"k":0,"ix":5},"nm":"变换"}],"nm":"r","np":3,"cix":2,"bm":0,"ix":7,"mn":"ADBE Vector Group","hd":false},{"ty":"gr","it":[{"ind":0,"ty":"sh","ix":1,"ks":{"a":0,"k":{"i":[[0,0],[0,0],[0,0],[0,0]],"o":[[0,0],[0,0],[0,0],[0,0]],"v":[[113.25,0],[116.109,0],[116.109,-16.656],[113.25,-16.656]],"c":true},"ix":2},"nm":"í","mn":"ADBE Vector Shape - Group","hd":false},{"ind":1,"ty":"sh","ix":2,"ks":{"a":0,"k":{"i":[[0,0],[0,0],[0,0],[0,0]],"o":[[0,0],[0,0],[0,0],[0,0]],"v":[[114.766,-23.469],[111.906,-18.953],[114.062,-18.953],[118.234,-23.469]],"c":true},"ix":2},"nm":"í","mn":"ADBE Vector Shape - Group","hd":false},{"ty":"mm","mm":1,"nm":"合并路径 1","mn":"ADBE Vector Filter - Merge","hd":false},{"ty":"fl","c":{"a":0,"k":[1,1,1,1],"ix":4},"o":{"a":0,"k":100,"ix":5},"r":1,"bm":0,"nm":"填充 1","mn":"ADBE Vector Graphic - Fill","hd":false},{"ty":"st","c":{"a":0,"k":[0.098040008545,0.098040008545,0.098040008545,1],"ix":3},"o":{"a":0,"k":100,"ix":4},"w":{"a":0,"k":0.01,"ix":5},"lc":1,"lj":1,"ml":4,"bm":0,"nm":"描边 1","mn":"ADBE Vector Graphic - Stroke","hd":false},{"ty":"tr","p":{"a":0,"k":[0,0],"ix":2},"a":{"a":0,"k":[0,0],"ix":1},"s":{"a":0,"k":[100,100],"ix":3},"r":{"a":0,"k":0,"ix":6},"o":{"a":0,"k":100,"ix":7},"sk":{"a":0,"k":0,"ix":4},"sa":{"a":0,"k":0,"ix":5},"nm":"变换"}],"nm":"í","np":5,"cix":2,"bm":0,"ix":8,"mn":"ADBE Vector Group","hd":false},{"ty":"gr","it":[{"ind":0,"ty":"sh","ix":1,"ks":{"a":0,"k":{"i":[[0,0.811],[-0.87,0.489],[-1.019,0.135],[0,0],[-0.541,0.146],[-0.343,0.219],[0,0],[1.562,-0.759],[0.99,0],[0.594,0.468]],"o":[[0,-1.07],[0.513,-0.291],[0,0],[0.52,-0.062],[0.541,-0.146],[0,0],[0,1.727],[-0.927,0.458],[-0.812,0],[-0.594,-0.468]],"v":[[123.406,-4.447],[124.711,-6.785],[127.009,-7.425],[128.709,-7.643],[130.3,-7.956],[131.625,-8.505],[131.625,-6.243],[129.281,-2.514],[126.406,-1.828],[124.297,-2.53]],"c":true},"ix":2},"nm":"a","mn":"ADBE Vector Shape - Group","hd":false},{"ind":1,"ty":"sh","ix":2,"ks":{"a":0,"k":{"i":[[0,0],[0.969,-0.853],[0,-1.55],[-0.984,-0.941],[-1.552,0],[-1.073,0.552],[-0.573,0.75],[-0.229,-0.365],[-0.969,0],[-0.229,0.031],[-0.438,0.125],[0,0],[0.156,-0.016],[0.125,0],[0.12,0.177],[0,0.292],[0,0],[1.217,0.75],[1.966,0],[1.285,-0.81],[0.052,-2.068],[0,0],[-0.343,0.44],[-1.466,0],[-0.681,-0.434],[0,-0.962],[0.125,-0.251],[0.646,-0.083]],"o":[[-1.573,0.198],[-0.969,0.853],[0,1.415],[0.984,0.941],[1.292,0],[1.073,-0.552],[0.094,0.667],[0.438,0.687],[0.396,0],[0.229,-0.031],[0,0],[-0.177,0.031],[-0.156,0.016],[-0.385,0],[-0.12,-0.177],[0,0],[0,-1.583],[-1.228,-0.75],[-1.696,0],[-1.285,0.81],[0,0],[0.104,-0.869],[0.613,-0.795],[1.268,0],[0.681,0.434],[0,0.471],[-0.219,0.458],[0,0]],"v":[[125.734,-9.566],[121.922,-7.989],[120.469,-4.385],[121.945,-0.85],[125.75,0.562],[129.297,-0.265],[131.766,-2.218],[132.25,-0.672],[134.359,0.359],[135.297,0.312],[136.297,0.078],[136.297,-2],[135.797,-1.93],[135.375,-1.906],[134.617,-2.171],[134.438,-2.874],[134.438,-12.515],[132.612,-16.016],[127.82,-17.141],[123.349,-15.926],[121.344,-11.609],[123.969,-11.609],[124.639,-13.572],[127.758,-14.766],[130.682,-14.115],[131.703,-12.021],[131.516,-10.938],[130.219,-10.127]],"c":true},"ix":2},"nm":"a","mn":"ADBE Vector Shape - Group","hd":false},{"ty":"mm","mm":1,"nm":"合并路径 1","mn":"ADBE Vector Filter - Merge","hd":false},{"ty":"fl","c":{"a":0,"k":[1,1,1,1],"ix":4},"o":{"a":0,"k":100,"ix":5},"r":1,"bm":0,"nm":"填充 1","mn":"ADBE Vector Graphic - Fill","hd":false},{"ty":"st","c":{"a":0,"k":[0.098040008545,0.098040008545,0.098040008545,1],"ix":3},"o":{"a":0,"k":100,"ix":4},"w":{"a":0,"k":0.01,"ix":5},"lc":1,"lj":1,"ml":4,"bm":0,"nm":"描边 1","mn":"ADBE Vector Graphic - Stroke","hd":false},{"ty":"tr","p":{"a":0,"k":[0,0],"ix":2},"a":{"a":0,"k":[0,0],"ix":1},"s":{"a":0,"k":[100,100],"ix":3},"r":{"a":0,"k":0,"ix":6},"o":{"a":0,"k":100,"ix":7},"sk":{"a":0,"k":0,"ix":4},"sa":{"a":0,"k":0,"ix":5},"nm":"变换"}],"nm":"a","np":5,"cix":2,"bm":0,"ix":9,"mn":"ADBE Vector Group","hd":false},{"ty":"gr","it":[{"ind":0,"ty":"sh","ix":1,"ks":{"a":0,"k":{"i":[[0,0],[0,0],[0,0],[0,0]],"o":[[0,0],[0,0],[0,0],[0,0]],"v":[[149.422,-13.109],[152.688,-13.109],[152.688,-16.516],[149.422,-16.516]],"c":true},"ix":2},"nm":":","mn":"ADBE Vector Shape - Group","hd":false},{"ind":1,"ty":"sh","ix":2,"ks":{"a":0,"k":{"i":[[0,0],[0,0],[0,0],[0,0]],"o":[[0,0],[0,0],[0,0],[0,0]],"v":[[149.422,0],[152.688,0],[152.688,-3.406],[149.422,-3.406]],"c":true},"ix":2},"nm":":","mn":"ADBE Vector Shape - Group","hd":false},{"ty":"mm","mm":1,"nm":"合并路径 1","mn":"ADBE Vector Filter - Merge","hd":false},{"ty":"fl","c":{"a":0,"k":[1,1,1,1],"ix":4},"o":{"a":0,"k":100,"ix":5},"r":1,"bm":0,"nm":"填充 1","mn":"ADBE Vector Graphic - Fill","hd":false},{"ty":"st","c":{"a":0,"k":[0.098040008545,0.098040008545,0.098040008545,1],"ix":3},"o":{"a":0,"k":100,"ix":4},"w":{"a":0,"k":0.01,"ix":5},"lc":1,"lj":1,"ml":4,"bm":0,"nm":"描边 1","mn":"ADBE Vector Graphic - Stroke","hd":false},{"ty":"tr","p":{"a":0,"k":[0,0],"ix":2},"a":{"a":0,"k":[0,0],"ix":1},"s":{"a":0,"k":[100,100],"ix":3},"r":{"a":0,"k":0,"ix":6},"o":{"a":0,"k":100,"ix":7},"sk":{"a":0,"k":0,"ix":4},"sa":{"a":0,"k":0,"ix":5},"nm":"变换"}],"nm":":","np":5,"cix":2,"bm":0,"ix":10,"mn":"ADBE Vector Group","hd":false}],"ip":150,"op":371,"st":-30,"bm":0},{"ddd":0,"ind":58,"ty":4,"nm":"“EL SECRETO”轮廓","sr":1,"ks":{"o":{"a":1,"k":[{"i":{"x":[0.833],"y":[0.833]},"o":{"x":[0.167],"y":[0.167]},"t":0,"s":[0]},{"i":{"x":[0.833],"y":[0.833]},"o":{"x":[0.167],"y":[0.167]},"t":20,"s":[100]},{"i":{"x":[0.833],"y":[0.833]},"o":{"x":[0.167],"y":[0.167]},"t":60,"s":[100]},{"i":{"x":[0.833],"y":[0.833]},"o":{"x":[0.167],"y":[0.167]},"t":70,"s":[0]},{"i":{"x":[0.833],"y":[0.833]},"o":{"x":[0.167],"y":[0.167]},"t":170,"s":[100]},{"t":179,"s":[0]}],"ix":11},"r":{"a":0,"k":0,"ix":10},"p":{"a":0,"k":[46,556,0],"ix":2},"a":{"a":0,"k":[0,0,0],"ix":1},"s":{"a":0,"k":[100,100,100],"ix":6}},"ao":0,"hasMask":true,"masksProperties":[{"inv":false,"mode":"a","pt":{"a":1,"k":[{"i":{"x":0.667,"y":1},"o":{"x":0.333,"y":0},"t":0,"s":[{"i":[[0,0],[0,0],[0,0],[0,0]],"o":[[0,0],[0,0],[0,0],[0,0]],"v":[[-48,-101],[-365.648,-101],[-365.648,48.859],[-48,48.859]],"c":true}]},{"i":{"x":0.667,"y":1},"o":{"x":0.333,"y":0},"t":20,"s":[{"i":[[0,0],[0,0],[0,0],[0,0]],"o":[[0,0],[0,0],[0,0],[0,0]],"v":[[520,-101],[-42.648,-101],[-42.648,48.859],[520,48.859]],"c":true}]},{"i":{"x":0.667,"y":1},"o":{"x":0.333,"y":0},"t":170,"s":[{"i":[[0,0],[0,0],[0,0],[0,0]],"o":[[0,0],[0,0],[0,0],[0,0]],"v":[[520,-101],[-42.648,-101],[-42.648,48.859],[520,48.859]],"c":true}]},{"t":179,"s":[{"i":[[0,0],[0,0],[0,0],[0,0]],"o":[[0,0],[0,0],[0,0],[0,0]],"v":[[587,-102],[269.352,-102],[269.352,47.859],[587,47.859]],"c":true}]}],"ix":1},"o":{"a":0,"k":100,"ix":3},"x":{"a":0,"k":0,"ix":4},"nm":"蒙版 1"}],"shapes":[{"ty":"gr","it":[{"ind":0,"ty":"sh","ix":1,"ks":{"a":0,"k":{"i":[[0,0],[0,0],[0,0],[0,0],[0,0],[0,0],[0,0],[0,0],[0,0],[0,0],[0,0],[0,0]],"o":[[0,0],[0,0],[0,0],[0,0],[0,0],[0,0],[0,0],[0,0],[0,0],[0,0],[0,0],[0,0]],"v":[[6.409,0],[45.996,0],[45.996,-6.409],[13.513,-6.409],[13.513,-24.646],[43.03,-24.646],[43.03,-30.872],[13.513,-30.872],[13.513,-47.205],[45.447,-47.205],[45.447,-53.796],[6.409,-53.796]],"c":true},"ix":2},"nm":"E","mn":"ADBE Vector Shape - Group","hd":false},{"ty":"fl","c":{"a":0,"k":[0.596079987171,0.596079987171,0.596079987171,1],"ix":4},"o":{"a":0,"k":100,"ix":5},"r":1,"bm":0,"nm":"填充 1","mn":"ADBE Vector Graphic - Fill","hd":false},{"ty":"tr","p":{"a":0,"k":[0,0],"ix":2},"a":{"a":0,"k":[0,0],"ix":1},"s":{"a":0,"k":[100,100],"ix":3},"r":{"a":0,"k":0,"ix":6},"o":{"a":0,"k":100,"ix":7},"sk":{"a":0,"k":0,"ix":4},"sa":{"a":0,"k":0,"ix":5},"nm":"变换"}],"nm":"E","np":3,"cix":2,"bm":0,"ix":1,"mn":"ADBE Vector Group","hd":false},{"ty":"gr","it":[{"ind":0,"ty":"sh","ix":1,"ks":{"a":0,"k":{"i":[[0,0],[0,0],[0,0],[0,0],[0,0],[0,0]],"o":[[0,0],[0,0],[0,0],[0,0],[0,0],[0,0]],"v":[[55.737,0],[90.015,0],[90.015,-6.409],[63.025,-6.409],[63.025,-53.796],[55.737,-53.796]],"c":true},"ix":2},"nm":"L","mn":"ADBE Vector Shape - Group","hd":false},{"ty":"fl","c":{"a":0,"k":[0.596079987171,0.596079987171,0.596079987171,1],"ix":4},"o":{"a":0,"k":100,"ix":5},"r":1,"bm":0,"nm":"填充 1","mn":"ADBE Vector Graphic - Fill","hd":false},{"ty":"tr","p":{"a":0,"k":[0,0],"ix":2},"a":{"a":0,"k":[0,0],"ix":1},"s":{"a":0,"k":[100,100],"ix":3},"r":{"a":0,"k":0,"ix":6},"o":{"a":0,"k":100,"ix":7},"sk":{"a":0,"k":0,"ix":4},"sa":{"a":0,"k":0,"ix":5},"nm":"变换"}],"nm":"L","np":3,"cix":2,"bm":0,"ix":2,"mn":"ADBE Vector Group","hd":false},{"ty":"gr","it":[{"ind":0,"ty":"sh","ix":1,"ks":{"a":0,"k":{"i":[[0,0],[-3.692,-3.393],[-6.524,0],[-4.226,2.563],[0,5.957],[3.312,2.515],[3.525,0.83],[0,0],[1.396,0.782],[0,2.637],[-1.802,1.807],[-4.12,0],[-2.13,-2.807],[-0.351,-2.88],[0,0],[3.837,2.723],[5.488,0],[3.255,-3.1],[0,-4.834],[-3.311,-2.246],[-4.612,-1.074],[0,0],[-1.798,-1.221],[0,-2.93],[4.186,-1.513],[2.634,0],[2.328,3.565],[0.165,3.052]],"o":[[-0.073,5.811],[3.69,3.418],[5.595,0],[4.226,-2.563],[0,-4.785],[-1.916,-1.44],[0,0],[-4.92,-1.172],[-2.129,-1.221],[0,-2.392],[1.802,-1.806],[5.102,0],[1.147,1.538],[0,0],[0,-5.981],[-3.837,-2.722],[-5.964,0],[-3.255,3.101],[0,4.468],[1.916,1.294],[0,0],[3.831,0.904],[1.774,1.245],[0,3.906],[-2.164,0.782],[-5.879,0],[-1.223,-1.904],[0,0]],"v":[[116.199,-17.358],[121.627,-3.552],[136.949,1.575],[151.681,-2.271],[158.02,-15.051],[153.052,-26.001],[144.891,-29.407],[137.582,-31.128],[128.108,-34.058],[124.915,-39.844],[127.618,-46.143],[136.501,-48.853],[147.35,-44.641],[149.597,-38.013],[156.445,-38.013],[150.69,-51.068],[136.703,-55.151],[122.875,-50.5],[117.993,-38.599],[122.96,-28.528],[132.751,-24.976],[139.811,-23.328],[148.255,-20.142],[150.916,-13.879],[144.636,-5.75],[137.44,-4.578],[125.128,-9.924],[123.047,-17.358]],"c":true},"ix":2},"nm":"S","mn":"ADBE Vector Shape - Group","hd":false},{"ty":"fl","c":{"a":0,"k":[0.596079987171,0.596079987171,0.596079987171,1],"ix":4},"o":{"a":0,"k":100,"ix":5},"r":1,"bm":0,"nm":"填充 1","mn":"ADBE Vector Graphic - Fill","hd":false},{"ty":"tr","p":{"a":0,"k":[0,0],"ix":2},"a":{"a":0,"k":[0,0],"ix":1},"s":{"a":0,"k":[100,100],"ix":3},"r":{"a":0,"k":0,"ix":6},"o":{"a":0,"k":100,"ix":7},"sk":{"a":0,"k":0,"ix":4},"sa":{"a":0,"k":0,"ix":5},"nm":"变换"}],"nm":"S","np":3,"cix":2,"bm":0,"ix":3,"mn":"ADBE Vector Group","hd":false},{"ty":"gr","it":[{"ind":0,"ty":"sh","ix":1,"ks":{"a":0,"k":{"i":[[0,0],[0,0],[0,0],[0,0],[0,0],[0,0],[0,0],[0,0],[0,0],[0,0],[0,0],[0,0]],"o":[[0,0],[0,0],[0,0],[0,0],[0,0],[0,0],[0,0],[0,0],[0,0],[0,0],[0,0],[0,0]],"v":[[169.006,0],[208.594,0],[208.594,-6.409],[176.111,-6.409],[176.111,-24.646],[205.627,-24.646],[205.627,-30.872],[176.111,-30.872],[176.111,-47.205],[208.044,-47.205],[208.044,-53.796],[169.006,-53.796]],"c":true},"ix":2},"nm":"E","mn":"ADBE Vector Shape - Group","hd":false},{"ty":"fl","c":{"a":0,"k":[0.596079987171,0.596079987171,0.596079987171,1],"ix":4},"o":{"a":0,"k":100,"ix":5},"r":1,"bm":0,"nm":"填充 1","mn":"ADBE Vector Graphic - Fill","hd":false},{"ty":"tr","p":{"a":0,"k":[0,0],"ix":2},"a":{"a":0,"k":[0,0],"ix":1},"s":{"a":0,"k":[100,100],"ix":3},"r":{"a":0,"k":0,"ix":6},"o":{"a":0,"k":100,"ix":7},"sk":{"a":0,"k":0,"ix":4},"sa":{"a":0,"k":0,"ix":5},"nm":"变换"}],"nm":"E","np":3,"cix":2,"bm":0,"ix":4,"mn":"ADBE Vector Group","hd":false},{"ty":"gr","it":[{"ind":0,"ty":"sh","ix":1,"ks":{"a":0,"k":{"i":[[6.732,0],[4.488,-5.521],[0,-7.939],[-5.526,-5.008],[-6.178,0],[-4.223,4.614],[-0.628,5.664],[0,0],[1.463,-2.173],[5.276,0],[2.89,3.922],[0,6.305],[-3.201,3.726],[-5.203,0],[-2.362,-2.026],[-0.791,-3.466],[0,0],[3.716,3.589]],"o":[[-7.891,0],[-4.151,5.082],[0,10.456],[4.199,3.787],[7.167,0],[3.523,-3.833],[0,0],[-0.72,3.54],[-2.758,4.126],[-5.732,0],[-2.89,-3.922],[0,-7.697],[3.201,-3.726],[4.268,0],[2.361,2.027],[0,0],[-0.41,-4.565],[-3.716,-3.589]],"v":[[240.712,-55.261],[222.144,-46.98],[215.918,-27.448],[224.207,-4.251],[239.773,1.428],[256.86,-5.493],[263.086,-19.739],[255.981,-19.739],[252.708,-11.169],[240.656,-4.98],[227.724,-10.863],[223.389,-26.202],[228.189,-43.336],[240.795,-48.926],[250.739,-45.886],[255.469,-37.646],[262.573,-37.646],[256.384,-49.878]],"c":true},"ix":2},"nm":"C","mn":"ADBE Vector Shape - Group","hd":false},{"ty":"fl","c":{"a":0,"k":[0.596079987171,0.596079987171,0.596079987171,1],"ix":4},"o":{"a":0,"k":100,"ix":5},"r":1,"bm":0,"nm":"填充 1","mn":"ADBE Vector Graphic - Fill","hd":false},{"ty":"tr","p":{"a":0,"k":[0,0],"ix":2},"a":{"a":0,"k":[0,0],"ix":1},"s":{"a":0,"k":[100,100],"ix":3},"r":{"a":0,"k":0,"ix":6},"o":{"a":0,"k":100,"ix":7},"sk":{"a":0,"k":0,"ix":4},"sa":{"a":0,"k":0,"ix":5},"nm":"变换"}],"nm":"C","np":3,"cix":2,"bm":0,"ix":5,"mn":"ADBE Vector Group","hd":false},{"ty":"gr","it":[{"ind":0,"ty":"sh","ix":1,"ks":{"a":0,"k":{"i":[[0,0],[0,0],[0,0],[-1.449,-0.732],[0,-3.833],[1.935,-1.367],[3.323,0]],"o":[[0,0],[0,0],[2.422,0],[2.707,1.392],[0,3.565],[-1.935,1.368],[0,0]],"v":[[280.664,-29.15],[280.664,-47.534],[297.972,-47.534],[303.777,-46.436],[307.837,-38.599],[304.934,-31.201],[297.046,-29.15]],"c":true},"ix":2},"nm":"R","mn":"ADBE Vector Shape - Group","hd":false},{"ind":1,"ty":"sh","ix":2,"ks":{"a":0,"k":{"i":[[0,0],[0,0],[0,0],[0,0],[-1.353,-0.659],[-0.166,-3.516],[0,0],[-0.146,-0.732],[-0.244,-0.463],[0,0],[0,0],[0.439,1.709],[0.073,2.051],[0,0],[1.062,1.392],[2.099,0.855],[-1.331,2.051],[0,3.223],[4.962,2.295],[4.027,0],[0,0]],"o":[[0,0],[0,0],[0,0],[2.894,0],[2.372,1.196],[0,0],[0.097,2.1],[0.146,0.732],[0,0],[0,0],[-1.123,-0.488],[-0.269,-1.001],[0,0],[-0.122,-3.125],[-1.062,-1.392],[2.392,-1.245],[1.33,-2.051],[0,-6.176],[-2.613,-1.196],[0,0],[0,0]],"v":[[273.376,0],[280.664,0],[280.664,-23.071],[296.782,-23.071],[303.151,-22.083],[306.958,-15.015],[307.397,-6.042],[307.764,-1.794],[308.35,0],[317.285,0],[317.285,-1.208],[314.941,-4.504],[314.429,-9.082],[314.172,-16.296],[312.396,-23.071],[307.654,-26.44],[313.239,-31.384],[315.234,-39.294],[307.791,-52.002],[297.83,-53.796],[273.376,-53.796]],"c":true},"ix":2},"nm":"R","mn":"ADBE Vector Shape - Group","hd":false},{"ty":"mm","mm":1,"nm":"合并路径 1","mn":"ADBE Vector Filter - Merge","hd":false},{"ty":"fl","c":{"a":0,"k":[0.596079987171,0.596079987171,0.596079987171,1],"ix":4},"o":{"a":0,"k":100,"ix":5},"r":1,"bm":0,"nm":"填充 1","mn":"ADBE Vector Graphic - Fill","hd":false},{"ty":"tr","p":{"a":0,"k":[0,0],"ix":2},"a":{"a":0,"k":[0,0],"ix":1},"s":{"a":0,"k":[100,100],"ix":3},"r":{"a":0,"k":0,"ix":6},"o":{"a":0,"k":100,"ix":7},"sk":{"a":0,"k":0,"ix":4},"sa":{"a":0,"k":0,"ix":5},"nm":"变换"}],"nm":"R","np":5,"cix":2,"bm":0,"ix":6,"mn":"ADBE Vector Group","hd":false},{"ty":"gr","it":[{"ind":0,"ty":"sh","ix":1,"ks":{"a":0,"k":{"i":[[0,0],[0,0],[0,0],[0,0],[0,0],[0,0],[0,0],[0,0],[0,0],[0,0],[0,0],[0,0]],"o":[[0,0],[0,0],[0,0],[0,0],[0,0],[0,0],[0,0],[0,0],[0,0],[0,0],[0,0],[0,0]],"v":[[327.356,0],[366.943,0],[366.943,-6.409],[334.46,-6.409],[334.46,-24.646],[363.977,-24.646],[363.977,-30.872],[334.46,-30.872],[334.46,-47.205],[366.394,-47.205],[366.394,-53.796],[327.356,-53.796]],"c":true},"ix":2},"nm":"E","mn":"ADBE Vector Shape - Group","hd":false},{"ty":"fl","c":{"a":0,"k":[0.596079987171,0.596079987171,0.596079987171,1],"ix":4},"o":{"a":0,"k":100,"ix":5},"r":1,"bm":0,"nm":"填充 1","mn":"ADBE Vector Graphic - Fill","hd":false},{"ty":"tr","p":{"a":0,"k":[0,0],"ix":2},"a":{"a":0,"k":[0,0],"ix":1},"s":{"a":0,"k":[100,100],"ix":3},"r":{"a":0,"k":0,"ix":6},"o":{"a":0,"k":100,"ix":7},"sk":{"a":0,"k":0,"ix":4},"sa":{"a":0,"k":0,"ix":5},"nm":"变换"}],"nm":"E","np":3,"cix":2,"bm":0,"ix":7,"mn":"ADBE Vector Group","hd":false},{"ty":"gr","it":[{"ind":0,"ty":"sh","ix":1,"ks":{"a":0,"k":{"i":[[0,0],[0,0],[0,0],[0,0],[0,0],[0,0],[0,0],[0,0]],"o":[[0,0],[0,0],[0,0],[0,0],[0,0],[0,0],[0,0],[0,0]],"v":[[372.18,-53.796],[372.18,-47.388],[390.308,-47.388],[390.308,0],[397.668,0],[397.668,-47.388],[415.796,-47.388],[415.796,-53.796]],"c":true},"ix":2},"nm":"T","mn":"ADBE Vector Shape - Group","hd":false},{"ty":"fl","c":{"a":0,"k":[0.596079987171,0.596079987171,0.596079987171,1],"ix":4},"o":{"a":0,"k":100,"ix":5},"r":1,"bm":0,"nm":"填充 1","mn":"ADBE Vector Graphic - Fill","hd":false},{"ty":"tr","p":{"a":0,"k":[0,0],"ix":2},"a":{"a":0,"k":[0,0],"ix":1},"s":{"a":0,"k":[100,100],"ix":3},"r":{"a":0,"k":0,"ix":6},"o":{"a":0,"k":100,"ix":7},"sk":{"a":0,"k":0,"ix":4},"sa":{"a":0,"k":0,"ix":5},"nm":"变换"}],"nm":"T","np":3,"cix":2,"bm":0,"ix":8,"mn":"ADBE Vector Group","hd":false},{"ty":"gr","it":[{"ind":0,"ty":"sh","ix":1,"ks":{"a":0,"k":{"i":[[9.497,0],[4.638,-6.64],[0,-7.275],[-4.224,-5.273],[-8.276,0],[-4.785,6.25],[0,8.033],[3.564,4.761]],"o":[[-9.082,0],[-3.613,5.176],[0,8.057],[4.736,5.469],[8.862,0],[4.077,-5.322],[0,-7.421],[-4.566,-6.103]],"v":[[445.715,-55.261],[425.134,-45.3],[419.714,-26.624],[426.05,-6.628],[445.569,1.575],[466.04,-7.8],[472.156,-27.832],[466.809,-46.106]],"c":true},"ix":2},"nm":"O","mn":"ADBE Vector Shape - Group","hd":false},{"ind":1,"ty":"sh","ix":2,"ks":{"a":0,"k":{"i":[[6.421,0],[3.015,4.093],[0,5.962],[-3.516,3.824],[-5.566,0],[-3.308,-3.861],[0,-6.329],[2.868,-4.606]],"o":[[-6.763,0],[-3.016,-4.092],[0,-7.452],[3.516,-3.824],[5.737,0],[3.308,3.861],[0,5.986],[-2.869,4.606]],"v":[[446.448,-4.907],[431.781,-11.046],[427.258,-26.129],[432.532,-43.043],[446.155,-48.779],[459.723,-42.988],[464.685,-27.704],[460.382,-11.816]],"c":true},"ix":2},"nm":"O","mn":"ADBE Vector Shape - Group","hd":false},{"ty":"mm","mm":1,"nm":"合并路径 1","mn":"ADBE Vector Filter - Merge","hd":false},{"ty":"fl","c":{"a":0,"k":[0.596079987171,0.596079987171,0.596079987171,1],"ix":4},"o":{"a":0,"k":100,"ix":5},"r":1,"bm":0,"nm":"填充 1","mn":"ADBE Vector Graphic - Fill","hd":false},{"ty":"tr","p":{"a":0,"k":[0,0],"ix":2},"a":{"a":0,"k":[0,0],"ix":1},"s":{"a":0,"k":[100,100],"ix":3},"r":{"a":0,"k":0,"ix":6},"o":{"a":0,"k":100,"ix":7},"sk":{"a":0,"k":0,"ix":4},"sa":{"a":0,"k":0,"ix":5},"nm":"变换"}],"nm":"O","np":5,"cix":2,"bm":0,"ix":9,"mn":"ADBE Vector Group","hd":false}],"ip":0,"op":75,"st":0,"bm":0},{"ddd":0,"ind":60,"ty":4,"nm":"“EN MI PALMA”轮廓","sr":1,"ks":{"o":{"a":1,"k":[{"i":{"x":[0.833],"y":[0.833]},"o":{"x":[0.167],"y":[0.167]},"t":10,"s":[0]},{"i":{"x":[0.833],"y":[0.833]},"o":{"x":[0.167],"y":[0.167]},"t":30,"s":[100]},{"i":{"x":[0.833],"y":[0.833]},"o":{"x":[0.167],"y":[0.167]},"t":60,"s":[100]},{"i":{"x":[0.833],"y":[0.833]},"o":{"x":[0.167],"y":[0.167]},"t":70,"s":[0]},{"i":{"x":[0.833],"y":[0.833]},"o":{"x":[0.167],"y":[0.167]},"t":180,"s":[100]},{"t":189,"s":[0]}],"ix":11},"r":{"a":0,"k":0,"ix":10},"p":{"a":0,"k":[46,664,0],"ix":2},"a":{"a":0,"k":[0,0,0],"ix":1},"s":{"a":0,"k":[100,100,100],"ix":6}},"ao":0,"hasMask":true,"masksProperties":[{"inv":false,"mode":"a","pt":{"a":1,"k":[{"i":{"x":0.667,"y":1},"o":{"x":0.333,"y":0},"t":10,"s":[{"i":[[0,0],[0,0],[0,0],[0,0]],"o":[[0,0],[0,0],[0,0],[0,0]],"v":[[-48,-101],[-365.648,-101],[-365.648,48.859],[-48,48.859]],"c":true}]},{"i":{"x":0.667,"y":1},"o":{"x":0.333,"y":0},"t":30,"s":[{"i":[[0,0],[0,0],[0,0],[0,0]],"o":[[0,0],[0,0],[0,0],[0,0]],"v":[[520,-101],[-42.648,-101],[-42.648,48.859],[520,48.859]],"c":true}]},{"i":{"x":0.667,"y":1},"o":{"x":0.333,"y":0},"t":180,"s":[{"i":[[0,0],[0,0],[0,0],[0,0]],"o":[[0,0],[0,0],[0,0],[0,0]],"v":[[520,-101],[-42.648,-101],[-42.648,48.859],[520,48.859]],"c":true}]},{"t":189,"s":[{"i":[[0,0],[0,0],[0,0],[0,0]],"o":[[0,0],[0,0],[0,0],[0,0]],"v":[[587,-102],[269.352,-102],[269.352,47.859],[587,47.859]],"c":true}]}],"ix":1},"o":{"a":0,"k":100,"ix":3},"x":{"a":0,"k":0,"ix":4},"nm":"蒙版 1"}],"shapes":[{"ty":"gr","it":[{"ind":0,"ty":"sh","ix":1,"ks":{"a":0,"k":{"i":[[0,0],[0,0],[0,0],[0,0],[0,0],[0,0],[0,0],[0,0],[0,0],[0,0],[0,0],[0,0]],"o":[[0,0],[0,0],[0,0],[0,0],[0,0],[0,0],[0,0],[0,0],[0,0],[0,0],[0,0],[0,0]],"v":[[6.409,0],[45.996,0],[45.996,-6.409],[13.513,-6.409],[13.513,-24.646],[43.03,-24.646],[43.03,-30.872],[13.513,-30.872],[13.513,-47.205],[45.447,-47.205],[45.447,-53.796],[6.409,-53.796]],"c":true},"ix":2},"nm":"E","mn":"ADBE Vector Shape - Group","hd":false},{"ty":"fl","c":{"a":0,"k":[0.596079987171,0.596079987171,0.596079987171,1],"ix":4},"o":{"a":0,"k":100,"ix":5},"r":1,"bm":0,"nm":"填充 1","mn":"ADBE Vector Graphic - Fill","hd":false},{"ty":"tr","p":{"a":0,"k":[0,0],"ix":2},"a":{"a":0,"k":[0,0],"ix":1},"s":{"a":0,"k":[100,100],"ix":3},"r":{"a":0,"k":0,"ix":6},"o":{"a":0,"k":100,"ix":7},"sk":{"a":0,"k":0,"ix":4},"sa":{"a":0,"k":0,"ix":5},"nm":"变换"}],"nm":"E","np":3,"cix":2,"bm":0,"ix":1,"mn":"ADBE Vector Group","hd":false},{"ty":"gr","it":[{"ind":0,"ty":"sh","ix":1,"ks":{"a":0,"k":{"i":[[0,0],[0,0],[0,0],[0,0],[0,0],[0,0],[0,0],[0,0],[0,0],[0,0]],"o":[[0,0],[0,0],[0,0],[0,0],[0,0],[0,0],[0,0],[0,0],[0,0],[0,0]],"v":[[55.737,0],[62.695,0],[62.695,-43.414],[89.921,0],[98.108,0],[98.108,-53.796],[91.15,-53.796],[91.15,-10.331],[64.322,-53.796],[55.737,-53.796]],"c":true},"ix":2},"nm":"N","mn":"ADBE Vector Shape - Group","hd":false},{"ty":"fl","c":{"a":0,"k":[0.596079987171,0.596079987171,0.596079987171,1],"ix":4},"o":{"a":0,"k":100,"ix":5},"r":1,"bm":0,"nm":"填充 1","mn":"ADBE Vector Graphic - Fill","hd":false},{"ty":"tr","p":{"a":0,"k":[0,0],"ix":2},"a":{"a":0,"k":[0,0],"ix":1},"s":{"a":0,"k":[100,100],"ix":3},"r":{"a":0,"k":0,"ix":6},"o":{"a":0,"k":100,"ix":7},"sk":{"a":0,"k":0,"ix":4},"sa":{"a":0,"k":0,"ix":5},"nm":"变换"}],"nm":"N","np":3,"cix":2,"bm":0,"ix":2,"mn":"ADBE Vector Group","hd":false},{"ty":"gr","it":[{"ind":0,"ty":"sh","ix":1,"ks":{"a":0,"k":{"i":[[0,0],[0,0],[0,0],[0.073,2.698],[0,1.318],[0,0],[0,0],[0,0],[0,0],[0.049,-2.539],[0,-1.099],[0,0],[0,0],[0,0],[0,0],[0,0],[0,0],[0,0]],"o":[[0,0],[0,0],[0,-1.269],[-0.073,-2.697],[0,0],[0,0],[0,0],[0,0],[0,2.906],[-0.049,2.539],[0,0],[0,0],[0,0],[0,0],[0,0],[0,0],[0,0],[0,0]],"v":[[130.554,0],[137.512,0],[137.512,-31.75],[137.402,-37.701],[137.292,-43.726],[137.292,-45.374],[152.798,0],[160.019,0],[175.378,-45.374],[175.305,-37.207],[175.232,-31.75],[175.232,0],[182.19,0],[182.19,-53.796],[171.823,-53.796],[156.464,-8.313],[140.995,-53.796],[130.554,-53.796]],"c":true},"ix":2},"nm":"M","mn":"ADBE Vector Shape - Group","hd":false},{"ty":"fl","c":{"a":0,"k":[0.596079987171,0.596079987171,0.596079987171,1],"ix":4},"o":{"a":0,"k":100,"ix":5},"r":1,"bm":0,"nm":"填充 1","mn":"ADBE Vector Graphic - Fill","hd":false},{"ty":"tr","p":{"a":0,"k":[0,0],"ix":2},"a":{"a":0,"k":[0,0],"ix":1},"s":{"a":0,"k":[100,100],"ix":3},"r":{"a":0,"k":0,"ix":6},"o":{"a":0,"k":100,"ix":7},"sk":{"a":0,"k":0,"ix":4},"sa":{"a":0,"k":0,"ix":5},"nm":"变换"}],"nm":"M","np":3,"cix":2,"bm":0,"ix":3,"mn":"ADBE Vector Group","hd":false},{"ty":"gr","it":[{"ind":0,"ty":"sh","ix":1,"ks":{"a":0,"k":{"i":[[0,0],[0,0],[0,0],[0,0]],"o":[[0,0],[0,0],[0,0],[0,0]],"v":[[194.861,0],[202.222,0],[202.222,-53.796],[194.861,-53.796]],"c":true},"ix":2},"nm":"I","mn":"ADBE Vector Shape - Group","hd":false},{"ty":"fl","c":{"a":0,"k":[0.596079987171,0.596079987171,0.596079987171,1],"ix":4},"o":{"a":0,"k":100,"ix":5},"r":1,"bm":0,"nm":"填充 1","mn":"ADBE Vector Graphic - Fill","hd":false},{"ty":"tr","p":{"a":0,"k":[0,0],"ix":2},"a":{"a":0,"k":[0,0],"ix":1},"s":{"a":0,"k":[100,100],"ix":3},"r":{"a":0,"k":0,"ix":6},"o":{"a":0,"k":100,"ix":7},"sk":{"a":0,"k":0,"ix":4},"sa":{"a":0,"k":0,"ix":5},"nm":"变换"}],"nm":"I","np":3,"cix":2,"bm":0,"ix":4,"mn":"ADBE Vector Group","hd":false},{"ty":"gr","it":[{"ind":0,"ty":"sh","ix":1,"ks":{"a":0,"k":{"i":[[0,0],[0,0],[0,0],[0,0],[-2.612,3.113],[0,4.199],[2.926,2.698],[4.758,0],[0,0]],"o":[[0,0],[0,0],[0,0],[5.381,0],[2.611,-3.113],[0,-4.883],[-2.926,-2.697],[0,0],[0,0]],"v":[[235.583,0],[242.871,0],[242.871,-22.742],[259.669,-22.742],[271.657,-27.411],[275.574,-38.379],[271.184,-49.75],[259.657,-53.796],[235.583,-53.796]],"c":true},"ix":2},"nm":"P","mn":"ADBE Vector Shape - Group","hd":false},{"ind":1,"ty":"sh","ix":2,"ks":{"a":0,"k":{"i":[[0,-3.955],[2.024,-1.392],[3.248,0],[0,0],[0,0],[0,0],[-1.6,-0.756]],"o":[[0,3.516],[-2.024,1.392],[0,0],[0,0],[0,0],[2.787,0],[2.909,1.416]],"v":[[268.213,-38.342],[265.177,-30.981],[257.269,-28.894],[242.871,-28.894],[242.871,-47.534],[257.269,-47.534],[263.85,-46.399]],"c":true},"ix":2},"nm":"P","mn":"ADBE Vector Shape - Group","hd":false},{"ty":"mm","mm":1,"nm":"合并路径 1","mn":"ADBE Vector Filter - Merge","hd":false},{"ty":"fl","c":{"a":0,"k":[0.596079987171,0.596079987171,0.596079987171,1],"ix":4},"o":{"a":0,"k":100,"ix":5},"r":1,"bm":0,"nm":"填充 1","mn":"ADBE Vector Graphic - Fill","hd":false},{"ty":"tr","p":{"a":0,"k":[0,0],"ix":2},"a":{"a":0,"k":[0,0],"ix":1},"s":{"a":0,"k":[100,100],"ix":3},"r":{"a":0,"k":0,"ix":6},"o":{"a":0,"k":100,"ix":7},"sk":{"a":0,"k":0,"ix":4},"sa":{"a":0,"k":0,"ix":5},"nm":"变换"}],"nm":"P","np":5,"cix":2,"bm":0,"ix":5,"mn":"ADBE Vector Group","hd":false},{"ty":"gr","it":[{"ind":0,"ty":"sh","ix":1,"ks":{"a":0,"k":{"i":[[0,0],[0,0],[0,0]],"o":[[0,0],[0,0],[0,0]],"v":[[295.679,-22.046],[304.358,-45.813],[312.524,-22.046]],"c":true},"ix":2},"nm":"A","mn":"ADBE Vector Shape - Group","hd":false},{"ind":1,"ty":"sh","ix":2,"ks":{"a":0,"k":{"i":[[0,0],[0,0],[0,0],[0,0],[0,0],[0,0],[0,0],[0,0]],"o":[[0,0],[0,0],[0,0],[0,0],[0,0],[0,0],[0,0],[0,0]],"v":[[280.298,0],[287.769,0],[293.591,-16.113],[314.868,-16.113],[320.325,0],[328.308,0],[308.789,-53.796],[300.549,-53.796]],"c":true},"ix":2},"nm":"A","mn":"ADBE Vector Shape - Group","hd":false},{"ty":"mm","mm":1,"nm":"合并路径 1","mn":"ADBE Vector Filter - Merge","hd":false},{"ty":"fl","c":{"a":0,"k":[0.596079987171,0.596079987171,0.596079987171,1],"ix":4},"o":{"a":0,"k":100,"ix":5},"r":1,"bm":0,"nm":"填充 1","mn":"ADBE Vector Graphic - Fill","hd":false},{"ty":"tr","p":{"a":0,"k":[0,0],"ix":2},"a":{"a":0,"k":[0,0],"ix":1},"s":{"a":0,"k":[100,100],"ix":3},"r":{"a":0,"k":0,"ix":6},"o":{"a":0,"k":100,"ix":7},"sk":{"a":0,"k":0,"ix":4},"sa":{"a":0,"k":0,"ix":5},"nm":"变换"}],"nm":"A","np":5,"cix":2,"bm":0,"ix":6,"mn":"ADBE Vector Group","hd":false},{"ty":"gr","it":[{"ind":0,"ty":"sh","ix":1,"ks":{"a":0,"k":{"i":[[0,0],[0,0],[0,0],[0,0],[0,0],[0,0]],"o":[[0,0],[0,0],[0,0],[0,0],[0,0],[0,0]],"v":[[334.937,0],[369.214,0],[369.214,-6.409],[342.224,-6.409],[342.224,-53.796],[334.937,-53.796]],"c":true},"ix":2},"nm":"L","mn":"ADBE Vector Shape - Group","hd":false},{"ty":"fl","c":{"a":0,"k":[0.596079987171,0.596079987171,0.596079987171,1],"ix":4},"o":{"a":0,"k":100,"ix":5},"r":1,"bm":0,"nm":"填充 1","mn":"ADBE Vector Graphic - Fill","hd":false},{"ty":"tr","p":{"a":0,"k":[0,0],"ix":2},"a":{"a":0,"k":[0,0],"ix":1},"s":{"a":0,"k":[100,100],"ix":3},"r":{"a":0,"k":0,"ix":6},"o":{"a":0,"k":100,"ix":7},"sk":{"a":0,"k":0,"ix":4},"sa":{"a":0,"k":0,"ix":5},"nm":"变换"}],"nm":"L","np":3,"cix":2,"bm":0,"ix":7,"mn":"ADBE Vector Group","hd":false},{"ty":"gr","it":[{"ind":0,"ty":"sh","ix":1,"ks":{"a":0,"k":{"i":[[0,0],[0,0],[0,0],[0.073,2.698],[0,1.318],[0,0],[0,0],[0,0],[0,0],[0.049,-2.539],[0,-1.099],[0,0],[0,0],[0,0],[0,0],[0,0],[0,0],[0,0]],"o":[[0,0],[0,0],[0,-1.269],[-0.073,-2.697],[0,0],[0,0],[0,0],[0,0],[0,2.906],[-0.049,2.539],[0,0],[0,0],[0,0],[0,0],[0,0],[0,0],[0,0],[0,0]],"v":[[376.465,0],[383.423,0],[383.423,-31.75],[383.313,-37.701],[383.203,-43.726],[383.203,-45.374],[398.709,0],[405.93,0],[421.289,-45.374],[421.216,-37.207],[421.143,-31.75],[421.143,0],[428.101,0],[428.101,-53.796],[417.733,-53.796],[402.374,-8.313],[386.905,-53.796],[376.465,-53.796]],"c":true},"ix":2},"nm":"M","mn":"ADBE Vector Shape - Group","hd":false},{"ty":"fl","c":{"a":0,"k":[0.596079987171,0.596079987171,0.596079987171,1],"ix":4},"o":{"a":0,"k":100,"ix":5},"r":1,"bm":0,"nm":"填充 1","mn":"ADBE Vector Graphic - Fill","hd":false},{"ty":"tr","p":{"a":0,"k":[0,0],"ix":2},"a":{"a":0,"k":[0,0],"ix":1},"s":{"a":0,"k":[100,100],"ix":3},"r":{"a":0,"k":0,"ix":6},"o":{"a":0,"k":100,"ix":7},"sk":{"a":0,"k":0,"ix":4},"sa":{"a":0,"k":0,"ix":5},"nm":"变换"}],"nm":"M","np":3,"cix":2,"bm":0,"ix":8,"mn":"ADBE Vector Group","hd":false},{"ty":"gr","it":[{"ind":0,"ty":"sh","ix":1,"ks":{"a":0,"k":{"i":[[0,0],[0,0],[0,0]],"o":[[0,0],[0,0],[0,0]],"v":[[449.89,-22.046],[458.569,-45.813],[466.736,-22.046]],"c":true},"ix":2},"nm":"A","mn":"ADBE Vector Shape - Group","hd":false},{"ind":1,"ty":"sh","ix":2,"ks":{"a":0,"k":{"i":[[0,0],[0,0],[0,0],[0,0],[0,0],[0,0],[0,0],[0,0]],"o":[[0,0],[0,0],[0,0],[0,0],[0,0],[0,0],[0,0],[0,0]],"v":[[434.509,0],[441.98,0],[447.803,-16.113],[469.08,-16.113],[474.536,0],[482.52,0],[463,-53.796],[454.761,-53.796]],"c":true},"ix":2},"nm":"A","mn":"ADBE Vector Shape - Group","hd":false},{"ty":"mm","mm":1,"nm":"合并路径 1","mn":"ADBE Vector Filter - Merge","hd":false},{"ty":"fl","c":{"a":0,"k":[0.596079987171,0.596079987171,0.596079987171,1],"ix":4},"o":{"a":0,"k":100,"ix":5},"r":1,"bm":0,"nm":"填充 1","mn":"ADBE Vector Graphic - Fill","hd":false},{"ty":"tr","p":{"a":0,"k":[0,0],"ix":2},"a":{"a":0,"k":[0,0],"ix":1},"s":{"a":0,"k":[100,100],"ix":3},"r":{"a":0,"k":0,"ix":6},"o":{"a":0,"k":100,"ix":7},"sk":{"a":0,"k":0,"ix":4},"sa":{"a":0,"k":0,"ix":5},"nm":"变换"}],"nm":"A","np":5,"cix":2,"bm":0,"ix":9,"mn":"ADBE Vector Group","hd":false}],"ip":10,"op":75,"st":10,"bm":0},{"ddd":0,"ind":84,"ty":3,"nm":"健康-bg","sr":1,"ks":{"o":{"a":1,"k":[{"i":{"x":[0.833],"y":[0.833]},"o":{"x":[0.167],"y":[0.167]},"t":230,"s":[0]},{"t":240,"s":[100]}],"ix":11},"r":{"a":0,"k":0,"ix":10},"p":{"a":1,"k":[{"i":{"x":0.3,"y":1},"o":{"x":0.3,"y":0},"t":220,"s":[481.163,706.034,0],"to":[-43.527,124.052,0],"ti":[0,0,0]},{"i":{"x":0.833,"y":0.833},"o":{"x":0.144,"y":0.144},"t":240,"s":[242,885.672,0],"to":[0,0,0],"ti":[0,0,0]},{"i":{"x":0.833,"y":0.83},"o":{"x":0.167,"y":0.111},"t":255,"s":[242,885.672,0],"to":[0,0,0],"ti":[9.249,0.234,0]},{"i":{"x":0.833,"y":0.836},"o":{"x":0.167,"y":0.163},"t":285,"s":[232,875.047,0],"to":[-9.249,-0.234,0],"ti":[0,-3.438,0]},{"i":{"x":0.833,"y":0.836},"o":{"x":0.167,"y":0.169},"t":315,"s":[222,885.672,0],"to":[0,3.438,0],"ti":[-9.376,-0.078,0]},{"i":{"x":0.833,"y":0.829},"o":{"x":0.167,"y":0.17},"t":345,"s":[232,895.672,0],"to":[9.376,0.078,0],"ti":[0,0,0]},{"i":{"x":0.965,"y":0},"o":{"x":0.167,"y":0.162},"t":375,"s":[242,885.672,0],"to":[0,0,0],"ti":[8.687,-0.016,0]},{"i":{"x":0.833,"y":0.995},"o":{"x":0.167,"y":0.079},"t":404,"s":[232,875.047,0],"to":[-8.687,0.016,0],"ti":[0,0,0]},{"i":{"x":0.7,"y":1},"o":{"x":0.167,"y":0.007},"t":429,"s":[-487,435.672,0],"to":[0,0,0],"ti":[0,0,0]},{"i":{"x":0.833,"y":0.76},"o":{"x":0.3,"y":0},"t":459,"s":[199.999,289.672,0],"to":[0,0,0],"ti":[0,0,0]},{"t":489,"s":[199.999,269.672,0]}],"ix":2},"a":{"a":0,"k":[284.145,-175.98,0],"ix":1},"s":{"a":0,"k":[100,100,100],"ix":6}},"ao":0,"ip":220,"op":405,"st":40,"bm":0},{"ddd":0,"ind":88,"ty":3,"nm":"爱情-bg","sr":1,"ks":{"o":{"a":1,"k":[{"i":{"x":[0.833],"y":[0.833]},"o":{"x":[0.167],"y":[0.167]},"t":195,"s":[0]},{"t":205,"s":[100]}],"ix":11},"r":{"a":0,"k":0,"ix":10},"p":{"a":1,"k":[{"i":{"x":0.3,"y":1},"o":{"x":0.3,"y":0},"t":185,"s":[697.163,680.034,0],"to":[86.473,64.052,0],"ti":[0,0,0]},{"i":{"x":0.833,"y":0.833},"o":{"x":0.144,"y":0.144},"t":205,"s":[938.999,759.672,0],"to":[0,0,0],"ti":[0,0,0]},{"i":{"x":0.833,"y":0.83},"o":{"x":0.167,"y":0.111},"t":220,"s":[938.999,759.672,0],"to":[0,0,0],"ti":[9.249,0.234,0]},{"i":{"x":0.833,"y":0.836},"o":{"x":0.167,"y":0.163},"t":250,"s":[928.999,749.047,0],"to":[-9.249,-0.234,0],"ti":[0,-3.438,0]},{"i":{"x":0.833,"y":0.836},"o":{"x":0.167,"y":0.169},"t":280,"s":[918.999,759.672,0],"to":[0,3.438,0],"ti":[-9.376,-0.078,0]},{"i":{"x":0.833,"y":0.829},"o":{"x":0.167,"y":0.17},"t":310,"s":[928.999,769.672,0],"to":[9.376,0.078,0],"ti":[0,0,0]},{"i":{"x":0.965,"y":0},"o":{"x":0.167,"y":0.162},"t":340,"s":[938.999,759.672,0],"to":[0,0,0],"ti":[8.687,-0.016,0]},{"i":{"x":0.833,"y":0.995},"o":{"x":0.167,"y":0.079},"t":369,"s":[928.999,749.047,0],"to":[-8.687,0.016,0],"ti":[0,0,0]},{"i":{"x":0.7,"y":1},"o":{"x":0.167,"y":0.234},"t":394,"s":[209.999,309.672,0],"to":[0,0,0],"ti":[0,0,0]},{"i":{"x":0.833,"y":0.921},"o":{"x":0.3,"y":0},"t":424,"s":[209.999,329.672,0],"to":[0,0,0],"ti":[0,0,0]},{"t":454,"s":[199.999,269.672,0]}],"ix":2},"a":{"a":0,"k":[284.145,-175.98,0],"ix":1},"s":{"a":0,"k":[100,100,100],"ix":6}},"ao":0,"ip":185,"op":370,"st":5,"bm":0},{"ddd":0,"ind":92,"ty":3,"nm":"智慧-bg","sr":1,"ks":{"o":{"a":1,"k":[{"i":{"x":[0.833],"y":[0.833]},"o":{"x":[0.167],"y":[0.167]},"t":160,"s":[0]},{"t":170,"s":[100]}],"ix":11},"r":{"a":0,"k":0,"ix":10},"p":{"a":1,"k":[{"i":{"x":0.3,"y":1},"o":{"x":0.3,"y":0},"t":150,"s":[367.163,496.034,0],"to":[-111.527,-49.948,0],"ti":[0,0,0]},{"i":{"x":0.833,"y":0.833},"o":{"x":0.144,"y":0.144},"t":170,"s":[191.999,335.672,0],"to":[0,0,0],"ti":[0,0,0]},{"i":{"x":0.833,"y":0.83},"o":{"x":0.167,"y":0.111},"t":185,"s":[191.999,335.672,0],"to":[0,0,0],"ti":[9.249,0.234,0]},{"i":{"x":0.833,"y":0.836},"o":{"x":0.167,"y":0.163},"t":215,"s":[181.999,325.047,0],"to":[-9.249,-0.234,0],"ti":[0,-3.438,0]},{"i":{"x":0.833,"y":0.836},"o":{"x":0.167,"y":0.169},"t":245,"s":[171.999,335.672,0],"to":[0,3.438,0],"ti":[-9.376,-0.078,0]},{"i":{"x":0.833,"y":0.829},"o":{"x":0.167,"y":0.17},"t":275,"s":[181.999,345.672,0],"to":[9.376,0.078,0],"ti":[0,0,0]},{"i":{"x":0.833,"y":0.821},"o":{"x":0.167,"y":0.162},"t":305,"s":[191.999,335.672,0],"to":[0,0,0],"ti":[8.687,-0.016,0]},{"i":{"x":0.833,"y":0.756},"o":{"x":0.167,"y":0.154},"t":334,"s":[181.999,325.047,0],"to":[-8.687,0.016,0],"ti":[0,0,0]},{"i":{"x":0.7,"y":1},"o":{"x":0.167,"y":0.165},"t":359,"s":[171.999,335.672,0],"to":[0,0,0],"ti":[0,0,0]},{"i":{"x":0.833,"y":0.76},"o":{"x":0.3,"y":0},"t":389,"s":[191.999,355.672,0],"to":[0,0,0],"ti":[0,0,0]},{"t":419,"s":[191.999,335.672,0]}],"ix":2},"a":{"a":0,"k":[284.145,-175.98,0],"ix":1},"s":{"a":0,"k":[100,100,100],"ix":6}},"ao":0,"ip":150,"op":391,"st":-30,"bm":0}],"markers":[]}