{"v":"5.1.8","fr":30,"ip":0,"op":60,"w":160,"h":160,"nm":"loading","ddd":0,"assets":[{"id":"comp_0","layers":[{"ddd":0,"ind":1,"ty":4,"nm":"形状图层 8","sr":1,"ks":{"o":{"a":0,"k":100,"ix":11},"r":{"a":0,"k":0,"ix":10},"p":{"a":0,"k":[80,80,0],"ix":2},"a":{"a":0,"k":[0,0,0],"ix":1},"s":{"a":0,"k":[100,100,100],"ix":6}},"ao":0,"shapes":[{"ind":0,"ty":"sh","ix":1,"ks":{"a":0,"k":{"i":[[8.998,-7.786],[-3.097,-14.449],[1.347,-3.425],[3.926,-6.077],[-9.742,-1.485],[-0.727,-1.399],[-1.183,-1.241],[-1.506,-1.156],[-0.405,-2.447],[-4.095,-2.987],[-2.907,0.406],[-6.246,-2.066],[-1.238,-4.257],[-40.382,7.958],[0.754,1.977],[-6.242,4.385],[-2.698,9.47],[0.885,7.157],[7.774,7.265],[14.738,-0.645]],"o":[[-8.998,7.786],[0.372,1.733],[-1.902,4.137],[-5.496,7.658],[1.614,4.553],[0.485,0.933],[-1.503,1.898],[2.772,2.15],[0.479,3.324],[4.095,2.987],[2.907,-0.406],[6.246,2.065],[0.825,2.838],[-5.162,-11.869],[-1.131,-2.966],[7.936,-7.5],[3.462,-12.493],[-1.662,-13.441],[-21.441,-21.424],[-12.971,1.946]],"v":[[-34.177,-58.055],[-51.378,-20.47],[-48.96,-6.793],[-57.701,8.527],[-51.333,22.242],[-51.996,31.751],[-49.494,35.011],[-49.489,39.592],[-45.732,46.355],[-42.346,57.034],[-29.782,59.509],[-18.366,58.552],[-11.778,69.402],[50.033,61.721],[41.16,40.951],[44.214,27.233],[59.446,4.255],[62.313,-17.721],[50.785,-50.816],[-5.528,-70.123]],"c":true},"ix":2},"nm":"路径 1","mn":"ADBE Vector Shape - Group","hd":false},{"ty":"st","c":{"a":0,"k":[0.517647058824,0.517647058824,0.517647058824,1],"ix":3},"o":{"a":0,"k":100,"ix":4},"w":{"a":0,"k":3,"ix":5},"lc":1,"lj":1,"ml":4,"nm":"描边 1","mn":"ADBE Vector Graphic - Stroke","hd":false},{"ty":"tm","s":{"a":0,"k":88,"ix":1},"e":{"a":0,"k":0,"ix":2},"o":{"a":1,"k":[{"i":{"x":[0.833],"y":[0.833]},"o":{"x":[0.167],"y":[0.167]},"n":["0p833_0p833_0p167_0p167"],"t":0,"s":[-32],"e":[320]},{"t":60}],"ix":3},"m":1,"ix":3,"nm":"修剪路径 1","mn":"ADBE Vector Filter - Trim","hd":false}],"ip":0,"op":220,"st":0,"bm":0},{"ddd":0,"ind":2,"ty":4,"nm":"形状图层 7","sr":1,"ks":{"o":{"a":0,"k":100,"ix":11},"r":{"a":0,"k":0,"ix":10},"p":{"a":0,"k":[80,80,0],"ix":2},"a":{"a":0,"k":[0,0,0],"ix":1},"s":{"a":0,"k":[100,100,100],"ix":6}},"ao":0,"shapes":[{"ind":0,"ty":"sh","ix":1,"ks":{"a":0,"k":{"i":[[2.054,-1.441],[-0.341,-3.097],[0.356,-0.69],[0.954,-1.191],[-2.012,-0.52],[-0.123,-0.309],[-0.222,-0.286],[-0.291,-0.275],[-0.033,-0.522],[-0.795,-0.714],[-0.618,0.023],[-1.266,-0.567],[-0.169,-0.92],[-8.642,0.806],[0.116,0.431],[-1.403,0.786],[-0.768,1.929],[0.033,1.52],[1.475,1.69],[3.106,0.18]],"o":[[-2.054,1.441],[0.041,0.371],[-0.487,0.827],[-1.317,1.489],[0.241,0.99],[0.082,0.206],[-0.356,0.366],[0.536,0.51],[0.029,0.708],[0.795,0.714],[0.619,-0.023],[1.266,0.567],[0.113,0.613],[-0.829,-2.6],[-0.174,-0.646],[1.825,-1.404],[0.993,-2.547],[-0.061,-2.855],[-4.04,-4.953],[-2.763,0.131]],"v":[[-5.868,-12.956],[-10.28,-5.439],[-10.065,-2.518],[-12.227,0.509],[-11.184,3.522],[-11.527,5.503],[-11.072,6.24],[-11.169,7.201],[-10.525,8.7],[-10.043,11.013],[-7.461,11.801],[-5.045,11.845],[-3.895,14.261],[9.236,13.972],[7.819,9.425],[8.753,6.613],[12.44,2.118],[13.511,-2.43],[11.801,-9.62],[0.4,-14.874]],"c":true},"ix":2},"nm":"路径 1","mn":"ADBE Vector Shape - Group","hd":false},{"ty":"st","c":{"a":0,"k":[0.517647058824,0.517647058824,0.517647058824,1],"ix":3},"o":{"a":0,"k":100,"ix":4},"w":{"a":0,"k":2,"ix":5},"lc":1,"lj":1,"ml":4,"nm":"描边 2","mn":"ADBE Vector Graphic - Stroke","hd":false},{"ty":"st","c":{"a":0,"k":[0.517647058824,0.517647058824,0.517647058824,1],"ix":3},"o":{"a":0,"k":100,"ix":4},"w":{"a":0,"k":3,"ix":5},"lc":1,"lj":1,"ml":4,"nm":"描边 1","mn":"ADBE Vector Graphic - Stroke","hd":false},{"ty":"tm","s":{"a":0,"k":88,"ix":1},"e":{"a":0,"k":0,"ix":2},"o":{"a":1,"k":[{"i":{"x":[0.833],"y":[0.833]},"o":{"x":[0.167],"y":[0.167]},"n":["0p833_0p833_0p167_0p167"],"t":0,"s":[58],"e":[418]},{"t":60}],"ix":3},"m":1,"ix":4,"nm":"修剪路径 1","mn":"ADBE Vector Filter - Trim","hd":false}],"ip":0,"op":220,"st":0,"bm":0},{"ddd":0,"ind":3,"ty":4,"nm":"形状图层 6","sr":1,"ks":{"o":{"a":0,"k":100,"ix":11},"r":{"a":0,"k":0,"ix":10},"p":{"a":0,"k":[80,80,0],"ix":2},"a":{"a":0,"k":[0,0,0],"ix":1},"s":{"a":0,"k":[100,100,100],"ix":6}},"ao":0,"shapes":[{"ind":0,"ty":"sh","ix":1,"ks":{"a":0,"k":{"i":[[-3.759,2.743],[-5.118,0.338],[-7.661,-9.044],[-0.212,-5.292],[1.754,-4.757],[3.336,-2.665],[-0.345,-1.192],[-1.627,-4.793],[0.23,1.133],[2.367,1.007],[1.146,-0.064],[1.499,1.297],[0.079,1.311],[1.011,0.928],[-0.647,0.691],[0.159,0.379],[0.481,1.827],[-2.39,2.806],[-0.875,1.551],[0.089,0.687]],"o":[[3.759,-2.743],[5.765,0.226],[2.794,3.083],[0.113,2.818],[-1.358,3.603],[-2.575,1.507],[0.23,0.795],[-15.996,1.793],[-0.344,-1.699],[-2.367,-1.007],[-1.146,0.064],[-1.499,-1.297],[-0.078,-0.967],[-0.55,-0.499],[-0.421,-0.522],[-0.238,-0.569],[-3.748,-0.895],[1.727,-2.241],[0.636,-1.291],[-0.739,-5.731]],"v":[[-11.347,-23.878],[0.21,-27.653],[21.53,-18.303],[24.95,-5.032],[23.12,3.44],[16.439,11.901],[14.805,17.148],[17.589,25.53],[-6.749,26.52],[-8.964,22.078],[-13.444,22.081],[-18.26,20.709],[-19.234,16.438],[-20.479,13.68],[-20.333,11.895],[-21.202,10.543],[-20.635,6.859],[-22.672,1.307],[-18.769,-4.38],[-19.268,-9.788]],"c":true},"ix":2},"nm":"路径 1","mn":"ADBE Vector Shape - Group","hd":false},{"ty":"st","c":{"a":0,"k":[0.517647058824,0.517647058824,0.517647058824,1],"ix":3},"o":{"a":0,"k":100,"ix":4},"w":{"a":0,"k":3,"ix":5},"lc":1,"lj":1,"ml":4,"nm":"描边 1","mn":"ADBE Vector Graphic - Stroke","hd":false},{"ty":"tm","s":{"a":0,"k":88,"ix":1},"e":{"a":0,"k":0,"ix":2},"o":{"a":1,"k":[{"i":{"x":[0.833],"y":[0.833]},"o":{"x":[0.167],"y":[0.167]},"n":["0p833_0p833_0p167_0p167"],"t":0,"s":[42],"e":[402]},{"t":60}],"ix":3},"m":1,"ix":3,"nm":"修剪路径 1","mn":"ADBE Vector Filter - Trim","hd":false}],"ip":0,"op":220,"st":0,"bm":0},{"ddd":0,"ind":4,"ty":4,"nm":"形状图层 5","sr":1,"ks":{"o":{"a":0,"k":100,"ix":11},"r":{"a":0,"k":0,"ix":10},"p":{"a":0,"k":[80,80,0],"ix":2},"a":{"a":0,"k":[0,0,0],"ix":1},"s":{"a":0,"k":[100,100,100],"ix":6}},"ao":0,"shapes":[{"ind":0,"ty":"sh","ix":1,"ks":{"a":0,"k":{"i":[[5.544,-4.32],[-1.389,-8.617],[0.899,-1.979],[2.5,-3.465],[-5.701,-1.171],[-0.386,-0.847],[-0.66,-0.768],[-0.854,-0.727],[-0.164,-1.456],[-2.325,-1.886],[-1.727,0.152],[-3.622,-1.408],[-0.601,-2.549],[-24.062,3.47],[0.385,1.189],[-3.815,2.398],[-1.878,5.505],[0.305,4.248],[4.366,4.521],[8.713,0.066]],"o":[[-5.544,4.32],[0.167,1.033],[-1.247,2.383],[-3.474,4.351],[0.814,2.735],[0.258,0.565],[-0.944,1.074],[1.57,1.352],[0.182,1.975],[2.325,1.886],[1.727,-0.151],[3.622,1.408],[0.401,1.699],[-2.685,-7.158],[-0.577,-1.784],[4.909,-4.183],[2.421,-7.265],[-0.573,-7.979],[-11.998,-13.288],[-7.71,0.755]],"v":[[-18.316,-35.561],[-29.601,-13.911],[-28.589,-5.77],[-34.21,3.002],[-30.87,11.285],[-31.549,16.874],[-30.172,18.873],[-30.308,21.575],[-28.297,25.679],[-26.623,32.081],[-19.287,33.922],[-12.524,33.704],[-8.967,40.303],[27.728,37.646],[23.123,25.126],[25.341,17.126],[35.022,4.033],[37.38,-8.843],[31.583,-28.714],[-1.05,-41.811]],"c":true},"ix":2},"nm":"路径 1","mn":"ADBE Vector Shape - Group","hd":false},{"ty":"tm","s":{"a":0,"k":88,"ix":1},"e":{"a":0,"k":0,"ix":2},"o":{"a":1,"k":[{"i":{"x":[0.833],"y":[0.833]},"o":{"x":[0.167],"y":[0.167]},"n":["0p833_0p833_0p167_0p167"],"t":0,"s":[-144],"e":[216]},{"t":60}],"ix":3},"m":1,"ix":2,"nm":"修剪路径 1","mn":"ADBE Vector Filter - Trim","hd":false},{"ty":"st","c":{"a":0,"k":[0.517647058824,0.517647058824,0.517647058824,1],"ix":3},"o":{"a":0,"k":100,"ix":4},"w":{"a":0,"k":3,"ix":5},"lc":1,"lj":1,"ml":4,"nm":"描边 1","mn":"ADBE Vector Graphic - Stroke","hd":false}],"ip":0,"op":220,"st":0,"bm":0},{"ddd":0,"ind":5,"ty":4,"nm":"形状图层 2","sr":1,"ks":{"o":{"a":0,"k":100,"ix":11},"r":{"a":0,"k":0,"ix":10},"p":{"a":0,"k":[80,80,0],"ix":2},"a":{"a":0,"k":[0,0,0],"ix":1},"s":{"a":0,"k":[100,100,100],"ix":6}},"ao":0,"shapes":[{"ind":0,"ty":"sh","ix":1,"ks":{"a":0,"k":{"i":[[-7.213,6.009],[-10.261,1.344],[-16.597,-17.218],[-1.112,-10.628],[2.915,-9.804],[6.371,-5.799],[-0.848,-2.356],[-3.896,-9.44],[0.609,2.251],[4.897,1.722],[2.299,-0.278],[3.186,2.417],[0.328,2.63],[2.155,1.737],[-1.214,1.475],[0.368,0.743],[1.206,3.615],[-4.449,5.96],[-1.562,3.235],[0.267,1.372]],"o":[[7.213,-6.009],[11.636,-0.291],[6.025,5.846],[0.592,5.659],[-2.268,7.431],[-4.989,3.367],[0.565,1.571],[-31.974,5.681],[-0.914,-3.376],[-4.897,-1.722],[-2.299,0.278],[-3.186,-2.417],[-0.283,-1.937],[-1.171,-0.934],[-0.915,-0.996],[-0.553,-1.115],[-7.663,-1.316],[3.187,-4.735],[1.113,-2.682],[-2.23,-11.444]],"v":[[-26.061,-46.439],[-3.283,-55.536],[40.855,-39.471],[49.46,-13.194],[46.873,4.1],[34.517,22.001],[31.906,32.777],[38.598,49.293],[-10.276,54.438],[-15.313,45.782],[-24.332,46.368],[-34.207,44.23],[-36.72,35.755],[-39.584,30.364],[-39.52,26.751],[-41.445,24.142],[-40.782,16.651],[-45.603,5.737],[-38.48,-6.219],[-40.186,-17.044]],"c":true},"ix":2},"nm":"路径 1","mn":"ADBE Vector Shape - Group","hd":false},{"ty":"tm","s":{"a":0,"k":88,"ix":1},"e":{"a":0,"k":0,"ix":2},"o":{"a":1,"k":[{"i":{"x":[0.833],"y":[0.833]},"o":{"x":[0.167],"y":[0.167]},"n":["0p833_0p833_0p167_0p167"],"t":0,"s":[-26],"e":[344]},{"t":60}],"ix":3},"m":1,"ix":2,"nm":"修剪路径 1","mn":"ADBE Vector Filter - Trim","hd":false},{"ty":"st","c":{"a":0,"k":[0.517647058824,0.517647058824,0.517647058824,1],"ix":3},"o":{"a":0,"k":100,"ix":4},"w":{"a":0,"k":3,"ix":5},"lc":1,"lj":1,"ml":4,"nm":"描边 1","mn":"ADBE Vector Graphic - Stroke","hd":false}],"ip":0,"op":221,"st":0,"bm":0}]}],"layers":[{"ddd":0,"ind":1,"ty":0,"nm":"1","refId":"comp_0","sr":1,"ks":{"o":{"a":0,"k":100,"ix":11},"r":{"a":0,"k":0,"ix":10},"p":{"a":0,"k":[80,80,0],"ix":2},"a":{"a":0,"k":[80,80,0],"ix":1},"s":{"a":0,"k":[100,100,100],"ix":6}},"ao":0,"w":160,"h":160,"ip":0,"op":220,"st":0,"bm":0}],"markers":[]}