{"v":"5.6.8","fr":30,"ip":0,"op":189,"w":1125,"h":1050,"nm":"订阅视频-变性-多语言","ddd":0,"assets":[],"layers":[{"ddd":0,"ind":1,"ty":4,"nm":"“INCREÍBLE”轮廓","sr":1,"ks":{"o":{"a":1,"k":[{"i":{"x":[0.833],"y":[0.833]},"o":{"x":[0.167],"y":[0.167]},"t":0,"s":[0]},{"i":{"x":[0.833],"y":[0.833]},"o":{"x":[0.167],"y":[0.167]},"t":20,"s":[100]},{"i":{"x":[0.833],"y":[0.833]},"o":{"x":[0.167],"y":[0.167]},"t":180,"s":[100]},{"t":189,"s":[0]}],"ix":11},"r":{"a":0,"k":0,"ix":10},"p":{"a":0,"k":[46,554,0],"ix":2},"a":{"a":0,"k":[0,0,0],"ix":1},"s":{"a":0,"k":[100,100,100],"ix":6}},"ao":0,"hasMask":true,"masksProperties":[{"inv":false,"mode":"a","pt":{"a":1,"k":[{"i":{"x":0.667,"y":1},"o":{"x":0.333,"y":0},"t":0,"s":[{"i":[[0,0],[0,0],[0,0],[0,0]],"o":[[0,0],[0,0],[0,0],[0,0]],"v":[[-46,-113],[-450.445,-113],[-450.445,58.684],[-46,58.684]],"c":true}]},{"i":{"x":0.667,"y":1},"o":{"x":0.333,"y":0},"t":20,"s":[{"i":[[0,0],[0,0],[0,0],[0,0]],"o":[[0,0],[0,0],[0,0],[0,0]],"v":[[538,-113],[-53.445,-113],[-53.445,58.684],[538,58.684]],"c":true}]},{"i":{"x":0.667,"y":1},"o":{"x":0.333,"y":0},"t":180,"s":[{"i":[[0,0],[0,0],[0,0],[0,0]],"o":[[0,0],[0,0],[0,0],[0,0]],"v":[[538,-113],[-53.445,-113],[-53.445,58.684],[538,58.684]],"c":true}]},{"t":189,"s":[{"i":[[0,0],[0,0],[0,0],[0,0]],"o":[[0,0],[0,0],[0,0],[0,0]],"v":[[741,-114],[336.555,-114],[336.555,57.684],[741,57.684]],"c":true}]}],"ix":1},"o":{"a":0,"k":100,"ix":3},"x":{"a":0,"k":0,"ix":4},"nm":"蒙版 1"}],"shapes":[{"ty":"gr","it":[{"ind":0,"ty":"sh","ix":1,"ks":{"a":0,"k":{"i":[[0,0],[0,0],[0,0],[0,0]],"o":[[0,0],[0,0],[0,0],[0,0]],"v":[[6.183,0],[12.366,0],[12.366,-45.189],[6.183,-45.189]],"c":true},"ix":2},"nm":"I","mn":"ADBE Vector Shape - Group","hd":false},{"ty":"fl","c":{"a":0,"k":[0.596079987171,0.596079987171,0.596079987171,1],"ix":4},"o":{"a":0,"k":100,"ix":5},"r":1,"bm":0,"nm":"填充 1","mn":"ADBE Vector Graphic - Fill","hd":false},{"ty":"tr","p":{"a":0,"k":[0,0],"ix":2},"a":{"a":0,"k":[0,0],"ix":1},"s":{"a":0,"k":[100,100],"ix":3},"r":{"a":0,"k":0,"ix":6},"o":{"a":0,"k":100,"ix":7},"sk":{"a":0,"k":0,"ix":4},"sa":{"a":0,"k":0,"ix":5},"nm":"变换"}],"nm":"I","np":3,"cix":2,"bm":0,"ix":1,"mn":"ADBE Vector Group","hd":false},{"ty":"gr","it":[{"ind":0,"ty":"sh","ix":1,"ks":{"a":0,"k":{"i":[[0,0],[0,0],[0,0],[0,0],[0,0],[0,0],[0,0],[0,0],[0,0],[0,0]],"o":[[0,0],[0,0],[0,0],[0,0],[0,0],[0,0],[0,0],[0,0],[0,0],[0,0]],"v":[[22.302,0],[28.147,0],[28.147,-36.468],[51.016,0],[57.894,0],[57.894,-45.189],[52.049,-45.189],[52.049,-8.678],[29.513,-45.189],[22.302,-45.189]],"c":true},"ix":2},"nm":"N","mn":"ADBE Vector Shape - Group","hd":false},{"ty":"fl","c":{"a":0,"k":[0.596079987171,0.596079987171,0.596079987171,1],"ix":4},"o":{"a":0,"k":100,"ix":5},"r":1,"bm":0,"nm":"填充 1","mn":"ADBE Vector Graphic - Fill","hd":false},{"ty":"tr","p":{"a":0,"k":[0,0],"ix":2},"a":{"a":0,"k":[0,0],"ix":1},"s":{"a":0,"k":[100,100],"ix":3},"r":{"a":0,"k":0,"ix":6},"o":{"a":0,"k":100,"ix":7},"sk":{"a":0,"k":0,"ix":4},"sa":{"a":0,"k":0,"ix":5},"nm":"变换"}],"nm":"N","np":3,"cix":2,"bm":0,"ix":2,"mn":"ADBE Vector Group","hd":false},{"ty":"gr","it":[{"ind":0,"ty":"sh","ix":1,"ks":{"a":0,"k":{"i":[[5.655,0],[3.77,-4.637],[0,-6.669],[-4.642,-4.207],[-5.19,0],[-3.548,3.876],[-0.527,4.758],[0,0],[1.229,-1.825],[4.432,0],[2.427,3.294],[0,5.296],[-2.689,3.13],[-4.371,0],[-1.984,-1.702],[-0.665,-2.912],[0,0],[3.121,3.015]],"o":[[-6.628,0],[-3.487,4.269],[0,8.783],[3.527,3.181],[6.021,0],[2.959,-3.219],[0,0],[-0.605,2.974],[-2.317,3.466],[-4.815,0],[-2.428,-3.294],[0,-6.465],[2.689,-3.13],[3.585,0],[1.984,1.702],[0,0],[-0.345,-3.835],[-3.121,-3.015]],"v":[[86.595,-46.419],[70.998,-39.463],[65.769,-23.056],[72.732,-3.571],[85.807,1.2],[100.16,-4.614],[105.39,-16.581],[99.422,-16.581],[96.672,-9.382],[86.549,-4.184],[75.685,-9.125],[72.044,-22.01],[76.077,-36.403],[86.665,-41.098],[95.019,-38.544],[98.991,-31.623],[104.959,-31.623],[99.76,-41.897]],"c":true},"ix":2},"nm":"C","mn":"ADBE Vector Shape - Group","hd":false},{"ty":"fl","c":{"a":0,"k":[0.596079987171,0.596079987171,0.596079987171,1],"ix":4},"o":{"a":0,"k":100,"ix":5},"r":1,"bm":0,"nm":"填充 1","mn":"ADBE Vector Graphic - Fill","hd":false},{"ty":"tr","p":{"a":0,"k":[0,0],"ix":2},"a":{"a":0,"k":[0,0],"ix":1},"s":{"a":0,"k":[100,100],"ix":3},"r":{"a":0,"k":0,"ix":6},"o":{"a":0,"k":100,"ix":7},"sk":{"a":0,"k":0,"ix":4},"sa":{"a":0,"k":0,"ix":5},"nm":"变换"}],"nm":"C","np":3,"cix":2,"bm":0,"ix":3,"mn":"ADBE Vector Group","hd":false},{"ty":"gr","it":[{"ind":0,"ty":"sh","ix":1,"ks":{"a":0,"k":{"i":[[0,0],[0,0],[0,0],[-1.217,-0.615],[0,-3.219],[1.626,-1.148],[2.792,0]],"o":[[0,0],[0,0],[2.034,0],[2.273,1.169],[0,2.994],[-1.626,1.149],[0,0]],"v":[[120.155,-24.486],[120.155,-39.929],[134.694,-39.929],[139.57,-39.006],[142.98,-32.423],[140.542,-26.209],[133.916,-24.486]],"c":true},"ix":2},"nm":"R","mn":"ADBE Vector Shape - Group","hd":false},{"ind":1,"ty":"sh","ix":2,"ks":{"a":0,"k":{"i":[[0,0],[0,0],[0,0],[0,0],[-1.136,-0.554],[-0.139,-2.953],[0,0],[-0.123,-0.615],[-0.205,-0.389],[0,0],[0,0],[0.369,1.436],[0.062,1.723],[0,0],[0.892,1.169],[1.764,0.718],[-1.118,1.723],[0,2.707],[4.168,1.928],[3.383,0],[0,0]],"o":[[0,0],[0,0],[0,0],[2.431,0],[1.992,1.005],[0,0],[0.082,1.764],[0.123,0.615],[0,0],[0,0],[-0.944,-0.41],[-0.226,-0.841],[0,0],[-0.103,-2.625],[-0.892,-1.169],[2.01,-1.046],[1.118,-1.723],[0,-5.188],[-2.195,-1.005],[0,0],[0,0]],"v":[[114.034,0],[120.155,0],[120.155,-19.38],[133.694,-19.38],[139.044,-18.549],[142.242,-12.612],[142.611,-5.076],[142.919,-1.507],[143.411,0],[150.917,0],[150.917,-1.015],[148.948,-3.784],[148.518,-7.629],[148.302,-13.689],[146.81,-19.38],[142.827,-22.21],[147.518,-26.363],[149.194,-33.007],[142.942,-43.682],[134.574,-45.189],[114.034,-45.189]],"c":true},"ix":2},"nm":"R","mn":"ADBE Vector Shape - Group","hd":false},{"ty":"mm","mm":1,"nm":"合并路径 1","mn":"ADBE Vector Filter - Merge","hd":false},{"ty":"fl","c":{"a":0,"k":[0.596079987171,0.596079987171,0.596079987171,1],"ix":4},"o":{"a":0,"k":100,"ix":5},"r":1,"bm":0,"nm":"填充 1","mn":"ADBE Vector Graphic - Fill","hd":false},{"ty":"tr","p":{"a":0,"k":[0,0],"ix":2},"a":{"a":0,"k":[0,0],"ix":1},"s":{"a":0,"k":[100,100],"ix":3},"r":{"a":0,"k":0,"ix":6},"o":{"a":0,"k":100,"ix":7},"sk":{"a":0,"k":0,"ix":4},"sa":{"a":0,"k":0,"ix":5},"nm":"变换"}],"nm":"R","np":5,"cix":2,"bm":0,"ix":4,"mn":"ADBE Vector Group","hd":false},{"ty":"gr","it":[{"ind":0,"ty":"sh","ix":1,"ks":{"a":0,"k":{"i":[[0,0],[0,0],[0,0],[0,0],[0,0],[0,0],[0,0],[0,0],[0,0],[0,0],[0,0],[0,0]],"o":[[0,0],[0,0],[0,0],[0,0],[0,0],[0,0],[0,0],[0,0],[0,0],[0,0],[0,0],[0,0]],"v":[[159.376,0],[192.63,0],[192.63,-5.383],[165.344,-5.383],[165.344,-20.703],[190.138,-20.703],[190.138,-25.932],[165.344,-25.932],[165.344,-39.652],[192.168,-39.652],[192.168,-45.189],[159.376,-45.189]],"c":true},"ix":2},"nm":"E","mn":"ADBE Vector Shape - Group","hd":false},{"ty":"fl","c":{"a":0,"k":[0.596079987171,0.596079987171,0.596079987171,1],"ix":4},"o":{"a":0,"k":100,"ix":5},"r":1,"bm":0,"nm":"填充 1","mn":"ADBE Vector Graphic - Fill","hd":false},{"ty":"tr","p":{"a":0,"k":[0,0],"ix":2},"a":{"a":0,"k":[0,0],"ix":1},"s":{"a":0,"k":[100,100],"ix":3},"r":{"a":0,"k":0,"ix":6},"o":{"a":0,"k":100,"ix":7},"sk":{"a":0,"k":0,"ix":4},"sa":{"a":0,"k":0,"ix":5},"nm":"变换"}],"nm":"E","np":3,"cix":2,"bm":0,"ix":5,"mn":"ADBE Vector Group","hd":false},{"ty":"gr","it":[{"ind":0,"ty":"sh","ix":1,"ks":{"a":0,"k":{"i":[[0,0],[0,0],[0,0],[0,0]],"o":[[0,0],[0,0],[0,0],[0,0]],"v":[[202.197,0],[208.38,0],[208.38,-45.189],[202.197,-45.189]],"c":true},"ix":2},"nm":"Í","mn":"ADBE Vector Shape - Group","hd":false},{"ind":1,"ty":"sh","ix":2,"ks":{"a":0,"k":{"i":[[0,0],[0,0],[0,0],[0,0]],"o":[[0,0],[0,0],[0,0],[0,0]],"v":[[204.935,-57.524],[199.305,-48.634],[203.55,-48.634],[211.764,-57.524]],"c":true},"ix":2},"nm":"Í","mn":"ADBE Vector Shape - Group","hd":false},{"ty":"mm","mm":1,"nm":"合并路径 1","mn":"ADBE Vector Filter - Merge","hd":false},{"ty":"fl","c":{"a":0,"k":[0.596079987171,0.596079987171,0.596079987171,1],"ix":4},"o":{"a":0,"k":100,"ix":5},"r":1,"bm":0,"nm":"填充 1","mn":"ADBE Vector Graphic - Fill","hd":false},{"ty":"tr","p":{"a":0,"k":[0,0],"ix":2},"a":{"a":0,"k":[0,0],"ix":1},"s":{"a":0,"k":[100,100],"ix":3},"r":{"a":0,"k":0,"ix":6},"o":{"a":0,"k":100,"ix":7},"sk":{"a":0,"k":0,"ix":4},"sa":{"a":0,"k":0,"ix":5},"nm":"变换"}],"nm":"Í","np":5,"cix":2,"bm":0,"ix":6,"mn":"ADBE Vector Group","hd":false},{"ty":"gr","it":[{"ind":0,"ty":"sh","ix":1,"ks":{"a":0,"k":{"i":[[0,0],[0,0],[0,0],[-1.368,-0.574],[0,-2.953],[2.279,-1.128],[2.611,0]],"o":[[0,0],[0,0],[2.694,0],[2.424,1.026],[0,2.933],[-1.451,0.718],[0,0]],"v":[[224.161,-26.086],[224.161,-40.083],[235.195,-40.083],[241.288,-39.221],[244.925,-33.253],[241.505,-27.163],[235.413,-26.086]],"c":true},"ix":2},"nm":"B","mn":"ADBE Vector Shape - Group","hd":false},{"ind":1,"ty":"sh","ix":2,"ks":{"a":0,"k":{"i":[[0,0],[0,0],[0,0],[-1.574,-0.635],[0,-3.281],[1.014,-1.374],[3.788,0]],"o":[[0,0],[0,0],[2.588,0],[2.96,1.19],[0,1.949],[-1.615,2.174],[0,0]],"v":[[224.161,-5.229],[224.161,-21.133],[236.426,-21.133],[242.668,-20.18],[247.109,-13.474],[245.587,-8.49],[237.482,-5.229]],"c":true},"ix":2},"nm":"B","mn":"ADBE Vector Shape - Group","hd":false},{"ind":2,"ty":"sh","ix":3,"ks":{"a":0,"k":{"i":[[0,0],[0,0],[-2.745,3.527],[0,2.912],[2.03,1.969],[2.317,0.882],[-0.841,0.964],[0,2.851],[1.321,1.866],[5.326,0],[0,0]],"o":[[0,0],[5.984,0],[1.836,-2.358],[0,-3.465],[-1.149,-1.107],[1.579,-0.8],[1.62,-1.825],[0,-2.44],[-2.25,-3.158],[0,0],[0,0]],"v":[[218.162,0],[237.383,0],[250.476,-5.291],[253.23,-13.197],[250.185,-21.349],[244.986,-24.333],[248.616,-26.978],[251.046,-33.992],[249.065,-40.452],[237.701,-45.189],[218.162,-45.189]],"c":true},"ix":2},"nm":"B","mn":"ADBE Vector Shape - Group","hd":false},{"ty":"mm","mm":1,"nm":"合并路径 1","mn":"ADBE Vector Filter - Merge","hd":false},{"ty":"fl","c":{"a":0,"k":[0.596079987171,0.596079987171,0.596079987171,1],"ix":4},"o":{"a":0,"k":100,"ix":5},"r":1,"bm":0,"nm":"填充 1","mn":"ADBE Vector Graphic - Fill","hd":false},{"ty":"tr","p":{"a":0,"k":[0,0],"ix":2},"a":{"a":0,"k":[0,0],"ix":1},"s":{"a":0,"k":[100,100],"ix":3},"r":{"a":0,"k":0,"ix":6},"o":{"a":0,"k":100,"ix":7},"sk":{"a":0,"k":0,"ix":4},"sa":{"a":0,"k":0,"ix":5},"nm":"变换"}],"nm":"B","np":6,"cix":2,"bm":0,"ix":7,"mn":"ADBE Vector Group","hd":false},{"ty":"gr","it":[{"ind":0,"ty":"sh","ix":1,"ks":{"a":0,"k":{"i":[[0,0],[0,0],[0,0],[0,0],[0,0],[0,0]],"o":[[0,0],[0,0],[0,0],[0,0],[0,0],[0,0]],"v":[[260.336,0],[289.129,0],[289.129,-5.383],[266.458,-5.383],[266.458,-45.189],[260.336,-45.189]],"c":true},"ix":2},"nm":"L","mn":"ADBE Vector Shape - Group","hd":false},{"ty":"fl","c":{"a":0,"k":[0.596079987171,0.596079987171,0.596079987171,1],"ix":4},"o":{"a":0,"k":100,"ix":5},"r":1,"bm":0,"nm":"填充 1","mn":"ADBE Vector Graphic - Fill","hd":false},{"ty":"tr","p":{"a":0,"k":[0,0],"ix":2},"a":{"a":0,"k":[0,0],"ix":1},"s":{"a":0,"k":[100,100],"ix":3},"r":{"a":0,"k":0,"ix":6},"o":{"a":0,"k":100,"ix":7},"sk":{"a":0,"k":0,"ix":4},"sa":{"a":0,"k":0,"ix":5},"nm":"变换"}],"nm":"L","np":3,"cix":2,"bm":0,"ix":8,"mn":"ADBE Vector Group","hd":false},{"ty":"gr","it":[{"ind":0,"ty":"sh","ix":1,"ks":{"a":0,"k":{"i":[[0,0],[0,0],[0,0],[0,0],[0,0],[0,0],[0,0],[0,0],[0,0],[0,0],[0,0],[0,0]],"o":[[0,0],[0,0],[0,0],[0,0],[0,0],[0,0],[0,0],[0,0],[0,0],[0,0],[0,0],[0,0]],"v":[[295.958,0],[329.212,0],[329.212,-5.383],[301.926,-5.383],[301.926,-20.703],[326.72,-20.703],[326.72,-25.932],[301.926,-25.932],[301.926,-39.652],[328.75,-39.652],[328.75,-45.189],[295.958,-45.189]],"c":true},"ix":2},"nm":"E","mn":"ADBE Vector Shape - Group","hd":false},{"ty":"fl","c":{"a":0,"k":[0.596079987171,0.596079987171,0.596079987171,1],"ix":4},"o":{"a":0,"k":100,"ix":5},"r":1,"bm":0,"nm":"填充 1","mn":"ADBE Vector Graphic - Fill","hd":false},{"ty":"tr","p":{"a":0,"k":[0,0],"ix":2},"a":{"a":0,"k":[0,0],"ix":1},"s":{"a":0,"k":[100,100],"ix":3},"r":{"a":0,"k":0,"ix":6},"o":{"a":0,"k":100,"ix":7},"sk":{"a":0,"k":0,"ix":4},"sa":{"a":0,"k":0,"ix":5},"nm":"变换"}],"nm":"E","np":3,"cix":2,"bm":0,"ix":9,"mn":"ADBE Vector Group","hd":false}],"ip":0,"op":190,"st":0,"bm":0},{"ddd":0,"ind":3,"ty":4,"nm":"“INTERRUPTOR”轮廓","sr":1,"ks":{"o":{"a":1,"k":[{"i":{"x":[0.833],"y":[0.833]},"o":{"x":[0.167],"y":[0.167]},"t":10,"s":[0]},{"i":{"x":[0.833],"y":[0.833]},"o":{"x":[0.167],"y":[0.167]},"t":30,"s":[100]},{"i":{"x":[0.833],"y":[0.833]},"o":{"x":[0.167],"y":[0.167]},"t":180,"s":[100]},{"t":189,"s":[0]}],"ix":11},"r":{"a":0,"k":0,"ix":10},"p":{"a":0,"k":[46,644,0],"ix":2},"a":{"a":0,"k":[0,0,0],"ix":1},"s":{"a":0,"k":[100,100,100],"ix":6}},"ao":0,"hasMask":true,"masksProperties":[{"inv":false,"mode":"a","pt":{"a":1,"k":[{"i":{"x":0.667,"y":1},"o":{"x":0.333,"y":0},"t":10,"s":[{"i":[[0,0],[0,0],[0,0],[0,0]],"o":[[0,0],[0,0],[0,0],[0,0]],"v":[[-48,-101],[-365.648,-101],[-365.648,48.859],[-48,48.859]],"c":true}]},{"i":{"x":0.667,"y":1},"o":{"x":0.333,"y":0},"t":30,"s":[{"i":[[0,0],[0,0],[0,0],[0,0]],"o":[[0,0],[0,0],[0,0],[0,0]],"v":[[520,-101],[-42.648,-101],[-42.648,48.859],[520,48.859]],"c":true}]},{"i":{"x":0.667,"y":1},"o":{"x":0.333,"y":0},"t":180,"s":[{"i":[[0,0],[0,0],[0,0],[0,0]],"o":[[0,0],[0,0],[0,0],[0,0]],"v":[[520,-101],[-42.648,-101],[-42.648,48.859],[520,48.859]],"c":true}]},{"t":189,"s":[{"i":[[0,0],[0,0],[0,0],[0,0]],"o":[[0,0],[0,0],[0,0],[0,0]],"v":[[587,-102],[269.352,-102],[269.352,47.859],[587,47.859]],"c":true}]}],"ix":1},"o":{"a":0,"k":100,"ix":3},"x":{"a":0,"k":0,"ix":4},"nm":"蒙版 1"}],"shapes":[{"ty":"gr","it":[{"ind":0,"ty":"sh","ix":1,"ks":{"a":0,"k":{"i":[[0,0],[0,0],[0,0],[0,0]],"o":[[0,0],[0,0],[0,0],[0,0]],"v":[[6.183,0],[12.366,0],[12.366,-45.189],[6.183,-45.189]],"c":true},"ix":2},"nm":"I","mn":"ADBE Vector Shape - Group","hd":false},{"ty":"fl","c":{"a":0,"k":[0.596079987171,0.596079987171,0.596079987171,1],"ix":4},"o":{"a":0,"k":100,"ix":5},"r":1,"bm":0,"nm":"填充 1","mn":"ADBE Vector Graphic - Fill","hd":false},{"ty":"tr","p":{"a":0,"k":[0,0],"ix":2},"a":{"a":0,"k":[0,0],"ix":1},"s":{"a":0,"k":[100,100],"ix":3},"r":{"a":0,"k":0,"ix":6},"o":{"a":0,"k":100,"ix":7},"sk":{"a":0,"k":0,"ix":4},"sa":{"a":0,"k":0,"ix":5},"nm":"变换"}],"nm":"I","np":3,"cix":2,"bm":0,"ix":1,"mn":"ADBE Vector Group","hd":false},{"ty":"gr","it":[{"ind":0,"ty":"sh","ix":1,"ks":{"a":0,"k":{"i":[[0,0],[0,0],[0,0],[0,0],[0,0],[0,0],[0,0],[0,0],[0,0],[0,0]],"o":[[0,0],[0,0],[0,0],[0,0],[0,0],[0,0],[0,0],[0,0],[0,0],[0,0]],"v":[[22.302,0],[28.147,0],[28.147,-36.468],[51.016,0],[57.894,0],[57.894,-45.189],[52.049,-45.189],[52.049,-8.678],[29.513,-45.189],[22.302,-45.189]],"c":true},"ix":2},"nm":"N","mn":"ADBE Vector Shape - Group","hd":false},{"ty":"fl","c":{"a":0,"k":[0.596079987171,0.596079987171,0.596079987171,1],"ix":4},"o":{"a":0,"k":100,"ix":5},"r":1,"bm":0,"nm":"填充 1","mn":"ADBE Vector Graphic - Fill","hd":false},{"ty":"tr","p":{"a":0,"k":[0,0],"ix":2},"a":{"a":0,"k":[0,0],"ix":1},"s":{"a":0,"k":[100,100],"ix":3},"r":{"a":0,"k":0,"ix":6},"o":{"a":0,"k":100,"ix":7},"sk":{"a":0,"k":0,"ix":4},"sa":{"a":0,"k":0,"ix":5},"nm":"变换"}],"nm":"N","np":3,"cix":2,"bm":0,"ix":2,"mn":"ADBE Vector Group","hd":false},{"ty":"gr","it":[{"ind":0,"ty":"sh","ix":1,"ks":{"a":0,"k":{"i":[[0,0],[0,0],[0,0],[0,0],[0,0],[0,0],[0,0],[0,0]],"o":[[0,0],[0,0],[0,0],[0,0],[0,0],[0,0],[0,0],[0,0]],"v":[[64.015,-45.189],[64.015,-39.806],[79.242,-39.806],[79.242,0],[85.425,0],[85.425,-39.806],[100.652,-39.806],[100.652,-45.189]],"c":true},"ix":2},"nm":"T","mn":"ADBE Vector Shape - Group","hd":false},{"ty":"fl","c":{"a":0,"k":[0.596079987171,0.596079987171,0.596079987171,1],"ix":4},"o":{"a":0,"k":100,"ix":5},"r":1,"bm":0,"nm":"填充 1","mn":"ADBE Vector Graphic - Fill","hd":false},{"ty":"tr","p":{"a":0,"k":[0,0],"ix":2},"a":{"a":0,"k":[0,0],"ix":1},"s":{"a":0,"k":[100,100],"ix":3},"r":{"a":0,"k":0,"ix":6},"o":{"a":0,"k":100,"ix":7},"sk":{"a":0,"k":0,"ix":4},"sa":{"a":0,"k":0,"ix":5},"nm":"变换"}],"nm":"T","np":3,"cix":2,"bm":0,"ix":3,"mn":"ADBE Vector Group","hd":false},{"ty":"gr","it":[{"ind":0,"ty":"sh","ix":1,"ks":{"a":0,"k":{"i":[[0,0],[0,0],[0,0],[0,0],[0,0],[0,0],[0,0],[0,0],[0,0],[0,0],[0,0],[0,0]],"o":[[0,0],[0,0],[0,0],[0,0],[0,0],[0,0],[0,0],[0,0],[0,0],[0,0],[0,0],[0,0]],"v":[[106.866,0],[140.12,0],[140.12,-5.383],[112.834,-5.383],[112.834,-20.703],[137.628,-20.703],[137.628,-25.932],[112.834,-25.932],[112.834,-39.652],[139.658,-39.652],[139.658,-45.189],[106.866,-45.189]],"c":true},"ix":2},"nm":"E","mn":"ADBE Vector Shape - Group","hd":false},{"ty":"fl","c":{"a":0,"k":[0.596079987171,0.596079987171,0.596079987171,1],"ix":4},"o":{"a":0,"k":100,"ix":5},"r":1,"bm":0,"nm":"填充 1","mn":"ADBE Vector Graphic - Fill","hd":false},{"ty":"tr","p":{"a":0,"k":[0,0],"ix":2},"a":{"a":0,"k":[0,0],"ix":1},"s":{"a":0,"k":[100,100],"ix":3},"r":{"a":0,"k":0,"ix":6},"o":{"a":0,"k":100,"ix":7},"sk":{"a":0,"k":0,"ix":4},"sa":{"a":0,"k":0,"ix":5},"nm":"变换"}],"nm":"E","np":3,"cix":2,"bm":0,"ix":4,"mn":"ADBE Vector Group","hd":false},{"ty":"gr","it":[{"ind":0,"ty":"sh","ix":1,"ks":{"a":0,"k":{"i":[[0,0],[0,0],[0,0],[-1.217,-0.615],[0,-3.219],[1.626,-1.148],[2.792,0]],"o":[[0,0],[0,0],[2.034,0],[2.273,1.169],[0,2.994],[-1.626,1.149],[0,0]],"v":[[155.162,-24.486],[155.162,-39.929],[169.701,-39.929],[174.577,-39.006],[177.987,-32.423],[175.549,-26.209],[168.923,-24.486]],"c":true},"ix":2},"nm":"R","mn":"ADBE Vector Shape - Group","hd":false},{"ind":1,"ty":"sh","ix":2,"ks":{"a":0,"k":{"i":[[0,0],[0,0],[0,0],[0,0],[-1.136,-0.554],[-0.139,-2.953],[0,0],[-0.123,-0.615],[-0.205,-0.389],[0,0],[0,0],[0.369,1.436],[0.062,1.723],[0,0],[0.892,1.169],[1.764,0.718],[-1.118,1.723],[0,2.707],[4.168,1.928],[3.383,0],[0,0]],"o":[[0,0],[0,0],[0,0],[2.431,0],[1.992,1.005],[0,0],[0.082,1.764],[0.123,0.615],[0,0],[0,0],[-0.944,-0.41],[-0.226,-0.841],[0,0],[-0.103,-2.625],[-0.892,-1.169],[2.01,-1.046],[1.118,-1.723],[0,-5.188],[-2.195,-1.005],[0,0],[0,0]],"v":[[149.041,0],[155.162,0],[155.162,-19.38],[168.701,-19.38],[174.051,-18.549],[177.249,-12.612],[177.618,-5.076],[177.926,-1.507],[178.418,0],[185.924,0],[185.924,-1.015],[183.955,-3.784],[183.524,-7.629],[183.309,-13.689],[181.817,-19.38],[177.833,-22.21],[182.525,-26.363],[184.201,-33.007],[177.948,-43.682],[169.581,-45.189],[149.041,-45.189]],"c":true},"ix":2},"nm":"R","mn":"ADBE Vector Shape - Group","hd":false},{"ty":"mm","mm":1,"nm":"合并路径 1","mn":"ADBE Vector Filter - Merge","hd":false},{"ty":"fl","c":{"a":0,"k":[0.596079987171,0.596079987171,0.596079987171,1],"ix":4},"o":{"a":0,"k":100,"ix":5},"r":1,"bm":0,"nm":"填充 1","mn":"ADBE Vector Graphic - Fill","hd":false},{"ty":"tr","p":{"a":0,"k":[0,0],"ix":2},"a":{"a":0,"k":[0,0],"ix":1},"s":{"a":0,"k":[100,100],"ix":3},"r":{"a":0,"k":0,"ix":6},"o":{"a":0,"k":100,"ix":7},"sk":{"a":0,"k":0,"ix":4},"sa":{"a":0,"k":0,"ix":5},"nm":"变换"}],"nm":"R","np":5,"cix":2,"bm":0,"ix":5,"mn":"ADBE Vector Group","hd":false},{"ty":"gr","it":[{"ind":0,"ty":"sh","ix":1,"ks":{"a":0,"k":{"i":[[0,0],[0,0],[0,0],[-1.217,-0.615],[0,-3.219],[1.626,-1.148],[2.792,0]],"o":[[0,0],[0,0],[2.034,0],[2.273,1.169],[0,2.994],[-1.626,1.149],[0,0]],"v":[[200.659,-24.486],[200.659,-39.929],[215.197,-39.929],[220.074,-39.006],[223.484,-32.423],[221.046,-26.209],[214.42,-24.486]],"c":true},"ix":2},"nm":"R","mn":"ADBE Vector Shape - Group","hd":false},{"ind":1,"ty":"sh","ix":2,"ks":{"a":0,"k":{"i":[[0,0],[0,0],[0,0],[0,0],[-1.136,-0.554],[-0.139,-2.953],[0,0],[-0.123,-0.615],[-0.205,-0.389],[0,0],[0,0],[0.369,1.436],[0.062,1.723],[0,0],[0.892,1.169],[1.764,0.718],[-1.118,1.723],[0,2.707],[4.168,1.928],[3.383,0],[0,0]],"o":[[0,0],[0,0],[0,0],[2.431,0],[1.992,1.005],[0,0],[0.082,1.764],[0.123,0.615],[0,0],[0,0],[-0.944,-0.41],[-0.226,-0.841],[0,0],[-0.103,-2.625],[-0.892,-1.169],[2.01,-1.046],[1.118,-1.723],[0,-5.188],[-2.195,-1.005],[0,0],[0,0]],"v":[[194.537,0],[200.659,0],[200.659,-19.38],[214.198,-19.38],[219.548,-18.549],[222.746,-12.612],[223.115,-5.076],[223.422,-1.507],[223.915,0],[231.42,0],[231.42,-1.015],[229.452,-3.784],[229.021,-7.629],[228.806,-13.689],[227.314,-19.38],[223.33,-22.21],[228.021,-26.363],[229.698,-33.007],[223.445,-43.682],[215.078,-45.189],[194.537,-45.189]],"c":true},"ix":2},"nm":"R","mn":"ADBE Vector Shape - Group","hd":false},{"ty":"mm","mm":1,"nm":"合并路径 1","mn":"ADBE Vector Filter - Merge","hd":false},{"ty":"fl","c":{"a":0,"k":[0.596079987171,0.596079987171,0.596079987171,1],"ix":4},"o":{"a":0,"k":100,"ix":5},"r":1,"bm":0,"nm":"填充 1","mn":"ADBE Vector Graphic - Fill","hd":false},{"ty":"tr","p":{"a":0,"k":[0,0],"ix":2},"a":{"a":0,"k":[0,0],"ix":1},"s":{"a":0,"k":[100,100],"ix":3},"r":{"a":0,"k":0,"ix":6},"o":{"a":0,"k":100,"ix":7},"sk":{"a":0,"k":0,"ix":4},"sa":{"a":0,"k":0,"ix":5},"nm":"变换"}],"nm":"R","np":5,"cix":2,"bm":0,"ix":6,"mn":"ADBE Vector Group","hd":false},{"ty":"gr","it":[{"ind":0,"ty":"sh","ix":1,"ks":{"a":0,"k":{"i":[[0,0],[0,0],[-1.503,-2.994],[-7.655,0],[-2.758,5.455],[0,5.558],[0,0],[0,0],[0,0],[1.013,-1.927],[5.229,0],[1.839,3.281],[0,3.281],[0,0]],"o":[[0,0],[0,5.558],[2.737,5.455],[7.655,0],[1.502,-2.994],[0,0],[0,0],[0,0],[0,3.261],[-1.881,3.548],[-4.362,0],[-1.241,-2.174],[0,0],[0,0]],"v":[[239.726,-45.189],[239.726,-19.811],[241.979,-6.983],[257.568,1.2],[273.187,-6.983],[275.44,-19.811],[275.44,-45.189],[269.257,-45.189],[269.257,-17.257],[267.738,-9.475],[257.072,-4.153],[247.77,-9.075],[245.909,-17.257],[245.909,-45.189]],"c":true},"ix":2},"nm":"U","mn":"ADBE Vector Shape - Group","hd":false},{"ty":"fl","c":{"a":0,"k":[0.596079987171,0.596079987171,0.596079987171,1],"ix":4},"o":{"a":0,"k":100,"ix":5},"r":1,"bm":0,"nm":"填充 1","mn":"ADBE Vector Graphic - Fill","hd":false},{"ty":"tr","p":{"a":0,"k":[0,0],"ix":2},"a":{"a":0,"k":[0,0],"ix":1},"s":{"a":0,"k":[100,100],"ix":3},"r":{"a":0,"k":0,"ix":6},"o":{"a":0,"k":100,"ix":7},"sk":{"a":0,"k":0,"ix":4},"sa":{"a":0,"k":0,"ix":5},"nm":"变换"}],"nm":"U","np":3,"cix":2,"bm":0,"ix":7,"mn":"ADBE Vector Group","hd":false},{"ty":"gr","it":[{"ind":0,"ty":"sh","ix":1,"ks":{"a":0,"k":{"i":[[0,0],[0,0],[0,0],[0,0],[-2.194,2.615],[0,3.527],[2.458,2.266],[3.997,0],[0,0]],"o":[[0,0],[0,0],[0,0],[4.52,0],[2.193,-2.615],[0,-4.101],[-2.458,-2.266],[0,0],[0,0]],"v":[[285.376,0],[291.498,0],[291.498,-19.103],[305.608,-19.103],[315.678,-23.025],[318.968,-32.238],[315.281,-41.79],[305.598,-45.189],[285.376,-45.189]],"c":true},"ix":2},"nm":"P","mn":"ADBE Vector Shape - Group","hd":false},{"ind":1,"ty":"sh","ix":2,"ks":{"a":0,"k":{"i":[[0,-3.322],[1.7,-1.169],[2.728,0],[0,0],[0,0],[0,0],[-1.344,-0.635]],"o":[[0,2.953],[-1.7,1.169],[0,0],[0,0],[0,0],[2.341,0],[2.443,1.19]],"v":[[312.785,-32.208],[310.235,-26.024],[303.592,-24.271],[291.498,-24.271],[291.498,-39.929],[303.592,-39.929],[309.12,-38.975]],"c":true},"ix":2},"nm":"P","mn":"ADBE Vector Shape - Group","hd":false},{"ty":"mm","mm":1,"nm":"合并路径 1","mn":"ADBE Vector Filter - Merge","hd":false},{"ty":"fl","c":{"a":0,"k":[0.596079987171,0.596079987171,0.596079987171,1],"ix":4},"o":{"a":0,"k":100,"ix":5},"r":1,"bm":0,"nm":"填充 1","mn":"ADBE Vector Graphic - Fill","hd":false},{"ty":"tr","p":{"a":0,"k":[0,0],"ix":2},"a":{"a":0,"k":[0,0],"ix":1},"s":{"a":0,"k":[100,100],"ix":3},"r":{"a":0,"k":0,"ix":6},"o":{"a":0,"k":100,"ix":7},"sk":{"a":0,"k":0,"ix":4},"sa":{"a":0,"k":0,"ix":5},"nm":"变换"}],"nm":"P","np":5,"cix":2,"bm":0,"ix":8,"mn":"ADBE Vector Group","hd":false},{"ty":"gr","it":[{"ind":0,"ty":"sh","ix":1,"ks":{"a":0,"k":{"i":[[0,0],[0,0],[0,0],[0,0],[0,0],[0,0],[0,0],[0,0]],"o":[[0,0],[0,0],[0,0],[0,0],[0,0],[0,0],[0,0],[0,0]],"v":[[323.029,-45.189],[323.029,-39.806],[338.256,-39.806],[338.256,0],[344.439,0],[344.439,-39.806],[359.666,-39.806],[359.666,-45.189]],"c":true},"ix":2},"nm":"T","mn":"ADBE Vector Shape - Group","hd":false},{"ty":"fl","c":{"a":0,"k":[0.596079987171,0.596079987171,0.596079987171,1],"ix":4},"o":{"a":0,"k":100,"ix":5},"r":1,"bm":0,"nm":"填充 1","mn":"ADBE Vector Graphic - Fill","hd":false},{"ty":"tr","p":{"a":0,"k":[0,0],"ix":2},"a":{"a":0,"k":[0,0],"ix":1},"s":{"a":0,"k":[100,100],"ix":3},"r":{"a":0,"k":0,"ix":6},"o":{"a":0,"k":100,"ix":7},"sk":{"a":0,"k":0,"ix":4},"sa":{"a":0,"k":0,"ix":5},"nm":"变换"}],"nm":"T","np":3,"cix":2,"bm":0,"ix":9,"mn":"ADBE Vector Group","hd":false},{"ty":"gr","it":[{"ind":0,"ty":"sh","ix":1,"ks":{"a":0,"k":{"i":[[7.977,0],[3.896,-5.578],[0,-6.111],[-3.548,-4.43],[-6.952,0],[-4.02,5.25],[0,6.747],[2.994,3.999]],"o":[[-7.629,0],[-3.035,4.348],[0,6.768],[3.978,4.594],[7.444,0],[3.425,-4.471],[0,-6.234],[-3.835,-5.127]],"v":[[384.798,-46.419],[367.51,-38.052],[362.958,-22.364],[368.279,-5.568],[384.675,1.323],[401.871,-6.552],[407.008,-23.379],[402.517,-38.729]],"c":true},"ix":2},"nm":"O","mn":"ADBE Vector Shape - Group","hd":false},{"ind":1,"ty":"sh","ix":2,"ks":{"a":0,"k":{"i":[[5.393,0],[2.533,3.438],[0,5.008],[-2.953,3.212],[-4.676,0],[-2.779,-3.243],[0,-5.316],[2.41,-3.869]],"o":[[-5.681,0],[-2.533,-3.438],[0,-6.26],[2.953,-3.212],[4.819,0],[2.779,3.243],[0,5.029],[-2.41,3.869]],"v":[[385.414,-4.122],[373.094,-9.279],[369.294,-21.948],[373.724,-36.156],[385.167,-40.975],[396.565,-36.11],[400.733,-23.272],[397.118,-9.925]],"c":true},"ix":2},"nm":"O","mn":"ADBE Vector Shape - Group","hd":false},{"ty":"mm","mm":1,"nm":"合并路径 1","mn":"ADBE Vector Filter - Merge","hd":false},{"ty":"fl","c":{"a":0,"k":[0.596079987171,0.596079987171,0.596079987171,1],"ix":4},"o":{"a":0,"k":100,"ix":5},"r":1,"bm":0,"nm":"填充 1","mn":"ADBE Vector Graphic - Fill","hd":false},{"ty":"tr","p":{"a":0,"k":[0,0],"ix":2},"a":{"a":0,"k":[0,0],"ix":1},"s":{"a":0,"k":[100,100],"ix":3},"r":{"a":0,"k":0,"ix":6},"o":{"a":0,"k":100,"ix":7},"sk":{"a":0,"k":0,"ix":4},"sa":{"a":0,"k":0,"ix":5},"nm":"变换"}],"nm":"O","np":5,"cix":2,"bm":0,"ix":10,"mn":"ADBE Vector Group","hd":false},{"ty":"gr","it":[{"ind":0,"ty":"sh","ix":1,"ks":{"a":0,"k":{"i":[[0,0],[0,0],[0,0],[-1.217,-0.615],[0,-3.219],[1.626,-1.148],[2.792,0]],"o":[[0,0],[0,0],[2.034,0],[2.273,1.169],[0,2.994],[-1.626,1.149],[0,0]],"v":[[421.159,-24.486],[421.159,-39.929],[435.697,-39.929],[440.574,-39.006],[443.984,-32.423],[441.546,-26.209],[434.92,-24.486]],"c":true},"ix":2},"nm":"R","mn":"ADBE Vector Shape - Group","hd":false},{"ind":1,"ty":"sh","ix":2,"ks":{"a":0,"k":{"i":[[0,0],[0,0],[0,0],[0,0],[-1.136,-0.554],[-0.139,-2.953],[0,0],[-0.123,-0.615],[-0.205,-0.389],[0,0],[0,0],[0.369,1.436],[0.062,1.723],[0,0],[0.892,1.169],[1.764,0.718],[-1.118,1.723],[0,2.707],[4.168,1.928],[3.383,0],[0,0]],"o":[[0,0],[0,0],[0,0],[2.431,0],[1.992,1.005],[0,0],[0.082,1.764],[0.123,0.615],[0,0],[0,0],[-0.944,-0.41],[-0.226,-0.841],[0,0],[-0.103,-2.625],[-0.892,-1.169],[2.01,-1.046],[1.118,-1.723],[0,-5.188],[-2.195,-1.005],[0,0],[0,0]],"v":[[415.037,0],[421.159,0],[421.159,-19.38],[434.698,-19.38],[440.048,-18.549],[443.246,-12.612],[443.615,-5.076],[443.922,-1.507],[444.415,0],[451.92,0],[451.92,-1.015],[449.952,-3.784],[449.521,-7.629],[449.306,-13.689],[447.814,-19.38],[443.83,-22.21],[448.521,-26.363],[450.198,-33.007],[443.945,-43.682],[435.578,-45.189],[415.037,-45.189]],"c":true},"ix":2},"nm":"R","mn":"ADBE Vector Shape - Group","hd":false},{"ty":"mm","mm":1,"nm":"合并路径 1","mn":"ADBE Vector Filter - Merge","hd":false},{"ty":"fl","c":{"a":0,"k":[0.596079987171,0.596079987171,0.596079987171,1],"ix":4},"o":{"a":0,"k":100,"ix":5},"r":1,"bm":0,"nm":"填充 1","mn":"ADBE Vector Graphic - Fill","hd":false},{"ty":"tr","p":{"a":0,"k":[0,0],"ix":2},"a":{"a":0,"k":[0,0],"ix":1},"s":{"a":0,"k":[100,100],"ix":3},"r":{"a":0,"k":0,"ix":6},"o":{"a":0,"k":100,"ix":7},"sk":{"a":0,"k":0,"ix":4},"sa":{"a":0,"k":0,"ix":5},"nm":"变换"}],"nm":"R","np":5,"cix":2,"bm":0,"ix":11,"mn":"ADBE Vector Group","hd":false}],"ip":10,"op":190,"st":10,"bm":0},{"ddd":0,"ind":5,"ty":4,"nm":"“DE GÉNERO”轮廓","sr":1,"ks":{"o":{"a":1,"k":[{"i":{"x":[0.833],"y":[0.833]},"o":{"x":[0.167],"y":[0.167]},"t":20,"s":[0]},{"i":{"x":[0.833],"y":[0.833]},"o":{"x":[0.167],"y":[0.167]},"t":40,"s":[100]},{"i":{"x":[0.833],"y":[0.833]},"o":{"x":[0.167],"y":[0.167]},"t":180,"s":[100]},{"t":189,"s":[0]}],"ix":11},"r":{"a":0,"k":0,"ix":10},"p":{"a":0,"k":[46,734,0],"ix":2},"a":{"a":0,"k":[0,0,0],"ix":1},"s":{"a":0,"k":[100,100,100],"ix":6}},"ao":0,"hasMask":true,"masksProperties":[{"inv":false,"mode":"a","pt":{"a":1,"k":[{"i":{"x":0.667,"y":1},"o":{"x":0.333,"y":0},"t":20,"s":[{"i":[[0,0],[0,0],[0,0],[0,0]],"o":[[0,0],[0,0],[0,0],[0,0]],"v":[[-39,-98],[-444.633,-98],[-444.633,47.395],[-39,47.395]],"c":true}]},{"i":{"x":0.667,"y":1},"o":{"x":0.333,"y":0},"t":40,"s":[{"i":[[0,0],[0,0],[0,0],[0,0]],"o":[[0,0],[0,0],[0,0],[0,0]],"v":[[550,-98],[-52.633,-98],[-52.633,47.395],[550,47.395]],"c":true}]},{"i":{"x":0.667,"y":1},"o":{"x":0.333,"y":0},"t":180,"s":[{"i":[[0,0],[0,0],[0,0],[0,0]],"o":[[0,0],[0,0],[0,0],[0,0]],"v":[[550,-98],[-52.633,-98],[-52.633,47.395],[550,47.395]],"c":true}]},{"t":189,"s":[{"i":[[0,0],[0,0],[0,0],[0,0]],"o":[[0,0],[0,0],[0,0],[0,0]],"v":[[743,-98],[337.367,-98],[337.367,47.395],[743,47.395]],"c":true}]}],"ix":1},"o":{"a":0,"k":100,"ix":3},"x":{"a":0,"k":0,"ix":4},"nm":"蒙版 1"}],"shapes":[{"ty":"gr","it":[{"ind":0,"ty":"sh","ix":1,"ks":{"a":0,"k":{"i":[[0,0],[0,0],[0,0],[-2.176,-3.096],[0,-5.599],[0.301,-1.702],[1.183,-1.825],[2.326,-0.8],[2.025,0]],"o":[[0,0],[0,0],[4.832,0],[2.175,3.097],[0,1.456],[-0.522,2.851],[-1.484,2.276],[-1.304,0.431],[0,0]],"v":[[11.259,-5.229],[11.259,-39.929],[21.877,-39.929],[32.389,-35.284],[35.653,-22.241],[35.202,-17.503],[32.645,-10.49],[26.93,-5.875],[21.937,-5.229]],"c":true},"ix":2},"nm":"D","mn":"ADBE Vector Shape - Group","hd":false},{"ind":1,"ty":"sh","ix":2,"ks":{"a":0,"k":{"i":[[0,0],[0,0],[-3.137,6.85],[0,4.799],[3.015,3.979],[6.132,0],[0,0]],"o":[[0,0],[7.65,0],[1.781,-3.876],[0,-6.214],[-3.38,-4.409],[0,0],[0,0]],"v":[[5.076,0],[23.077,0],[39.257,-10.274],[41.928,-23.287],[37.405,-38.575],[23.138,-45.189],[5.076,-45.189]],"c":true},"ix":2},"nm":"D","mn":"ADBE Vector Shape - Group","hd":false},{"ty":"mm","mm":1,"nm":"合并路径 1","mn":"ADBE Vector Filter - Merge","hd":false},{"ty":"fl","c":{"a":0,"k":[0.596079987171,0.596079987171,0.596079987171,1],"ix":4},"o":{"a":0,"k":100,"ix":5},"r":1,"bm":0,"nm":"填充 1","mn":"ADBE Vector Graphic - Fill","hd":false},{"ty":"tr","p":{"a":0,"k":[0,0],"ix":2},"a":{"a":0,"k":[0,0],"ix":1},"s":{"a":0,"k":[100,100],"ix":3},"r":{"a":0,"k":0,"ix":6},"o":{"a":0,"k":100,"ix":7},"sk":{"a":0,"k":0,"ix":4},"sa":{"a":0,"k":0,"ix":5},"nm":"变换"}],"nm":"D","np":5,"cix":2,"bm":0,"ix":1,"mn":"ADBE Vector Group","hd":false},{"ty":"gr","it":[{"ind":0,"ty":"sh","ix":1,"ks":{"a":0,"k":{"i":[[0,0],[0,0],[0,0],[0,0],[0,0],[0,0],[0,0],[0,0],[0,0],[0,0],[0,0],[0,0]],"o":[[0,0],[0,0],[0,0],[0,0],[0,0],[0,0],[0,0],[0,0],[0,0],[0,0],[0,0],[0,0]],"v":[[50.88,0],[84.133,0],[84.133,-5.383],[56.848,-5.383],[56.848,-20.703],[81.642,-20.703],[81.642,-25.932],[56.848,-25.932],[56.848,-39.652],[83.672,-39.652],[83.672,-45.189],[50.88,-45.189]],"c":true},"ix":2},"nm":"E","mn":"ADBE Vector Shape - Group","hd":false},{"ty":"fl","c":{"a":0,"k":[0.596079987171,0.596079987171,0.596079987171,1],"ix":4},"o":{"a":0,"k":100,"ix":5},"r":1,"bm":0,"nm":"填充 1","mn":"ADBE Vector Graphic - Fill","hd":false},{"ty":"tr","p":{"a":0,"k":[0,0],"ix":2},"a":{"a":0,"k":[0,0],"ix":1},"s":{"a":0,"k":[100,100],"ix":3},"r":{"a":0,"k":0,"ix":6},"o":{"a":0,"k":100,"ix":7},"sk":{"a":0,"k":0,"ix":4},"sa":{"a":0,"k":0,"ix":5},"nm":"变换"}],"nm":"E","np":3,"cix":2,"bm":0,"ix":2,"mn":"ADBE Vector Group","hd":false},{"ty":"gr","it":[{"ind":0,"ty":"sh","ix":1,"ks":{"a":0,"k":{"i":[[4.184,0],[3.84,-4.265],[0,-7.567],[-4.136,-4.348],[-5.266,0],[-2.643,1.517],[-2.038,2.276],[0,0],[0,0],[0,0],[0,0],[0,0],[0,0],[2.622,-2.369],[3.999,0],[2.311,3.374],[0,5.373],[-2.802,3.138],[-4.097,0],[-2.27,-1.507],[-0.723,-3.302],[0,0],[4.426,2.359]],"o":[[-6.104,0],[-4.042,4.471],[0,7.588],[3.792,3.466],[4.075,0],[1.573,-0.882],[0,0],[0,0],[0,0],[0,0],[0,0],[0,0],[-0.062,5.291],[-2.623,2.369],[-5.226,0],[-2.311,-3.373],[0,-6.214],[2.801,-3.138],[3.454,0],[2.27,1.507],[0,0],[-0.991,-5.906],[-3.052,-1.64]],"v":[[129.046,-46.358],[114.129,-39.959],[108.066,-21.902],[114.269,-3.999],[127.856,1.2],[137.933,-1.077],[143.35,-5.814],[144.826,0],[148.764,0],[148.764,-24.179],[128.922,-24.179],[128.922,-19.103],[143.073,-19.103],[139.046,-7.614],[129.113,-4.061],[117.808,-9.121],[114.341,-22.241],[118.544,-36.268],[128.892,-40.975],[137.477,-38.714],[141.965,-31.5],[148.025,-31.5],[139.9,-43.897]],"c":true},"ix":2},"nm":"G","mn":"ADBE Vector Shape - Group","hd":false},{"ty":"fl","c":{"a":0,"k":[0.596079987171,0.596079987171,0.596079987171,1],"ix":4},"o":{"a":0,"k":100,"ix":5},"r":1,"bm":0,"nm":"填充 1","mn":"ADBE Vector Graphic - Fill","hd":false},{"ty":"tr","p":{"a":0,"k":[0,0],"ix":2},"a":{"a":0,"k":[0,0],"ix":1},"s":{"a":0,"k":[100,100],"ix":3},"r":{"a":0,"k":0,"ix":6},"o":{"a":0,"k":100,"ix":7},"sk":{"a":0,"k":0,"ix":4},"sa":{"a":0,"k":0,"ix":5},"nm":"变换"}],"nm":"G","np":3,"cix":2,"bm":0,"ix":3,"mn":"ADBE Vector Group","hd":false},{"ty":"gr","it":[{"ind":0,"ty":"sh","ix":1,"ks":{"a":0,"k":{"i":[[0,0],[0,0],[0,0],[0,0],[0,0],[0,0],[0,0],[0,0],[0,0],[0,0],[0,0],[0,0]],"o":[[0,0],[0,0],[0,0],[0,0],[0,0],[0,0],[0,0],[0,0],[0,0],[0,0],[0,0],[0,0]],"v":[[159.407,0],[192.661,0],[192.661,-5.383],[165.375,-5.383],[165.375,-20.703],[190.169,-20.703],[190.169,-25.932],[165.375,-25.932],[165.375,-39.652],[192.199,-39.652],[192.199,-45.189],[159.407,-45.189]],"c":true},"ix":2},"nm":"É","mn":"ADBE Vector Shape - Group","hd":false},{"ind":1,"ty":"sh","ix":2,"ks":{"a":0,"k":{"i":[[0,0],[0,0],[0,0],[0,0]],"o":[[0,0],[0,0],[0,0],[0,0]],"v":[[176.203,-57.647],[170.574,-48.757],[174.819,-48.757],[183.032,-57.647]],"c":true},"ix":2},"nm":"É","mn":"ADBE Vector Shape - Group","hd":false},{"ty":"mm","mm":1,"nm":"合并路径 1","mn":"ADBE Vector Filter - Merge","hd":false},{"ty":"fl","c":{"a":0,"k":[0.596079987171,0.596079987171,0.596079987171,1],"ix":4},"o":{"a":0,"k":100,"ix":5},"r":1,"bm":0,"nm":"填充 1","mn":"ADBE Vector Graphic - Fill","hd":false},{"ty":"tr","p":{"a":0,"k":[0,0],"ix":2},"a":{"a":0,"k":[0,0],"ix":1},"s":{"a":0,"k":[100,100],"ix":3},"r":{"a":0,"k":0,"ix":6},"o":{"a":0,"k":100,"ix":7},"sk":{"a":0,"k":0,"ix":4},"sa":{"a":0,"k":0,"ix":5},"nm":"变换"}],"nm":"É","np":5,"cix":2,"bm":0,"ix":4,"mn":"ADBE Vector Group","hd":false},{"ty":"gr","it":[{"ind":0,"ty":"sh","ix":1,"ks":{"a":0,"k":{"i":[[0,0],[0,0],[0,0],[0,0],[0,0],[0,0],[0,0],[0,0],[0,0],[0,0]],"o":[[0,0],[0,0],[0,0],[0,0],[0,0],[0,0],[0,0],[0,0],[0,0],[0,0]],"v":[[200.843,0],[206.688,0],[206.688,-36.468],[229.557,0],[236.435,0],[236.435,-45.189],[230.59,-45.189],[230.59,-8.678],[208.054,-45.189],[200.843,-45.189]],"c":true},"ix":2},"nm":"N","mn":"ADBE Vector Shape - Group","hd":false},{"ty":"fl","c":{"a":0,"k":[0.596079987171,0.596079987171,0.596079987171,1],"ix":4},"o":{"a":0,"k":100,"ix":5},"r":1,"bm":0,"nm":"填充 1","mn":"ADBE Vector Graphic - Fill","hd":false},{"ty":"tr","p":{"a":0,"k":[0,0],"ix":2},"a":{"a":0,"k":[0,0],"ix":1},"s":{"a":0,"k":[100,100],"ix":3},"r":{"a":0,"k":0,"ix":6},"o":{"a":0,"k":100,"ix":7},"sk":{"a":0,"k":0,"ix":4},"sa":{"a":0,"k":0,"ix":5},"nm":"变换"}],"nm":"N","np":3,"cix":2,"bm":0,"ix":5,"mn":"ADBE Vector Group","hd":false},{"ty":"gr","it":[{"ind":0,"ty":"sh","ix":1,"ks":{"a":0,"k":{"i":[[0,0],[0,0],[0,0],[0,0],[0,0],[0,0],[0,0],[0,0],[0,0],[0,0],[0,0],[0,0]],"o":[[0,0],[0,0],[0,0],[0,0],[0,0],[0,0],[0,0],[0,0],[0,0],[0,0],[0,0],[0,0]],"v":[[246.924,0],[280.178,0],[280.178,-5.383],[252.892,-5.383],[252.892,-20.703],[277.686,-20.703],[277.686,-25.932],[252.892,-25.932],[252.892,-39.652],[279.716,-39.652],[279.716,-45.189],[246.924,-45.189]],"c":true},"ix":2},"nm":"E","mn":"ADBE Vector Shape - Group","hd":false},{"ty":"fl","c":{"a":0,"k":[0.596079987171,0.596079987171,0.596079987171,1],"ix":4},"o":{"a":0,"k":100,"ix":5},"r":1,"bm":0,"nm":"填充 1","mn":"ADBE Vector Graphic - Fill","hd":false},{"ty":"tr","p":{"a":0,"k":[0,0],"ix":2},"a":{"a":0,"k":[0,0],"ix":1},"s":{"a":0,"k":[100,100],"ix":3},"r":{"a":0,"k":0,"ix":6},"o":{"a":0,"k":100,"ix":7},"sk":{"a":0,"k":0,"ix":4},"sa":{"a":0,"k":0,"ix":5},"nm":"变换"}],"nm":"E","np":3,"cix":2,"bm":0,"ix":6,"mn":"ADBE Vector Group","hd":false},{"ty":"gr","it":[{"ind":0,"ty":"sh","ix":1,"ks":{"a":0,"k":{"i":[[0,0],[0,0],[0,0],[-1.217,-0.615],[0,-3.219],[1.626,-1.148],[2.792,0]],"o":[[0,0],[0,0],[2.034,0],[2.273,1.169],[0,2.994],[-1.626,1.149],[0,0]],"v":[[295.22,-24.486],[295.22,-39.929],[309.759,-39.929],[314.635,-39.006],[318.045,-32.423],[315.607,-26.209],[308.981,-24.486]],"c":true},"ix":2},"nm":"R","mn":"ADBE Vector Shape - Group","hd":false},{"ind":1,"ty":"sh","ix":2,"ks":{"a":0,"k":{"i":[[0,0],[0,0],[0,0],[0,0],[-1.136,-0.554],[-0.139,-2.953],[0,0],[-0.123,-0.615],[-0.205,-0.389],[0,0],[0,0],[0.369,1.436],[0.062,1.723],[0,0],[0.892,1.169],[1.764,0.718],[-1.118,1.723],[0,2.707],[4.168,1.928],[3.383,0],[0,0]],"o":[[0,0],[0,0],[0,0],[2.431,0],[1.992,1.005],[0,0],[0.082,1.764],[0.123,0.615],[0,0],[0,0],[-0.944,-0.41],[-0.226,-0.841],[0,0],[-0.103,-2.625],[-0.892,-1.169],[2.01,-1.046],[1.118,-1.723],[0,-5.188],[-2.195,-1.005],[0,0],[0,0]],"v":[[289.099,0],[295.22,0],[295.22,-19.38],[308.759,-19.38],[314.109,-18.549],[317.307,-12.612],[317.676,-5.076],[317.984,-1.507],[318.476,0],[325.982,0],[325.982,-1.015],[324.013,-3.784],[323.583,-7.629],[323.367,-13.689],[321.875,-19.38],[317.892,-22.21],[322.583,-26.363],[324.259,-33.007],[318.006,-43.682],[309.639,-45.189],[289.099,-45.189]],"c":true},"ix":2},"nm":"R","mn":"ADBE Vector Shape - Group","hd":false},{"ty":"mm","mm":1,"nm":"合并路径 1","mn":"ADBE Vector Filter - Merge","hd":false},{"ty":"fl","c":{"a":0,"k":[0.596079987171,0.596079987171,0.596079987171,1],"ix":4},"o":{"a":0,"k":100,"ix":5},"r":1,"bm":0,"nm":"填充 1","mn":"ADBE Vector Graphic - Fill","hd":false},{"ty":"tr","p":{"a":0,"k":[0,0],"ix":2},"a":{"a":0,"k":[0,0],"ix":1},"s":{"a":0,"k":[100,100],"ix":3},"r":{"a":0,"k":0,"ix":6},"o":{"a":0,"k":100,"ix":7},"sk":{"a":0,"k":0,"ix":4},"sa":{"a":0,"k":0,"ix":5},"nm":"变换"}],"nm":"R","np":5,"cix":2,"bm":0,"ix":7,"mn":"ADBE Vector Group","hd":false},{"ty":"gr","it":[{"ind":0,"ty":"sh","ix":1,"ks":{"a":0,"k":{"i":[[7.977,0],[3.896,-5.578],[0,-6.111],[-3.548,-4.43],[-6.952,0],[-4.02,5.25],[0,6.747],[2.994,3.999]],"o":[[-7.629,0],[-3.035,4.348],[0,6.768],[3.978,4.594],[7.444,0],[3.425,-4.471],[0,-6.234],[-3.835,-5.127]],"v":[[353.36,-46.419],[336.072,-38.052],[331.519,-22.364],[336.841,-5.568],[353.237,1.323],[370.433,-6.552],[375.57,-23.379],[371.079,-38.729]],"c":true},"ix":2},"nm":"O","mn":"ADBE Vector Shape - Group","hd":false},{"ind":1,"ty":"sh","ix":2,"ks":{"a":0,"k":{"i":[[5.393,0],[2.533,3.438],[0,5.008],[-2.953,3.212],[-4.676,0],[-2.779,-3.243],[0,-5.316],[2.41,-3.869]],"o":[[-5.681,0],[-2.533,-3.438],[0,-6.26],[2.953,-3.212],[4.819,0],[2.779,3.243],[0,5.029],[-2.41,3.869]],"v":[[353.975,-4.122],[341.655,-9.279],[337.856,-21.948],[342.286,-36.156],[353.729,-40.975],[365.126,-36.11],[369.294,-23.272],[365.68,-9.925]],"c":true},"ix":2},"nm":"O","mn":"ADBE Vector Shape - Group","hd":false},{"ty":"mm","mm":1,"nm":"合并路径 1","mn":"ADBE Vector Filter - Merge","hd":false},{"ty":"fl","c":{"a":0,"k":[0.596079987171,0.596079987171,0.596079987171,1],"ix":4},"o":{"a":0,"k":100,"ix":5},"r":1,"bm":0,"nm":"填充 1","mn":"ADBE Vector Graphic - Fill","hd":false},{"ty":"tr","p":{"a":0,"k":[0,0],"ix":2},"a":{"a":0,"k":[0,0],"ix":1},"s":{"a":0,"k":[100,100],"ix":3},"r":{"a":0,"k":0,"ix":6},"o":{"a":0,"k":100,"ix":7},"sk":{"a":0,"k":0,"ix":4},"sa":{"a":0,"k":0,"ix":5},"nm":"变换"}],"nm":"O","np":5,"cix":2,"bm":0,"ix":8,"mn":"ADBE Vector Group","hd":false}],"ip":20,"op":190,"st":20,"bm":0}],"markers":[]}