{"v":"5.6.8","fr":30,"ip":0,"op":189,"w":1125,"h":1050,"nm":"订阅视频-变老-多语言","ddd":0,"assets":[],"layers":[{"ddd":0,"ind":1,"ty":4,"nm":"“어떻게 생겼는지”轮廓","sr":1,"ks":{"o":{"a":1,"k":[{"i":{"x":[0.833],"y":[0.833]},"o":{"x":[0.167],"y":[0.167]},"t":20,"s":[0]},{"i":{"x":[0.833],"y":[0.833]},"o":{"x":[0.167],"y":[0.167]},"t":40,"s":[100]},{"i":{"x":[0.833],"y":[0.833]},"o":{"x":[0.167],"y":[0.167]},"t":180,"s":[100]},{"t":189,"s":[0]}],"ix":11},"r":{"a":0,"k":0,"ix":10},"p":{"a":0,"k":[62,704,0],"ix":2},"a":{"a":0,"k":[0,0,0],"ix":1},"s":{"a":0,"k":[100,100,100],"ix":6}},"ao":0,"hasMask":true,"masksProperties":[{"inv":false,"mode":"a","pt":{"a":1,"k":[{"i":{"x":0.667,"y":1},"o":{"x":0.333,"y":0},"t":20,"s":[{"i":[[0,0],[0,0],[0,0],[0,0]],"o":[[0,0],[0,0],[0,0],[0,0]],"v":[[-39,-98],[-444.633,-98],[-444.633,47.395],[-39,47.395]],"c":true}]},{"i":{"x":0.667,"y":1},"o":{"x":0.333,"y":0},"t":40,"s":[{"i":[[0,0],[0,0],[0,0],[0,0]],"o":[[0,0],[0,0],[0,0],[0,0]],"v":[[550,-98],[-52.633,-98],[-52.633,47.395],[550,47.395]],"c":true}]},{"i":{"x":0.667,"y":1},"o":{"x":0.333,"y":0},"t":180,"s":[{"i":[[0,0],[0,0],[0,0],[0,0]],"o":[[0,0],[0,0],[0,0],[0,0]],"v":[[550,-98],[-52.633,-98],[-52.633,47.395],[550,47.395]],"c":true}]},{"t":189,"s":[{"i":[[0,0],[0,0],[0,0],[0,0]],"o":[[0,0],[0,0],[0,0],[0,0]],"v":[[743,-98],[337.367,-98],[337.367,47.395],[743,47.395]],"c":true}]}],"ix":1},"o":{"a":0,"k":100,"ix":3},"x":{"a":0,"k":0,"ix":4},"nm":"蒙版 1"}],"shapes":[{"ty":"gr","it":[{"ind":0,"ty":"sh","ix":1,"ks":{"a":0,"k":{"i":[[0,-11.499],[-10.302,0],[-0.665,10.369],[0,0],[0,0],[0,0],[0,0],[0,0],[0,0],[0,0],[9.438,0]],"o":[[0,11.499],[9.571,0],[0,0],[0,0],[0,0],[0,0],[0,0],[0,0],[0,0],[-0.731,-10.236],[-10.302,0]],"v":[[2.792,-28.78],[17.747,-8.242],[32.503,-26.454],[44.267,-26.454],[44.267,4.653],[50.183,4.653],[50.183,-53.44],[44.267,-53.44],[44.267,-31.439],[32.503,-31.439],[17.747,-49.319]],"c":true},"ix":2},"nm":"어","mn":"ADBE Vector Shape - Group","hd":false},{"ind":1,"ty":"sh","ix":2,"ks":{"a":0,"k":{"i":[[0,-9.04],[5.849,0],[0,8.907],[-5.916,0]],"o":[[0,8.907],[-5.916,0],[0,-9.04],[5.849,0]],"v":[[26.72,-28.714],[17.747,-13.293],[8.84,-28.714],[17.747,-44.267]],"c":true},"ix":2},"nm":"어","mn":"ADBE Vector Shape - Group","hd":false},{"ty":"mm","mm":1,"nm":"合并路径 1","mn":"ADBE Vector Filter - Merge","hd":false},{"ty":"fl","c":{"a":0,"k":[0.596079987171,0.596079987171,0.596079987171,1],"ix":4},"o":{"a":0,"k":100,"ix":5},"r":1,"bm":0,"nm":"填充 1","mn":"ADBE Vector Graphic - Fill","hd":false},{"ty":"tr","p":{"a":0,"k":[0,0],"ix":2},"a":{"a":0,"k":[0,0],"ix":1},"s":{"a":0,"k":[100,100],"ix":3},"r":{"a":0,"k":0,"ix":6},"o":{"a":0,"k":100,"ix":7},"sk":{"a":0,"k":0,"ix":4},"sa":{"a":0,"k":0,"ix":5},"nm":"变换"}],"nm":"어","np":5,"cix":2,"bm":0,"ix":1,"mn":"ADBE Vector Group","hd":false},{"ty":"gr","it":[{"ind":0,"ty":"sh","ix":1,"ks":{"a":0,"k":{"i":[[-4.387,0.931],[0,0],[4.055,0],[0,0],[0,0],[0,0],[0,0],[0,0]],"o":[[0,0],[-3.257,0.731],[0,0],[0,0],[0,0],[0,0],[0,0],[7.444,0]],"v":[[97.9,-28.514],[97.169,-32.901],[84.673,-31.771],[84.673,-45.796],[94.909,-45.796],[94.909,-50.515],[78.957,-50.515],[78.957,-27.052]],"c":true},"ix":2},"nm":"떻","mn":"ADBE Vector Shape - Group","hd":false},{"ind":1,"ty":"sh","ix":2,"ks":{"a":0,"k":{"i":[[-3.789,0.931],[0,0],[2.792,0],[0,0],[0,0],[0,0],[0,0],[0,0]],"o":[[0,0],[-3.19,0.931],[0,0],[0,0],[0,0],[0,0],[0,0],[6.979,0]],"v":[[77.162,-28.581],[76.431,-32.968],[66.727,-31.838],[66.727,-45.796],[75.434,-45.796],[75.434,-50.515],[61.011,-50.515],[61.011,-27.052]],"c":true},"ix":2},"nm":"떻","mn":"ADBE Vector Shape - Group","hd":false},{"ind":2,"ty":"sh","ix":3,"ks":{"a":0,"k":{"i":[[0,0],[0,0],[0,0],[0,0],[0,0],[0,0],[0,0],[0,0]],"o":[[0,0],[0,0],[0,0],[0,0],[0,0],[0,0],[0,0],[0,0]],"v":[[108.003,-22.267],[108.003,-53.44],[102.354,-53.44],[102.354,-41.808],[92.583,-41.808],[92.583,-37.155],[102.354,-37.155],[102.354,-22.267]],"c":true},"ix":2},"nm":"떻","mn":"ADBE Vector Shape - Group","hd":false},{"ind":3,"ty":"sh","ix":4,"ks":{"a":0,"k":{"i":[[0,0],[0,0],[0,0],[0,0]],"o":[[0,0],[0,0],[0,0],[0,0]],"v":[[97.236,-18.81],[97.236,-23.529],[79.489,-23.529],[79.489,-18.81]],"c":true},"ix":2},"nm":"떻","mn":"ADBE Vector Shape - Group","hd":false},{"ind":4,"ty":"sh","ix":5,"ks":{"a":0,"k":{"i":[[0,0],[0,0],[0,0],[0,0]],"o":[[0,0],[0,0],[0,0],[0,0]],"v":[[108.801,-11.565],[108.801,-16.152],[67.99,-16.152],[67.99,-11.565]],"c":true},"ix":2},"nm":"떻","mn":"ADBE Vector Shape - Group","hd":false},{"ind":5,"ty":"sh","ix":6,"ks":{"a":0,"k":{"i":[[0,4.453],[11.366,0],[0,-4.387],[-11.299,0]],"o":[[0,-4.387],[-11.366,0],[0,4.453],[11.167,0]],"v":[[104.215,-2.193],[88.462,-9.837],[72.643,-2.193],[88.462,5.45]],"c":true},"ix":2},"nm":"떻","mn":"ADBE Vector Shape - Group","hd":false},{"ind":6,"ty":"sh","ix":7,"ks":{"a":0,"k":{"i":[[0,-2.26],[5.982,0],[0,2.26],[-6.115,0]],"o":[[0,2.26],[-6.181,0],[0,-2.26],[6.248,0]],"v":[[98.033,-2.193],[88.462,1.196],[78.758,-2.193],[88.462,-5.583]],"c":true},"ix":2},"nm":"떻","mn":"ADBE Vector Shape - Group","hd":false},{"ty":"mm","mm":1,"nm":"合并路径 1","mn":"ADBE Vector Filter - Merge","hd":false},{"ty":"fl","c":{"a":0,"k":[0.596079987171,0.596079987171,0.596079987171,1],"ix":4},"o":{"a":0,"k":100,"ix":5},"r":1,"bm":0,"nm":"填充 1","mn":"ADBE Vector Graphic - Fill","hd":false},{"ty":"tr","p":{"a":0,"k":[0,0],"ix":2},"a":{"a":0,"k":[0,0],"ix":1},"s":{"a":0,"k":[100,100],"ix":3},"r":{"a":0,"k":0,"ix":6},"o":{"a":0,"k":100,"ix":7},"sk":{"a":0,"k":0,"ix":4},"sa":{"a":0,"k":0,"ix":5},"nm":"变换"}],"nm":"떻","np":10,"cix":2,"bm":0,"ix":2,"mn":"ADBE Vector Group","hd":false},{"ty":"gr","it":[{"ind":0,"ty":"sh","ix":1,"ks":{"a":0,"k":{"i":[[0,0],[0,0],[0,0],[0,0]],"o":[[0,0],[0,0],[0,0],[0,0]],"v":[[165.757,4.653],[165.757,-53.44],[160.108,-53.44],[160.108,4.653]],"c":true},"ix":2},"nm":"게","mn":"ADBE Vector Shape - Group","hd":false},{"ind":1,"ty":"sh","ix":2,"ks":{"a":0,"k":{"i":[[0,0],[0,0],[0,0],[0,0],[0,0],[0,0],[0,0],[0,0]],"o":[[0,0],[0,0],[0,0],[0,0],[0,0],[0,0],[0,0],[0,0]],"v":[[154.258,1.795],[154.258,-52.11],[148.675,-52.11],[148.675,-29.91],[140.167,-29.91],[140.167,-25.125],[148.675,-25.125],[148.675,1.795]],"c":true},"ix":2},"nm":"게","mn":"ADBE Vector Shape - Group","hd":false},{"ind":2,"ty":"sh","ix":3,"ks":{"a":0,"k":{"i":[[-0.199,17.215],[0,0],[0,0],[0,0],[11.964,-6.979],[0,0]],"o":[[0,0],[0,0],[0,0],[-0.997,11.831],[0,0],[14.29,-9.505]],"v":[[141.098,-46.461],[118.233,-46.461],[118.233,-41.609],[135.249,-41.609],[115.707,-11.632],[119.695,-7.311]],"c":true},"ix":2},"nm":"게","mn":"ADBE Vector Shape - Group","hd":false},{"ty":"mm","mm":1,"nm":"合并路径 1","mn":"ADBE Vector Filter - Merge","hd":false},{"ty":"fl","c":{"a":0,"k":[0.596079987171,0.596079987171,0.596079987171,1],"ix":4},"o":{"a":0,"k":100,"ix":5},"r":1,"bm":0,"nm":"填充 1","mn":"ADBE Vector Graphic - Fill","hd":false},{"ty":"tr","p":{"a":0,"k":[0,0],"ix":2},"a":{"a":0,"k":[0,0],"ix":1},"s":{"a":0,"k":[100,100],"ix":3},"r":{"a":0,"k":0,"ix":6},"o":{"a":0,"k":100,"ix":7},"sk":{"a":0,"k":0,"ix":4},"sa":{"a":0,"k":0,"ix":5},"nm":"变换"}],"nm":"게","np":6,"cix":2,"bm":0,"ix":3,"mn":"ADBE Vector Group","hd":false},{"ty":"gr","it":[{"ind":0,"ty":"sh","ix":1,"ks":{"a":0,"k":{"i":[[0,6.78],[12.562,0],[0,-6.78],[-12.429,0]],"o":[[0,-6.78],[-12.429,0],[0,6.78],[12.562,0]],"v":[[240.802,-6.447],[220.795,-17.481],[200.922,-6.447],[220.795,4.586]],"c":true},"ix":2},"nm":"생","mn":"ADBE Vector Shape - Group","hd":false},{"ind":1,"ty":"sh","ix":2,"ks":{"a":0,"k":{"i":[[0,0],[0,0],[0,0],[0,0],[0,0],[0,0],[0,0],[0,0],[0,0],[0,0],[0,0],[0,0]],"o":[[0,0],[0,0],[0,0],[0,0],[0,0],[0,0],[0,0],[0,0],[0,0],[0,0],[0,0],[0,0]],"v":[[240.204,-17.082],[240.204,-53.44],[234.554,-53.44],[234.554,-38.352],[228.04,-38.352],[228.04,-52.376],[222.457,-52.376],[222.457,-20.073],[228.04,-20.073],[228.04,-33.566],[234.554,-33.566],[234.554,-17.082]],"c":true},"ix":2},"nm":"생","mn":"ADBE Vector Shape - Group","hd":false},{"ind":2,"ty":"sh","ix":3,"ks":{"a":0,"k":{"i":[[-8.375,0],[0,-3.789],[8.508,0],[0,3.789]],"o":[[8.508,0],[0,3.789],[-8.375,0],[0,-3.789]],"v":[[220.795,-12.695],[234.687,-6.447],[220.795,-0.266],[207.103,-6.447]],"c":true},"ix":2},"nm":"생","mn":"ADBE Vector Shape - Group","hd":false},{"ind":3,"ty":"sh","ix":4,"ks":{"a":0,"k":{"i":[[0,0],[0,8.641],[0,0],[0,0],[0,0],[6.381,-3.456],[0,0],[-1.396,4.586],[-3.988,-1.994]],"o":[[-5.052,-2.326],[0,0],[0,0],[0,0],[0,8.508],[0,0],[5.118,-2.858],[1.728,4.121],[0,0]],"v":[[220.197,-26.454],[208.698,-43.27],[208.698,-50.116],[202.982,-50.116],[202.982,-43.137],[190.752,-24.261],[194.275,-20.007],[205.907,-33.234],[217.073,-22.001]],"c":true},"ix":2},"nm":"생","mn":"ADBE Vector Shape - Group","hd":false},{"ty":"mm","mm":1,"nm":"合并路径 1","mn":"ADBE Vector Filter - Merge","hd":false},{"ty":"fl","c":{"a":0,"k":[0.596079987171,0.596079987171,0.596079987171,1],"ix":4},"o":{"a":0,"k":100,"ix":5},"r":1,"bm":0,"nm":"填充 1","mn":"ADBE Vector Graphic - Fill","hd":false},{"ty":"tr","p":{"a":0,"k":[0,0],"ix":2},"a":{"a":0,"k":[0,0],"ix":1},"s":{"a":0,"k":[100,100],"ix":3},"r":{"a":0,"k":0,"ix":6},"o":{"a":0,"k":100,"ix":7},"sk":{"a":0,"k":0,"ix":4},"sa":{"a":0,"k":0,"ix":5},"nm":"变换"}],"nm":"생","np":7,"cix":2,"bm":0,"ix":4,"mn":"ADBE Vector Group","hd":false},{"ty":"gr","it":[{"ind":0,"ty":"sh","ix":1,"ks":{"a":0,"k":{"i":[[0,0],[0,0],[0,0],[0,0],[0,0],[0,0],[0,0],[0,0],[0,0],[0,0],[0,0],[0,0]],"o":[[0,0],[0,0],[0,0],[0,0],[0,0],[0,0],[0,0],[0,0],[0,0],[0,0],[0,0],[0,0]],"v":[[277.818,-27.119],[289.982,-27.119],[289.982,-19.807],[295.897,-19.807],[295.897,-53.44],[289.982,-53.44],[289.982,-43.536],[278.549,-43.536],[278.549,-38.684],[289.982,-38.684],[289.982,-31.971],[277.818,-31.971]],"c":true},"ix":2},"nm":"겼","mn":"ADBE Vector Shape - Group","hd":false},{"ind":1,"ty":"sh","ix":2,"ks":{"a":0,"k":{"i":[[-0.997,15.487],[0,0],[0,0],[0,0],[11.034,-2.459],[0,0]],"o":[[0,0],[0,0],[0,0],[-1.728,9.904],[0,0],[15.155,-4.786]],"v":[[277.752,-49.585],[251.497,-49.585],[251.497,-44.666],[271.238,-44.666],[248.639,-25.058],[252.029,-20.339]],"c":true},"ix":2},"nm":"겼","mn":"ADBE Vector Shape - Group","hd":false},{"ind":2,"ty":"sh","ix":3,"ks":{"a":0,"k":{"i":[[-3.789,-1.795],[-1.196,1.462],[0,7.178],[0,0],[0,0],[0,0],[6.447,-3.057],[-1.263,-1.263],[-1.329,4.187]],"o":[[1.263,-1.329],[-5.65,-2.06],[0,0],[0,0],[0,0],[0,7.112],[1.263,1.329],[4.786,-2.26],[1.396,4.055]],"v":[[297.758,4.852],[301.348,0.665],[290.115,-14.955],[290.115,-18.013],[284.332,-18.013],[284.332,-14.756],[273.033,1.662],[276.755,5.65],[287.323,-6.049]],"c":true},"ix":2},"nm":"겼","mn":"ADBE Vector Shape - Group","hd":false},{"ind":3,"ty":"sh","ix":4,"ks":{"a":0,"k":{"i":[[-2.592,-1.329],[0,0],[0,5.716],[0,0],[0,0],[0,0],[6.049,-2.725],[-1.196,-1.396],[-1.329,4.32]],"o":[[0,0],[-4.254,-1.662],[0,0],[0,0],[0,0],[0,7.178],[1.13,1.396],[4.919,-2.26],[1.263,2.725]],"v":[[272.9,-0.266],[276.821,-4.187],[268.712,-15.553],[268.712,-18.013],[262.863,-18.013],[262.863,-15.221],[251.364,0.798],[254.82,4.985],[266.12,-7.178]],"c":true},"ix":2},"nm":"겼","mn":"ADBE Vector Shape - Group","hd":false},{"ty":"mm","mm":1,"nm":"合并路径 1","mn":"ADBE Vector Filter - Merge","hd":false},{"ty":"fl","c":{"a":0,"k":[0.596079987171,0.596079987171,0.596079987171,1],"ix":4},"o":{"a":0,"k":100,"ix":5},"r":1,"bm":0,"nm":"填充 1","mn":"ADBE Vector Graphic - Fill","hd":false},{"ty":"tr","p":{"a":0,"k":[0,0],"ix":2},"a":{"a":0,"k":[0,0],"ix":1},"s":{"a":0,"k":[100,100],"ix":3},"r":{"a":0,"k":0,"ix":6},"o":{"a":0,"k":100,"ix":7},"sk":{"a":0,"k":0,"ix":4},"sa":{"a":0,"k":0,"ix":5},"nm":"变换"}],"nm":"겼","np":7,"cix":2,"bm":0,"ix":5,"mn":"ADBE Vector Group","hd":false},{"ty":"gr","it":[{"ind":0,"ty":"sh","ix":1,"ks":{"a":0,"k":{"i":[[0,0],[0,0],[0,0],[0,0]],"o":[[0,0],[0,0],[0,0],[0,0]],"v":[[357.772,-19.076],[357.772,-23.862],[305.33,-23.862],[305.33,-19.076]],"c":true},"ix":2},"nm":"는","mn":"ADBE Vector Shape - Group","hd":false},{"ind":1,"ty":"sh","ix":2,"ks":{"a":0,"k":{"i":[[0,0],[0,0],[0,0],[0,0],[0,0],[0,0]],"o":[[0,0],[0,0],[0,0],[0,0],[0,0],[0,0]],"v":[[352.255,3.39],[352.255,-1.462],[318.158,-1.462],[318.158,-13.825],[312.309,-13.825],[312.309,3.39]],"c":true},"ix":2},"nm":"는","mn":"ADBE Vector Shape - Group","hd":false},{"ind":2,"ty":"sh","ix":3,"ks":{"a":0,"k":{"i":[[0,0],[0,0],[0,0],[0,0],[0,0],[0,0]],"o":[[0,0],[0,0],[0,0],[0,0],[0,0],[0,0]],"v":[[351.99,-30.708],[351.99,-35.494],[318.357,-35.494],[318.357,-51.047],[312.508,-51.047],[312.508,-30.708]],"c":true},"ix":2},"nm":"는","mn":"ADBE Vector Shape - Group","hd":false},{"ty":"mm","mm":1,"nm":"合并路径 1","mn":"ADBE Vector Filter - Merge","hd":false},{"ty":"fl","c":{"a":0,"k":[0.596079987171,0.596079987171,0.596079987171,1],"ix":4},"o":{"a":0,"k":100,"ix":5},"r":1,"bm":0,"nm":"填充 1","mn":"ADBE Vector Graphic - Fill","hd":false},{"ty":"tr","p":{"a":0,"k":[0,0],"ix":2},"a":{"a":0,"k":[0,0],"ix":1},"s":{"a":0,"k":[100,100],"ix":3},"r":{"a":0,"k":0,"ix":6},"o":{"a":0,"k":100,"ix":7},"sk":{"a":0,"k":0,"ix":4},"sa":{"a":0,"k":0,"ix":5},"nm":"变换"}],"nm":"는","np":6,"cix":2,"bm":0,"ix":6,"mn":"ADBE Vector Group","hd":false},{"ty":"gr","it":[{"ind":0,"ty":"sh","ix":1,"ks":{"a":0,"k":{"i":[[0,0],[0,11.233],[0,0],[0,0],[0,0],[0,0],[0,0],[0,0],[0,0],[8.84,-5.184],[0,0],[-1.662,6.846],[-5.583,-3.257]],"o":[[-8.242,-4.453],[0,0],[0,0],[0,0],[0,0],[0,0],[0,0],[0,0],[0,11.366],[0,0],[6.913,-4.055],[1.861,6.447],[0,0]],"v":[[398.178,-13.559],[383.423,-38.152],[383.423,-42.805],[396.45,-42.805],[396.45,-47.591],[364.214,-47.591],[364.214,-42.805],[377.374,-42.805],[377.374,-38.152],[362.153,-12.097],[365.875,-7.843],[380.432,-26.188],[394.722,-9.172]],"c":true},"ix":2},"nm":"지","mn":"ADBE Vector Shape - Group","hd":false},{"ind":1,"ty":"sh","ix":2,"ks":{"a":0,"k":{"i":[[0,0],[0,0],[0,0],[0,0]],"o":[[0,0],[0,0],[0,0],[0,0]],"v":[[404.426,-53.44],[404.426,4.653],[410.342,4.653],[410.342,-53.44]],"c":true},"ix":2},"nm":"지","mn":"ADBE Vector Shape - Group","hd":false},{"ty":"mm","mm":1,"nm":"合并路径 1","mn":"ADBE Vector Filter - Merge","hd":false},{"ty":"fl","c":{"a":0,"k":[0.596079987171,0.596079987171,0.596079987171,1],"ix":4},"o":{"a":0,"k":100,"ix":5},"r":1,"bm":0,"nm":"填充 1","mn":"ADBE Vector Graphic - Fill","hd":false},{"ty":"tr","p":{"a":0,"k":[0,0],"ix":2},"a":{"a":0,"k":[0,0],"ix":1},"s":{"a":0,"k":[100,100],"ix":3},"r":{"a":0,"k":0,"ix":6},"o":{"a":0,"k":100,"ix":7},"sk":{"a":0,"k":0,"ix":4},"sa":{"a":0,"k":0,"ix":5},"nm":"变换"}],"nm":"지","np":5,"cix":2,"bm":0,"ix":7,"mn":"ADBE Vector Group","hd":false}],"ip":20,"op":190,"st":20,"bm":0},{"ddd":0,"ind":3,"ty":4,"nm":"“당신은”轮廓","sr":1,"ks":{"o":{"a":1,"k":[{"i":{"x":[0.833],"y":[0.833]},"o":{"x":[0.167],"y":[0.167]},"t":10,"s":[0]},{"i":{"x":[0.833],"y":[0.833]},"o":{"x":[0.167],"y":[0.167]},"t":30,"s":[100]},{"i":{"x":[0.833],"y":[0.833]},"o":{"x":[0.167],"y":[0.167]},"t":180,"s":[100]},{"t":189,"s":[0]}],"ix":11},"r":{"a":0,"k":0,"ix":10},"p":{"a":0,"k":[62,604,0],"ix":2},"a":{"a":0,"k":[0,0,0],"ix":1},"s":{"a":0,"k":[100,100,100],"ix":6}},"ao":0,"hasMask":true,"masksProperties":[{"inv":false,"mode":"a","pt":{"a":1,"k":[{"i":{"x":0.667,"y":1},"o":{"x":0.333,"y":0},"t":10,"s":[{"i":[[0,0],[0,0],[0,0],[0,0]],"o":[[0,0],[0,0],[0,0],[0,0]],"v":[[-48,-101],[-365.648,-101],[-365.648,48.859],[-48,48.859]],"c":true}]},{"i":{"x":0.667,"y":1},"o":{"x":0.333,"y":0},"t":30,"s":[{"i":[[0,0],[0,0],[0,0],[0,0]],"o":[[0,0],[0,0],[0,0],[0,0]],"v":[[520,-101],[-42.648,-101],[-42.648,48.859],[520,48.859]],"c":true}]},{"i":{"x":0.667,"y":1},"o":{"x":0.333,"y":0},"t":180,"s":[{"i":[[0,0],[0,0],[0,0],[0,0]],"o":[[0,0],[0,0],[0,0],[0,0]],"v":[[520,-101],[-42.648,-101],[-42.648,48.859],[520,48.859]],"c":true}]},{"t":189,"s":[{"i":[[0,0],[0,0],[0,0],[0,0]],"o":[[0,0],[0,0],[0,0],[0,0]],"v":[[587,-102],[269.352,-102],[269.352,47.859],[587,47.859]],"c":true}]}],"ix":1},"o":{"a":0,"k":100,"ix":3},"x":{"a":0,"k":0,"ix":4},"nm":"蒙版 1"}],"shapes":[{"ty":"gr","it":[{"ind":0,"ty":"sh","ix":1,"ks":{"a":0,"k":{"i":[[0,0],[0,0],[0,0],[0,0],[0,0],[0,0],[0,0],[-5.837,1.205],[0,0],[7.614,0]],"o":[[0,0],[0,0],[0,0],[0,0],[0,0],[0,0],[9.771,0],[0,0],[-5.393,1.205],[0,0]],"v":[[9.834,-26.457],[9.834,-42.192],[29.439,-42.192],[29.439,-46.696],[4.314,-46.696],[4.314,-21.762],[9.898,-21.762],[34.705,-23.665],[33.944,-28.17],[12.309,-26.457]],"c":true},"ix":2},"nm":"당","mn":"ADBE Vector Shape - Group","hd":false},{"ind":1,"ty":"sh","ix":2,"ks":{"a":0,"k":{"i":[[0,0],[0,0],[0,0],[0,0],[0,0],[0,0],[0,0],[0,0]],"o":[[0,0],[0,0],[0,0],[0,0],[0,0],[0,0],[0,0],[0,0]],"v":[[53.485,-32.167],[53.485,-36.799],[45.237,-36.799],[45.237,-51.011],[39.59,-51.011],[39.59,-18.082],[45.237,-18.082],[45.237,-32.167]],"c":true},"ix":2},"nm":"당","mn":"ADBE Vector Shape - Group","hd":false},{"ind":2,"ty":"sh","ix":3,"ks":{"a":0,"k":{"i":[[0,6.408],[11.991,0],[0,-6.535],[-11.991,0]],"o":[[0,-6.471],[-11.991,0],[0,6.471],[11.991,0]],"v":[[45.935,-6.471],[27.345,-17.321],[8.819,-6.471],[27.345,4.314]],"c":true},"ix":2},"nm":"당","mn":"ADBE Vector Shape - Group","hd":false},{"ind":3,"ty":"sh","ix":4,"ks":{"a":0,"k":{"i":[[0,-3.807],[7.994,0],[0,3.807],[-7.994,0]],"o":[[0,3.807],[-7.994,0],[0,-3.743],[7.994,0]],"v":[[40.161,-6.471],[27.345,-0.317],[14.593,-6.471],[27.345,-12.689]],"c":true},"ix":2},"nm":"당","mn":"ADBE Vector Shape - Group","hd":false},{"ty":"mm","mm":1,"nm":"合并路径 1","mn":"ADBE Vector Filter - Merge","hd":false},{"ty":"fl","c":{"a":0,"k":[0.596079987171,0.596079987171,0.596079987171,1],"ix":4},"o":{"a":0,"k":100,"ix":5},"r":1,"bm":0,"nm":"填充 1","mn":"ADBE Vector Graphic - Fill","hd":false},{"ty":"tr","p":{"a":0,"k":[0,0],"ix":2},"a":{"a":0,"k":[0,0],"ix":1},"s":{"a":0,"k":[100,100],"ix":3},"r":{"a":0,"k":0,"ix":6},"o":{"a":0,"k":100,"ix":7},"sk":{"a":0,"k":0,"ix":4},"sa":{"a":0,"k":0,"ix":5},"nm":"变换"}],"nm":"당","np":7,"cix":2,"bm":0,"ix":1,"mn":"ADBE Vector Group","hd":false},{"ty":"gr","it":[{"ind":0,"ty":"sh","ix":1,"ks":{"a":0,"k":{"i":[[0,0],[0,0],[0,0],[0,0]],"o":[[0,0],[0,0],[0,0],[0,0]],"v":[[102.396,-10.722],[102.396,-51.011],[96.749,-51.011],[96.749,-10.722]],"c":true},"ix":2},"nm":"신","mn":"ADBE Vector Shape - Group","hd":false},{"ind":1,"ty":"sh","ix":2,"ks":{"a":0,"k":{"i":[[0,0],[0,9.009],[0,0],[0,0],[0,0],[7.55,-3.172],[0,0],[-1.713,5.9],[-5.139,-2.157]],"o":[[-6.535,-2.284],[0,0],[0,0],[0,0],[0,8.756],[0,0],[5.71,-2.601],[2.348,5.647],[0,0]],"v":[[90.468,-23.729],[76.574,-41.938],[76.574,-47.902],[70.863,-47.902],[70.863,-41.684],[56.905,-21.889],[60.331,-17.511],[73.782,-32.421],[87.233,-19.351]],"c":true},"ix":2},"nm":"신","mn":"ADBE Vector Shape - Group","hd":false},{"ind":2,"ty":"sh","ix":3,"ks":{"a":0,"k":{"i":[[0,0],[0,0],[0,0],[0,0],[0,0],[0,0]],"o":[[0,0],[0,0],[0,0],[0,0],[0,0],[0,0]],"v":[[103.602,2.855],[103.602,-1.713],[71.879,-1.713],[71.879,-14.466],[66.232,-14.466],[66.232,2.855]],"c":true},"ix":2},"nm":"신","mn":"ADBE Vector Shape - Group","hd":false},{"ty":"mm","mm":1,"nm":"合并路径 1","mn":"ADBE Vector Filter - Merge","hd":false},{"ty":"fl","c":{"a":0,"k":[0.596079987171,0.596079987171,0.596079987171,1],"ix":4},"o":{"a":0,"k":100,"ix":5},"r":1,"bm":0,"nm":"填充 1","mn":"ADBE Vector Graphic - Fill","hd":false},{"ty":"tr","p":{"a":0,"k":[0,0],"ix":2},"a":{"a":0,"k":[0,0],"ix":1},"s":{"a":0,"k":[100,100],"ix":3},"r":{"a":0,"k":0,"ix":6},"o":{"a":0,"k":100,"ix":7},"sk":{"a":0,"k":0,"ix":4},"sa":{"a":0,"k":0,"ix":5},"nm":"变换"}],"nm":"신","np":6,"cix":2,"bm":0,"ix":2,"mn":"ADBE Vector Group","hd":false},{"ty":"gr","it":[{"ind":0,"ty":"sh","ix":1,"ks":{"a":0,"k":{"i":[[0,0],[0,0],[0,0],[0,0]],"o":[[0,0],[0,0],[0,0],[0,0]],"v":[[161.459,-18.209],[161.459,-22.777],[111.4,-22.777],[111.4,-18.209]],"c":true},"ix":2},"nm":"은","mn":"ADBE Vector Shape - Group","hd":false},{"ind":1,"ty":"sh","ix":2,"ks":{"a":0,"k":{"i":[[0,0],[0,0],[0,0],[0,0],[0,0],[0,0]],"o":[[0,0],[0,0],[0,0],[0,0],[0,0],[0,0]],"v":[[155.495,2.792],[155.495,-1.713],[123.454,-1.713],[123.454,-13.324],[117.871,-13.324],[117.871,2.792]],"c":true},"ix":2},"nm":"은","mn":"ADBE Vector Shape - Group","hd":false},{"ind":2,"ty":"sh","ix":3,"ks":{"a":0,"k":{"i":[[0,6.852],[12.182,0],[0,-6.852],[-12.118,0]],"o":[[0,-6.852],[-12.055,0],[0,6.852],[12.118,0]],"v":[[155.812,-38.385],[136.397,-49.298],[117.11,-38.385],[136.397,-27.409]],"c":true},"ix":2},"nm":"은","mn":"ADBE Vector Shape - Group","hd":false},{"ind":3,"ty":"sh","ix":4,"ks":{"a":0,"k":{"i":[[-8.058,0],[0,-3.934],[8.185,0],[0,3.934]],"o":[[8.185,0],[0,3.934],[-8.058,0],[0,-3.934]],"v":[[136.397,-44.729],[149.911,-38.385],[136.397,-32.04],[123.137,-38.385]],"c":true},"ix":2},"nm":"은","mn":"ADBE Vector Shape - Group","hd":false},{"ty":"mm","mm":1,"nm":"合并路径 1","mn":"ADBE Vector Filter - Merge","hd":false},{"ty":"fl","c":{"a":0,"k":[0.596079987171,0.596079987171,0.596079987171,1],"ix":4},"o":{"a":0,"k":100,"ix":5},"r":1,"bm":0,"nm":"填充 1","mn":"ADBE Vector Graphic - Fill","hd":false},{"ty":"tr","p":{"a":0,"k":[0,0],"ix":2},"a":{"a":0,"k":[0,0],"ix":1},"s":{"a":0,"k":[100,100],"ix":3},"r":{"a":0,"k":0,"ix":6},"o":{"a":0,"k":100,"ix":7},"sk":{"a":0,"k":0,"ix":4},"sa":{"a":0,"k":0,"ix":5},"nm":"变换"}],"nm":"은","np":7,"cix":2,"bm":0,"ix":3,"mn":"ADBE Vector Group","hd":false}],"ip":10,"op":190,"st":10,"bm":0},{"ddd":0,"ind":5,"ty":4,"nm":"“30 년 후”轮廓","sr":1,"ks":{"o":{"a":1,"k":[{"i":{"x":[0.833],"y":[0.833]},"o":{"x":[0.167],"y":[0.167]},"t":0,"s":[0]},{"i":{"x":[0.833],"y":[0.833]},"o":{"x":[0.167],"y":[0.167]},"t":20,"s":[100]},{"i":{"x":[0.833],"y":[0.833]},"o":{"x":[0.167],"y":[0.167]},"t":180,"s":[100]},{"t":189,"s":[0]}],"ix":11},"r":{"a":0,"k":0,"ix":10},"p":{"a":0,"k":[62,504,0],"ix":2},"a":{"a":0,"k":[0,0,0],"ix":1},"s":{"a":0,"k":[100,100,100],"ix":6}},"ao":0,"hasMask":true,"masksProperties":[{"inv":false,"mode":"a","pt":{"a":1,"k":[{"i":{"x":0.667,"y":1},"o":{"x":0.333,"y":0},"t":0,"s":[{"i":[[0,0],[0,0],[0,0],[0,0]],"o":[[0,0],[0,0],[0,0],[0,0]],"v":[[-46,-113],[-450.445,-113],[-450.445,58.684],[-46,58.684]],"c":true}]},{"i":{"x":0.667,"y":1},"o":{"x":0.333,"y":0},"t":20,"s":[{"i":[[0,0],[0,0],[0,0],[0,0]],"o":[[0,0],[0,0],[0,0],[0,0]],"v":[[538,-113],[-53.445,-113],[-53.445,58.684],[538,58.684]],"c":true}]},{"i":{"x":0.667,"y":1},"o":{"x":0.333,"y":0},"t":180,"s":[{"i":[[0,0],[0,0],[0,0],[0,0]],"o":[[0,0],[0,0],[0,0],[0,0]],"v":[[538,-113],[-53.445,-113],[-53.445,58.684],[538,58.684]],"c":true}]},{"t":189,"s":[{"i":[[0,0],[0,0],[0,0],[0,0]],"o":[[0,0],[0,0],[0,0],[0,0]],"v":[[741,-114],[336.555,-114],[336.555,57.684],[741,57.684]],"c":true}]}],"ix":1},"o":{"a":0,"k":100,"ix":3},"x":{"a":0,"k":0,"ix":4},"nm":"蒙版 1"}],"shapes":[{"ty":"gr","it":[{"ind":0,"ty":"sh","ix":1,"ks":{"a":0,"k":{"i":[[-4.853,0],[0,7.31],[5.345,0.983],[0,4.976],[7.495,0],[2.519,-1.597],[0,0],[-3.317,0],[0,-4.915],[5.222,-0.061],[0,0],[0,0],[0,0],[0,-5.099],[6.573,0],[2.273,1.536],[0,0]],"o":[[9.215,0],[0,-6.389],[4.669,-1.597],[0,-6.573],[-3.686,0],[0,0],[2.519,-1.413],[4.915,0],[0,4.423],[0,0],[0,0],[0,0],[6.082,0],[0,5.099],[-3.072,0],[0,0],[2.334,1.597]],"v":[[14.375,-1.966],[29.426,-14.252],[20.15,-24.634],[27.952,-34.279],[15.419,-44.6],[4.423,-41.528],[5.222,-37.228],[14.252,-40.054],[22.361,-33.419],[13.576,-26.354],[9.952,-26.354],[9.952,-21.87],[13.945,-21.87],[23.897,-14.375],[13.638,-6.389],[4.116,-9.092],[3.01,-4.915]],"c":true},"ix":2},"nm":"3","mn":"ADBE Vector Shape - Group","hd":false},{"ty":"fl","c":{"a":0,"k":[0.596079987171,0.596079987171,0.596079987171,1],"ix":4},"o":{"a":0,"k":100,"ix":5},"r":1,"bm":0,"nm":"填充 1","mn":"ADBE Vector Graphic - Fill","hd":false},{"ty":"tr","p":{"a":0,"k":[0,0],"ix":2},"a":{"a":0,"k":[0,0],"ix":1},"s":{"a":0,"k":[100,100],"ix":3},"r":{"a":0,"k":0,"ix":6},"o":{"a":0,"k":100,"ix":7},"sk":{"a":0,"k":0,"ix":4},"sa":{"a":0,"k":0,"ix":5},"nm":"变换"}],"nm":"3","np":3,"cix":2,"bm":0,"ix":1,"mn":"ADBE Vector Group","hd":false},{"ty":"gr","it":[{"ind":0,"ty":"sh","ix":1,"ks":{"a":0,"k":{"i":[[-8.662,0],[0,14.129],[0,0],[8.17,0],[0,-14.621],[0,0]],"o":[[8.416,0],[0,0],[0,-14.375],[-8.232,0],[0,0],[0,14.068]],"v":[[52.17,-1.843],[67.22,-21.624],[67.22,-25.187],[52.231,-44.6],[36.812,-24.941],[36.812,-21.685]],"c":true},"ix":2},"nm":"0","mn":"ADBE Vector Shape - Group","hd":false},{"ind":1,"ty":"sh","ix":2,"ks":{"a":0,"k":{"i":[[6.143,0],[0,10.136],[0,0],[-6.266,0],[0,-10.321],[0,0]],"o":[[-6.327,0],[0,0],[0,-10.136],[6.143,0],[0,0],[0,10.505]],"v":[[52.17,-6.266],[42.586,-21.255],[42.586,-25.617],[52.231,-40.176],[61.63,-25.187],[61.63,-20.948]],"c":true},"ix":2},"nm":"0","mn":"ADBE Vector Shape - Group","hd":false},{"ty":"mm","mm":1,"nm":"合并路径 1","mn":"ADBE Vector Filter - Merge","hd":false},{"ty":"fl","c":{"a":0,"k":[0.596079987171,0.596079987171,0.596079987171,1],"ix":4},"o":{"a":0,"k":100,"ix":5},"r":1,"bm":0,"nm":"填充 1","mn":"ADBE Vector Graphic - Fill","hd":false},{"ty":"tr","p":{"a":0,"k":[0,0],"ix":2},"a":{"a":0,"k":[0,0],"ix":1},"s":{"a":0,"k":[100,100],"ix":3},"r":{"a":0,"k":0,"ix":6},"o":{"a":0,"k":100,"ix":7},"sk":{"a":0,"k":0,"ix":4},"sa":{"a":0,"k":0,"ix":5},"nm":"变换"}],"nm":"0","np":5,"cix":2,"bm":0,"ix":2,"mn":"ADBE Vector Group","hd":false},{"ty":"gr","it":[{"ind":0,"ty":"sh","ix":1,"ks":{"a":0,"k":{"i":[[0,0],[0,0],[0,0],[0,0],[0,0],[0,0]],"o":[[0,0],[0,0],[0,0],[0,0],[0,0],[0,0]],"v":[[135.145,2.764],[135.145,-1.597],[104.367,-1.597],[104.367,-13.392],[98.961,-13.392],[98.961,2.764]],"c":true},"ix":2},"nm":"년","mn":"ADBE Vector Shape - Group","hd":false},{"ind":1,"ty":"sh","ix":2,"ks":{"a":0,"k":{"i":[[-5.467,1.167],[0.307,1.413],[7.188,0],[0,0],[0,0],[0,0],[-2.273,0.061]],"o":[[-0.184,-1.474],[-6.143,1.29],[0,0],[0,0],[0,0],[2.089,0],[6.635,-0.123]],"v":[[119.664,-19.781],[118.865,-24.081],[97.917,-22.3],[97.917,-45.644],[92.572,-45.644],[92.572,-17.692],[99.145,-17.754]],"c":true},"ix":2},"nm":"년","mn":"ADBE Vector Shape - Group","hd":false},{"ind":2,"ty":"sh","ix":3,"ks":{"a":0,"k":{"i":[[0,0],[0,0],[0,0],[0,0],[0,0],[0,0],[0,0],[0,0],[0,0],[0,0],[0,0],[0,0]],"o":[[0,0],[0,0],[0,0],[0,0],[0,0],[0,0],[0,0],[0,0],[0,0],[0,0],[0,0],[0,0]],"v":[[128.264,-37.412],[128.264,-32.067],[111.8,-32.067],[111.8,-27.706],[128.264,-27.706],[128.264,-10.443],[133.732,-10.443],[133.732,-49.391],[128.264,-49.391],[128.264,-41.712],[111.8,-41.712],[111.8,-37.412]],"c":true},"ix":2},"nm":"년","mn":"ADBE Vector Shape - Group","hd":false},{"ty":"mm","mm":1,"nm":"合并路径 1","mn":"ADBE Vector Filter - Merge","hd":false},{"ty":"fl","c":{"a":0,"k":[0.596079987171,0.596079987171,0.596079987171,1],"ix":4},"o":{"a":0,"k":100,"ix":5},"r":1,"bm":0,"nm":"填充 1","mn":"ADBE Vector Graphic - Fill","hd":false},{"ty":"tr","p":{"a":0,"k":[0,0],"ix":2},"a":{"a":0,"k":[0,0],"ix":1},"s":{"a":0,"k":[100,100],"ix":3},"r":{"a":0,"k":0,"ix":6},"o":{"a":0,"k":100,"ix":7},"sk":{"a":0,"k":0,"ix":4},"sa":{"a":0,"k":0,"ix":5},"nm":"变换"}],"nm":"년","np":6,"cix":2,"bm":0,"ix":3,"mn":"ADBE Vector Group","hd":false},{"ty":"gr","it":[{"ind":0,"ty":"sh","ix":1,"ks":{"a":0,"k":{"i":[[0,5.529],[9.829,0],[0,-5.529],[-9.768,0]],"o":[[0,-5.529],[-9.768,0],[0,5.529],[9.829,0]],"v":[[199.282,-25.863],[182.757,-34.279],[166.293,-25.863],[182.757,-17.508]],"c":true},"ix":2},"nm":"후","mn":"ADBE Vector Shape - Group","hd":false},{"ind":1,"ty":"sh","ix":2,"ks":{"a":0,"k":{"i":[[0,0],[0,0],[0,0],[0,0],[0,0],[0,0],[0,0],[0,0]],"o":[[0,0],[0,0],[0,0],[0,0],[0,0],[0,0],[0,0],[0,0]],"v":[[185.399,4.3],[185.399,-10.321],[206.961,-10.321],[206.961,-14.744],[158.491,-14.744],[158.491,-10.321],[179.931,-10.321],[179.931,4.3]],"c":true},"ix":2},"nm":"후","mn":"ADBE Vector Shape - Group","hd":false},{"ind":2,"ty":"sh","ix":3,"ks":{"a":0,"k":{"i":[[0,0],[0,0],[0,0],[0,0]],"o":[[0,0],[0,0],[0,0],[0,0]],"v":[[204.135,-36.552],[204.135,-40.975],[161.44,-40.975],[161.44,-36.552]],"c":true},"ix":2},"nm":"후","mn":"ADBE Vector Shape - Group","hd":false},{"ind":3,"ty":"sh","ix":4,"ks":{"a":0,"k":{"i":[[0,-2.887],[5.345,0],[0,2.826],[-5.222,0]],"o":[[0,2.826],[-5.222,0],[0,-2.887],[5.345,0]],"v":[[193.692,-25.863],[182.757,-21.808],[171.884,-25.863],[182.757,-29.917]],"c":true},"ix":2},"nm":"후","mn":"ADBE Vector Shape - Group","hd":false},{"ind":4,"ty":"sh","ix":5,"ks":{"a":0,"k":{"i":[[0,0],[0,0],[0,0],[0,0]],"o":[[0,0],[0,0],[0,0],[0,0]],"v":[[191.972,-44.108],[191.972,-48.593],[173.542,-48.593],[173.542,-44.108]],"c":true},"ix":2},"nm":"후","mn":"ADBE Vector Shape - Group","hd":false},{"ty":"mm","mm":1,"nm":"合并路径 1","mn":"ADBE Vector Filter - Merge","hd":false},{"ty":"fl","c":{"a":0,"k":[0.596079987171,0.596079987171,0.596079987171,1],"ix":4},"o":{"a":0,"k":100,"ix":5},"r":1,"bm":0,"nm":"填充 1","mn":"ADBE Vector Graphic - Fill","hd":false},{"ty":"tr","p":{"a":0,"k":[0,0],"ix":2},"a":{"a":0,"k":[0,0],"ix":1},"s":{"a":0,"k":[100,100],"ix":3},"r":{"a":0,"k":0,"ix":6},"o":{"a":0,"k":100,"ix":7},"sk":{"a":0,"k":0,"ix":4},"sa":{"a":0,"k":0,"ix":5},"nm":"变换"}],"nm":"후","np":8,"cix":2,"bm":0,"ix":4,"mn":"ADBE Vector Group","hd":false}],"ip":0,"op":190,"st":0,"bm":0}],"markers":[]}