{"v":"5.6.8","fr":30,"ip":0,"op":189,"w":1125,"h":1050,"nm":"订阅视频-变老-多语言","ddd":0,"assets":[],"layers":[{"ddd":0,"ind":36,"ty":4,"nm":"“Como você será”轮廓","sr":1,"ks":{"o":{"a":1,"k":[{"i":{"x":[0.833],"y":[0.833]},"o":{"x":[0.167],"y":[0.167]},"t":0,"s":[0]},{"i":{"x":[0.833],"y":[0.833]},"o":{"x":[0.167],"y":[0.167]},"t":20,"s":[100]},{"i":{"x":[0.833],"y":[0.833]},"o":{"x":[0.167],"y":[0.167]},"t":180,"s":[100]},{"t":189,"s":[0]}],"ix":11},"r":{"a":0,"k":0,"ix":10},"p":{"a":0,"k":[42,492,0],"ix":2},"a":{"a":0,"k":[0,0,0],"ix":1},"s":{"a":0,"k":[100,100,100],"ix":6}},"ao":0,"hasMask":true,"masksProperties":[{"inv":false,"mode":"a","pt":{"a":1,"k":[{"i":{"x":0.667,"y":1},"o":{"x":0.333,"y":0},"t":0,"s":[{"i":[[0,0],[0,0],[0,0],[0,0]],"o":[[0,0],[0,0],[0,0],[0,0]],"v":[[-46,-113],[-450.445,-113],[-450.445,58.684],[-46,58.684]],"c":true}]},{"i":{"x":0.667,"y":1},"o":{"x":0.333,"y":0},"t":20,"s":[{"i":[[0,0],[0,0],[0,0],[0,0]],"o":[[0,0],[0,0],[0,0],[0,0]],"v":[[538,-113],[-53.445,-113],[-53.445,58.684],[538,58.684]],"c":true}]},{"i":{"x":0.667,"y":1},"o":{"x":0.333,"y":0},"t":180,"s":[{"i":[[0,0],[0,0],[0,0],[0,0]],"o":[[0,0],[0,0],[0,0],[0,0]],"v":[[538,-113],[-53.445,-113],[-53.445,58.684],[538,58.684]],"c":true}]},{"t":189,"s":[{"i":[[0,0],[0,0],[0,0],[0,0]],"o":[[0,0],[0,0],[0,0],[0,0]],"v":[[741,-114],[336.555,-114],[336.555,57.684],[741,57.684]],"c":true}]}],"ix":1},"o":{"a":0,"k":100,"ix":3},"x":{"a":0,"k":0,"ix":4},"nm":"蒙版 1"}],"shapes":[{"ty":"gr","it":[{"ind":0,"ty":"sh","ix":1,"ks":{"a":0,"k":{"i":[[-12.727,0],[-1.27,8.918],[0,0],[6.062,0],[0,10.886],[-8.22,0],[-1.333,-5.681],[0,0],[10.093,0],[0,-14.822]],"o":[[10.22,0],[0,0],[-1.27,5.205],[-8.252,0],[0,-10.886],[6.03,0],[0,0],[-1.143,-9.172],[-12.727,0],[0,14.79]],"v":[[24.534,1.111],[43.545,-13.679],[36.467,-13.679],[24.534,-5.205],[11.14,-22.883],[24.502,-40.593],[36.467,-31.294],[43.545,-31.294],[24.502,-46.909],[3.872,-22.883]],"c":true},"ix":2},"nm":"C","mn":"ADBE Vector Shape - Group","hd":false},{"ty":"fl","c":{"a":0,"k":[0.596079987171,0.596079987171,0.596079987171,1],"ix":4},"o":{"a":0,"k":100,"ix":5},"r":1,"bm":0,"nm":"填充 1","mn":"ADBE Vector Graphic - Fill","hd":false},{"ty":"tr","p":{"a":0,"k":[0,0],"ix":2},"a":{"a":0,"k":[0,0],"ix":1},"s":{"a":0,"k":[100,100],"ix":3},"r":{"a":0,"k":0,"ix":6},"o":{"a":0,"k":100,"ix":7},"sk":{"a":0,"k":0,"ix":4},"sa":{"a":0,"k":0,"ix":5},"nm":"变换"}],"nm":"C","np":3,"cix":2,"bm":0,"ix":1,"mn":"ADBE Vector Group","hd":false},{"ty":"gr","it":[{"ind":0,"ty":"sh","ix":1,"ks":{"a":0,"k":{"i":[[-10.125,0],[0,11.14],[10.061,0],[0,-11.108]],"o":[[10.093,0],[0,-11.14],[-10.093,0],[0,11.14]],"v":[[66.682,0.667],[82.964,-17.234],[66.682,-35.134],[50.369,-17.234]],"c":true},"ix":2},"nm":"o","mn":"ADBE Vector Shape - Group","hd":false},{"ind":1,"ty":"sh","ix":2,"ks":{"a":0,"k":{"i":[[5.903,0],[0,7.681],[-5.935,0],[0,-7.681]],"o":[[-5.935,0],[0,-7.681],[5.903,0],[0,7.649]],"v":[[66.682,-5.142],[57.415,-17.234],[66.682,-29.358],[75.95,-17.234]],"c":true},"ix":2},"nm":"o","mn":"ADBE Vector Shape - Group","hd":false},{"ty":"mm","mm":1,"nm":"合并路径 1","mn":"ADBE Vector Filter - Merge","hd":false},{"ty":"fl","c":{"a":0,"k":[0.596079987171,0.596079987171,0.596079987171,1],"ix":4},"o":{"a":0,"k":100,"ix":5},"r":1,"bm":0,"nm":"填充 1","mn":"ADBE Vector Graphic - Fill","hd":false},{"ty":"tr","p":{"a":0,"k":[0,0],"ix":2},"a":{"a":0,"k":[0,0],"ix":1},"s":{"a":0,"k":[100,100],"ix":3},"r":{"a":0,"k":0,"ix":6},"o":{"a":0,"k":100,"ix":7},"sk":{"a":0,"k":0,"ix":4},"sa":{"a":0,"k":0,"ix":5},"nm":"变换"}],"nm":"o","np":5,"cix":2,"bm":0,"ix":2,"mn":"ADBE Vector Group","hd":false},{"ty":"gr","it":[{"ind":0,"ty":"sh","ix":1,"ks":{"a":0,"k":{"i":[[0,0],[0,0],[0,0],[-4.158,0],[0,-3.936],[0,0],[0,0],[0,0],[-4.412,0],[0,-4.761],[0,0],[0,0],[0,0],[6.982,0],[1.746,-3.713],[0,0],[4.729,0],[1.523,-3.872],[0,0],[0,0],[0,0]],"o":[[0,0],[0,0],[0,-4.507],[4.062,0],[0,0],[0,0],[0,0],[0,-4.158],[4.475,0],[0,0],[0,0],[0,0],[0,-7.173],[-4.792,0],[0,0],[-1.523,-3.713],[-4.602,0],[0,0],[0,0],[0,0],[0,0]],"v":[[91.152,0],[97.976,0],[97.976,-21.169],[105.276,-29.199],[111.941,-22.82],[111.941,0],[118.638,0],[118.638,-21.804],[125.938,-29.199],[132.634,-22.122],[132.634,0],[139.458,0],[139.458,-23.772],[128.413,-35.134],[117.908,-28.977],[117.368,-28.977],[107.847,-35.134],[98.23,-28.977],[97.722,-28.977],[97.722,-34.468],[91.152,-34.468]],"c":true},"ix":2},"nm":"m","mn":"ADBE Vector Shape - Group","hd":false},{"ty":"fl","c":{"a":0,"k":[0.596079987171,0.596079987171,0.596079987171,1],"ix":4},"o":{"a":0,"k":100,"ix":5},"r":1,"bm":0,"nm":"填充 1","mn":"ADBE Vector Graphic - Fill","hd":false},{"ty":"tr","p":{"a":0,"k":[0,0],"ix":2},"a":{"a":0,"k":[0,0],"ix":1},"s":{"a":0,"k":[100,100],"ix":3},"r":{"a":0,"k":0,"ix":6},"o":{"a":0,"k":100,"ix":7},"sk":{"a":0,"k":0,"ix":4},"sa":{"a":0,"k":0,"ix":5},"nm":"变换"}],"nm":"m","np":3,"cix":2,"bm":0,"ix":3,"mn":"ADBE Vector Group","hd":false},{"ty":"gr","it":[{"ind":0,"ty":"sh","ix":1,"ks":{"a":0,"k":{"i":[[-10.125,0],[0,11.14],[10.061,0],[0,-11.108]],"o":[[10.093,0],[0,-11.14],[-10.093,0],[0,11.14]],"v":[[163.643,0.667],[179.924,-17.234],[163.643,-35.134],[147.329,-17.234]],"c":true},"ix":2},"nm":"o","mn":"ADBE Vector Shape - Group","hd":false},{"ind":1,"ty":"sh","ix":2,"ks":{"a":0,"k":{"i":[[5.903,0],[0,7.681],[-5.935,0],[0,-7.681]],"o":[[-5.935,0],[0,-7.681],[5.903,0],[0,7.649]],"v":[[163.643,-5.142],[154.375,-17.234],[163.643,-29.358],[172.91,-17.234]],"c":true},"ix":2},"nm":"o","mn":"ADBE Vector Shape - Group","hd":false},{"ty":"mm","mm":1,"nm":"合并路径 1","mn":"ADBE Vector Filter - Merge","hd":false},{"ty":"fl","c":{"a":0,"k":[0.596079987171,0.596079987171,0.596079987171,1],"ix":4},"o":{"a":0,"k":100,"ix":5},"r":1,"bm":0,"nm":"填充 1","mn":"ADBE Vector Graphic - Fill","hd":false},{"ty":"tr","p":{"a":0,"k":[0,0],"ix":2},"a":{"a":0,"k":[0,0],"ix":1},"s":{"a":0,"k":[100,100],"ix":3},"r":{"a":0,"k":0,"ix":6},"o":{"a":0,"k":100,"ix":7},"sk":{"a":0,"k":0,"ix":4},"sa":{"a":0,"k":0,"ix":5},"nm":"变换"}],"nm":"o","np":5,"cix":2,"bm":0,"ix":4,"mn":"ADBE Vector Group","hd":false},{"ty":"gr","it":[{"ind":0,"ty":"sh","ix":1,"ks":{"a":0,"k":{"i":[[0,0],[0,0],[0,0],[0,0],[0,0],[0,0],[0,0],[0,0]],"o":[[0,0],[0,0],[0,0],[0,0],[0,0],[0,0],[0,0],[0,0]],"v":[[235.149,-34.468],[227.913,-34.468],[219.343,-6.982],[218.804,-6.982],[210.203,-34.468],[202.903,-34.468],[215.376,0],[222.708,0]],"c":true},"ix":2},"nm":"v","mn":"ADBE Vector Shape - Group","hd":false},{"ty":"fl","c":{"a":0,"k":[0.596079987171,0.596079987171,0.596079987171,1],"ix":4},"o":{"a":0,"k":100,"ix":5},"r":1,"bm":0,"nm":"填充 1","mn":"ADBE Vector Graphic - Fill","hd":false},{"ty":"tr","p":{"a":0,"k":[0,0],"ix":2},"a":{"a":0,"k":[0,0],"ix":1},"s":{"a":0,"k":[100,100],"ix":3},"r":{"a":0,"k":0,"ix":6},"o":{"a":0,"k":100,"ix":7},"sk":{"a":0,"k":0,"ix":4},"sa":{"a":0,"k":0,"ix":5},"nm":"变换"}],"nm":"v","np":3,"cix":2,"bm":0,"ix":5,"mn":"ADBE Vector Group","hd":false},{"ty":"gr","it":[{"ind":0,"ty":"sh","ix":1,"ks":{"a":0,"k":{"i":[[-10.125,0],[0,11.14],[10.061,0],[0,-11.108]],"o":[[10.093,0],[0,-11.14],[-10.093,0],[0,11.14]],"v":[[256.667,0.667],[272.949,-17.234],[256.667,-35.134],[240.354,-17.234]],"c":true},"ix":2},"nm":"o","mn":"ADBE Vector Shape - Group","hd":false},{"ind":1,"ty":"sh","ix":2,"ks":{"a":0,"k":{"i":[[5.903,0],[0,7.681],[-5.935,0],[0,-7.681]],"o":[[-5.935,0],[0,-7.681],[5.903,0],[0,7.649]],"v":[[256.667,-5.142],[247.4,-17.234],[256.667,-29.358],[265.935,-17.234]],"c":true},"ix":2},"nm":"o","mn":"ADBE Vector Shape - Group","hd":false},{"ty":"mm","mm":1,"nm":"合并路径 1","mn":"ADBE Vector Filter - Merge","hd":false},{"ty":"fl","c":{"a":0,"k":[0.596079987171,0.596079987171,0.596079987171,1],"ix":4},"o":{"a":0,"k":100,"ix":5},"r":1,"bm":0,"nm":"填充 1","mn":"ADBE Vector Graphic - Fill","hd":false},{"ty":"tr","p":{"a":0,"k":[0,0],"ix":2},"a":{"a":0,"k":[0,0],"ix":1},"s":{"a":0,"k":[100,100],"ix":3},"r":{"a":0,"k":0,"ix":6},"o":{"a":0,"k":100,"ix":7},"sk":{"a":0,"k":0,"ix":4},"sa":{"a":0,"k":0,"ix":5},"nm":"变换"}],"nm":"o","np":5,"cix":2,"bm":0,"ix":6,"mn":"ADBE Vector Group","hd":false},{"ty":"gr","it":[{"ind":0,"ty":"sh","ix":1,"ks":{"a":0,"k":{"i":[[0,0],[8.665,0],[0,-10.95],[-10.061,0],[-0.889,6.792],[0,0],[4.316,0],[0,7.617],[-5.713,0],[-0.793,-3.364]],"o":[[-0.889,-6.697],[-10.061,0],[0,11.172],[8.538,0],[0,0],[-0.889,3.745],[-5.681,0],[0,-7.458],[4.57,0],[0,0]],"v":[[310.4,-23.391],[295.61,-35.134],[279.424,-17.361],[295.642,0.667],[310.4,-10.918],[303.767,-10.918],[295.61,-5.142],[286.406,-17.361],[295.61,-29.326],[303.767,-23.391]],"c":true},"ix":2},"nm":"c","mn":"ADBE Vector Shape - Group","hd":false},{"ty":"fl","c":{"a":0,"k":[0.596079987171,0.596079987171,0.596079987171,1],"ix":4},"o":{"a":0,"k":100,"ix":5},"r":1,"bm":0,"nm":"填充 1","mn":"ADBE Vector Graphic - Fill","hd":false},{"ty":"tr","p":{"a":0,"k":[0,0],"ix":2},"a":{"a":0,"k":[0,0],"ix":1},"s":{"a":0,"k":[100,100],"ix":3},"r":{"a":0,"k":0,"ix":6},"o":{"a":0,"k":100,"ix":7},"sk":{"a":0,"k":0,"ix":4},"sa":{"a":0,"k":0,"ix":5},"nm":"变换"}],"nm":"c","np":3,"cix":2,"bm":0,"ix":7,"mn":"ADBE Vector Group","hd":false},{"ty":"gr","it":[{"ind":0,"ty":"sh","ix":1,"ks":{"a":0,"k":{"i":[[0,0],[0,0],[0,0],[0,0],[0,0],[0,0],[0,0],[0,0]],"o":[[0,0],[0,0],[0,0],[0,0],[0,0],[0,0],[0,0],[0,0]],"v":[[336.14,-50.146],[328.713,-50.146],[320.874,-39.229],[327.666,-39.229],[332.173,-46.243],[332.712,-46.243],[337.219,-39.229],[343.979,-39.229]],"c":true},"ix":2},"nm":"ê","mn":"ADBE Vector Shape - Group","hd":false},{"ind":1,"ty":"sh","ix":2,"ks":{"a":0,"k":{"i":[[0,0],[4.126,0],[0.222,6.252],[0,0],[0,0],[0,0],[9.617,0],[0,-10.95],[-9.902,0],[-1.492,6.094]],"o":[[-1.27,2.793],[-5.459,0],[0,0],[0,0],[0,0],[0,-10.791],[-9.744,0],[0,11.013],[7.903,0],[0,0]],"v":[[340.837,-9.236],[332.617,-4.919],[323.413,-15.107],[323.413,-15.425],[347.82,-15.425],[347.82,-17.773],[332.395,-35.134],[316.462,-17.17],[332.427,0.667],[347.407,-9.236]],"c":true},"ix":2},"nm":"ê","mn":"ADBE Vector Shape - Group","hd":false},{"ind":2,"ty":"sh","ix":3,"ks":{"a":0,"k":{"i":[[-5.046,0],[-0.159,-5.586],[0,0]],"o":[[5.046,0],[0,0],[0.381,-5.554]],"v":[[332.363,-29.58],[340.869,-20.344],[323.413,-20.344]],"c":true},"ix":2},"nm":"ê","mn":"ADBE Vector Shape - Group","hd":false},{"ty":"mm","mm":1,"nm":"合并路径 1","mn":"ADBE Vector Filter - Merge","hd":false},{"ty":"fl","c":{"a":0,"k":[0.596079987171,0.596079987171,0.596079987171,1],"ix":4},"o":{"a":0,"k":100,"ix":5},"r":1,"bm":0,"nm":"填充 1","mn":"ADBE Vector Graphic - Fill","hd":false},{"ty":"tr","p":{"a":0,"k":[0,0],"ix":2},"a":{"a":0,"k":[0,0],"ix":1},"s":{"a":0,"k":[100,100],"ix":3},"r":{"a":0,"k":0,"ix":6},"o":{"a":0,"k":100,"ix":7},"sk":{"a":0,"k":0,"ix":4},"sa":{"a":0,"k":0,"ix":5},"nm":"变换"}],"nm":"ê","np":6,"cix":2,"bm":0,"ix":8,"mn":"ADBE Vector Group","hd":false},{"ty":"gr","it":[{"ind":0,"ty":"sh","ix":1,"ks":{"a":0,"k":{"i":[[0,-5.999],[-6.57,-1.523],[0,0],[0,-2.158],[4.253,0],[0.857,2.698],[0,0],[-8.22,0],[0,6.411],[6.57,1.523],[0,0],[0,2.126],[-3.809,0],[-0.635,-2.571],[0,0],[7.776,0]],"o":[[0,5.11],[0,0],[3.459,0.825],[0,2.825],[-4.126,0],[0,0],[0.603,5.999],[8.252,0],[0,-5.015],[0,0],[-3.745,-0.889],[0,-2.793],[3.872,0],[0,0],[-0.667,-5.967],[-7.808,0]],"v":[[372.988,-24.819],[382.605,-15.266],[388.635,-13.838],[393.713,-9.458],[386.445,-4.666],[378.923,-9.045],[372.1,-9.045],[386.287,0.667],[400.601,-10.093],[390.952,-19.456],[385.208,-20.789],[379.717,-25.137],[386.414,-29.802],[393.396,-25.549],[399.934,-25.549],[386.414,-35.134]],"c":true},"ix":2},"nm":"s","mn":"ADBE Vector Shape - Group","hd":false},{"ty":"fl","c":{"a":0,"k":[0.596079987171,0.596079987171,0.596079987171,1],"ix":4},"o":{"a":0,"k":100,"ix":5},"r":1,"bm":0,"nm":"填充 1","mn":"ADBE Vector Graphic - Fill","hd":false},{"ty":"tr","p":{"a":0,"k":[0,0],"ix":2},"a":{"a":0,"k":[0,0],"ix":1},"s":{"a":0,"k":[100,100],"ix":3},"r":{"a":0,"k":0,"ix":6},"o":{"a":0,"k":100,"ix":7},"sk":{"a":0,"k":0,"ix":4},"sa":{"a":0,"k":0,"ix":5},"nm":"变换"}],"nm":"s","np":3,"cix":2,"bm":0,"ix":9,"mn":"ADBE Vector Group","hd":false},{"ty":"gr","it":[{"ind":0,"ty":"sh","ix":1,"ks":{"a":0,"k":{"i":[[0,0],[4.126,0],[0.222,6.252],[0,0],[0,0],[0,0],[9.617,0],[0,-10.95],[-9.902,0],[-1.492,6.094]],"o":[[-1.27,2.793],[-5.459,0],[0,0],[0,0],[0,0],[0,-10.791],[-9.744,0],[0,11.013],[7.903,0],[0,0]],"v":[[431.482,-9.236],[423.262,-4.919],[414.058,-15.107],[414.058,-15.425],[438.464,-15.425],[438.464,-17.773],[423.04,-35.134],[407.107,-17.17],[423.071,0.667],[438.052,-9.236]],"c":true},"ix":2},"nm":"e","mn":"ADBE Vector Shape - Group","hd":false},{"ind":1,"ty":"sh","ix":2,"ks":{"a":0,"k":{"i":[[-5.046,0],[-0.159,-5.586],[0,0]],"o":[[5.046,0],[0,0],[0.381,-5.554]],"v":[[423.008,-29.58],[431.514,-20.344],[414.058,-20.344]],"c":true},"ix":2},"nm":"e","mn":"ADBE Vector Shape - Group","hd":false},{"ty":"mm","mm":1,"nm":"合并路径 1","mn":"ADBE Vector Filter - Merge","hd":false},{"ty":"fl","c":{"a":0,"k":[0.596079987171,0.596079987171,0.596079987171,1],"ix":4},"o":{"a":0,"k":100,"ix":5},"r":1,"bm":0,"nm":"填充 1","mn":"ADBE Vector Graphic - Fill","hd":false},{"ty":"tr","p":{"a":0,"k":[0,0],"ix":2},"a":{"a":0,"k":[0,0],"ix":1},"s":{"a":0,"k":[100,100],"ix":3},"r":{"a":0,"k":0,"ix":6},"o":{"a":0,"k":100,"ix":7},"sk":{"a":0,"k":0,"ix":4},"sa":{"a":0,"k":0,"ix":5},"nm":"变换"}],"nm":"e","np":5,"cix":2,"bm":0,"ix":10,"mn":"ADBE Vector Group","hd":false},{"ty":"gr","it":[{"ind":0,"ty":"sh","ix":1,"ks":{"a":0,"k":{"i":[[0,0],[0,0],[0,0],[-5.173,0],[-0.571,-0.159],[0,0],[1.016,0],[0.984,-3.396],[0,0],[0,0],[0,0]],"o":[[0,0],[0,0],[0,-4.856],[1.206,0],[0,0],[-0.73,-0.159],[-4.507,0],[0,0],[0,0],[0,0],[0,0]],"v":[[446.653,0],[453.477,0],[453.477,-20.598],[462.3,-28.787],[466.108,-28.406],[466.108,-34.817],[463.062,-35.071],[453.73,-29.231],[453.223,-29.231],[453.223,-34.468],[446.653,-34.468]],"c":true},"ix":2},"nm":"r","mn":"ADBE Vector Shape - Group","hd":false},{"ty":"fl","c":{"a":0,"k":[0.596079987171,0.596079987171,0.596079987171,1],"ix":4},"o":{"a":0,"k":100,"ix":5},"r":1,"bm":0,"nm":"填充 1","mn":"ADBE Vector Graphic - Fill","hd":false},{"ty":"tr","p":{"a":0,"k":[0,0],"ix":2},"a":{"a":0,"k":[0,0],"ix":1},"s":{"a":0,"k":[100,100],"ix":3},"r":{"a":0,"k":0,"ix":6},"o":{"a":0,"k":100,"ix":7},"sk":{"a":0,"k":0,"ix":4},"sa":{"a":0,"k":0,"ix":5},"nm":"变换"}],"nm":"r","np":3,"cix":2,"bm":0,"ix":11,"mn":"ADBE Vector Group","hd":false},{"ty":"gr","it":[{"ind":0,"ty":"sh","ix":1,"ks":{"a":0,"k":{"i":[[0,0],[0,0],[0,0],[0,0]],"o":[[0,0],[0,0],[0,0],[0,0]],"v":[[488.928,-39.229],[496.323,-50.146],[488.992,-50.146],[483.501,-39.229]],"c":true},"ix":2},"nm":"á","mn":"ADBE Vector Shape - Group","hd":false},{"ind":1,"ty":"sh","ix":2,"ks":{"a":0,"k":{"i":[[-6.665,0],[-2.063,3.491],[0,0],[0,0],[0,0],[0,0],[8.665,0],[0.698,-5.808],[0,0],[-3.809,0],[0,-3.777],[0,0],[0,0],[0,-6.189]],"o":[[4.539,0],[0,0],[0,0],[0,0],[0,0],[0,-7.236],[-7.839,0],[0,0],[0.762,-2.507],[4.666,0],[0,0],[0,0],[-8.22,0.508],[0,6.284]],"v":[[482.231,0.571],[492.61,-4.888],[493.149,-4.888],[493.149,0],[499.719,0],[499.719,-23.582],[486.167,-35.134],[472.043,-25.549],[478.645,-25.549],[485.85,-29.485],[492.927,-23.582],[492.927,-20.566],[483.564,-19.995],[470.71,-9.712]],"c":true},"ix":2},"nm":"á","mn":"ADBE Vector Shape - Group","hd":false},{"ind":2,"ty":"sh","ix":3,"ks":{"a":0,"k":{"i":[[5.142,0],[0,3.206],[-4.761,0.317],[0,0],[0,0]],"o":[[-3.713,0],[0,-3.142],[0,0],[0,0],[0,4.443]],"v":[[483.977,-4.919],[477.566,-9.998],[484.485,-15.139],[492.927,-15.71],[492.927,-12.727]],"c":true},"ix":2},"nm":"á","mn":"ADBE Vector Shape - Group","hd":false},{"ty":"mm","mm":1,"nm":"合并路径 1","mn":"ADBE Vector Filter - Merge","hd":false},{"ty":"fl","c":{"a":0,"k":[0.596079987171,0.596079987171,0.596079987171,1],"ix":4},"o":{"a":0,"k":100,"ix":5},"r":1,"bm":0,"nm":"填充 1","mn":"ADBE Vector Graphic - Fill","hd":false},{"ty":"tr","p":{"a":0,"k":[0,0],"ix":2},"a":{"a":0,"k":[0,0],"ix":1},"s":{"a":0,"k":[100,100],"ix":3},"r":{"a":0,"k":0,"ix":6},"o":{"a":0,"k":100,"ix":7},"sk":{"a":0,"k":0,"ix":4},"sa":{"a":0,"k":0,"ix":5},"nm":"变换"}],"nm":"á","np":6,"cix":2,"bm":0,"ix":12,"mn":"ADBE Vector Group","hd":false}],"ip":0,"op":190,"st":0,"bm":0},{"ddd":0,"ind":38,"ty":4,"nm":"“Ressemblerais”轮廓","sr":1,"ks":{"o":{"a":1,"k":[{"i":{"x":[0.833],"y":[0.833]},"o":{"x":[0.167],"y":[0.167]},"t":10,"s":[0]},{"i":{"x":[0.833],"y":[0.833]},"o":{"x":[0.167],"y":[0.167]},"t":30,"s":[100]},{"i":{"x":[0.833],"y":[0.833]},"o":{"x":[0.167],"y":[0.167]},"t":180,"s":[100]},{"t":189,"s":[0]}],"ix":11},"r":{"a":0,"k":0,"ix":10},"p":{"a":0,"k":[42,594,0],"ix":2},"a":{"a":0,"k":[0,0,0],"ix":1},"s":{"a":0,"k":[100,100,100],"ix":6}},"ao":0,"hasMask":true,"masksProperties":[{"inv":false,"mode":"a","pt":{"a":1,"k":[{"i":{"x":0.667,"y":1},"o":{"x":0.333,"y":0},"t":10,"s":[{"i":[[0,0],[0,0],[0,0],[0,0]],"o":[[0,0],[0,0],[0,0],[0,0]],"v":[[-48,-101],[-365.648,-101],[-365.648,48.859],[-48,48.859]],"c":true}]},{"i":{"x":0.667,"y":1},"o":{"x":0.333,"y":0},"t":30,"s":[{"i":[[0,0],[0,0],[0,0],[0,0]],"o":[[0,0],[0,0],[0,0],[0,0]],"v":[[520,-101],[-42.648,-101],[-42.648,48.859],[520,48.859]],"c":true}]},{"i":{"x":0.667,"y":1},"o":{"x":0.333,"y":0},"t":180,"s":[{"i":[[0,0],[0,0],[0,0],[0,0]],"o":[[0,0],[0,0],[0,0],[0,0]],"v":[[520,-101],[-42.648,-101],[-42.648,48.859],[520,48.859]],"c":true}]},{"t":189,"s":[{"i":[[0,0],[0,0],[0,0],[0,0]],"o":[[0,0],[0,0],[0,0],[0,0]],"v":[[587,-102],[269.352,-102],[269.352,47.859],[587,47.859]],"c":true}]}],"ix":1},"o":{"a":0,"k":100,"ix":3},"x":{"a":0,"k":0,"ix":4},"nm":"蒙版 1"}],"shapes":[{"ty":"gr","it":[{"ind":0,"ty":"sh","ix":1,"ks":{"a":0,"k":{"i":[[0,0],[4.126,0],[0.222,6.252],[0,0],[0,0],[0,0],[9.617,0],[0,-10.95],[-9.902,0],[-1.492,6.094]],"o":[[-1.27,2.793],[-5.459,0],[0,0],[0,0],[0,0],[0,-10.791],[-9.744,0],[0,11.013],[7.903,0],[0,0]],"v":[[27.612,-9.236],[19.392,-4.919],[10.188,-15.107],[10.188,-15.425],[34.595,-15.425],[34.595,-17.773],[19.17,-35.134],[3.237,-17.17],[19.202,0.667],[34.182,-9.236]],"c":true},"ix":2},"nm":"e","mn":"ADBE Vector Shape - Group","hd":false},{"ind":1,"ty":"sh","ix":2,"ks":{"a":0,"k":{"i":[[-5.046,0],[-0.159,-5.586],[0,0]],"o":[[5.046,0],[0,0],[0.381,-5.554]],"v":[[19.138,-29.58],[27.644,-20.344],[10.188,-20.344]],"c":true},"ix":2},"nm":"e","mn":"ADBE Vector Shape - Group","hd":false},{"ty":"mm","mm":1,"nm":"合并路径 1","mn":"ADBE Vector Filter - Merge","hd":false},{"ty":"fl","c":{"a":0,"k":[0.596079987171,0.596079987171,0.596079987171,1],"ix":4},"o":{"a":0,"k":100,"ix":5},"r":1,"bm":0,"nm":"填充 1","mn":"ADBE Vector Graphic - Fill","hd":false},{"ty":"tr","p":{"a":0,"k":[0,0],"ix":2},"a":{"a":0,"k":[0,0],"ix":1},"s":{"a":0,"k":[100,100],"ix":3},"r":{"a":0,"k":0,"ix":6},"o":{"a":0,"k":100,"ix":7},"sk":{"a":0,"k":0,"ix":4},"sa":{"a":0,"k":0,"ix":5},"nm":"变换"}],"nm":"e","np":5,"cix":2,"bm":0,"ix":1,"mn":"ADBE Vector Group","hd":false},{"ty":"gr","it":[{"ind":0,"ty":"sh","ix":1,"ks":{"a":0,"k":{"i":[[0,0],[0,0],[0,0],[-4.158,0],[0,-3.936],[0,0],[0,0],[0,0],[-4.412,0],[0,-4.761],[0,0],[0,0],[0,0],[6.982,0],[1.746,-3.713],[0,0],[4.729,0],[1.523,-3.872],[0,0],[0,0],[0,0]],"o":[[0,0],[0,0],[0,-4.507],[4.062,0],[0,0],[0,0],[0,0],[0,-4.158],[4.475,0],[0,0],[0,0],[0,0],[0,-7.173],[-4.792,0],[0,0],[-1.523,-3.713],[-4.602,0],[0,0],[0,0],[0,0],[0,0]],"v":[[42.783,0],[49.607,0],[49.607,-21.169],[56.907,-29.199],[63.572,-22.82],[63.572,0],[70.269,0],[70.269,-21.804],[77.568,-29.199],[84.265,-22.122],[84.265,0],[91.089,0],[91.089,-23.772],[80.044,-35.134],[69.539,-28.977],[68.999,-28.977],[59.478,-35.134],[49.861,-28.977],[49.353,-28.977],[49.353,-34.468],[42.783,-34.468]],"c":true},"ix":2},"nm":"m","mn":"ADBE Vector Shape - Group","hd":false},{"ty":"fl","c":{"a":0,"k":[0.596079987171,0.596079987171,0.596079987171,1],"ix":4},"o":{"a":0,"k":100,"ix":5},"r":1,"bm":0,"nm":"填充 1","mn":"ADBE Vector Graphic - Fill","hd":false},{"ty":"tr","p":{"a":0,"k":[0,0],"ix":2},"a":{"a":0,"k":[0,0],"ix":1},"s":{"a":0,"k":[100,100],"ix":3},"r":{"a":0,"k":0,"ix":6},"o":{"a":0,"k":100,"ix":7},"sk":{"a":0,"k":0,"ix":4},"sa":{"a":0,"k":0,"ix":5},"nm":"变换"}],"nm":"m","np":3,"cix":2,"bm":0,"ix":2,"mn":"ADBE Vector Group","hd":false},{"ty":"gr","it":[{"ind":0,"ty":"sh","ix":1,"ks":{"a":0,"k":{"i":[[0,0],[0,0],[0,-4.888],[5.618,0],[0.413,4.507],[0,0],[-9.68,0],[0,7.808],[6.094,0.92],[0,0],[-0.032,5.522],[9.458,0],[0.476,-7.776],[0,0],[-5.205,0],[0,-4.031],[4.951,0],[0,0]],"o":[[0,0],[5.967,0],[0,4.761],[-5.554,0],[0,0],[0.381,8.062],[9.553,0],[0,-6.284],[0,0],[4.792,-1.333],[0.032,-6.506],[-9.648,0],[0,0],[0.413,-4.792],[5.142,0],[0,4.412],[0,0],[0,0]],"v":[[128.572,-20.725],[134.285,-20.725],[143.933,-12.791],[134.38,-4.856],[124.573,-12.251],[117.749,-12.251],[134.475,1.111],[151.233,-12.41],[141.204,-23.677],[141.204,-24.216],[149.487,-34.722],[134.697,-46.909],[118.606,-33.579],[125.334,-33.579],[134.285,-41.069],[142.473,-33.833],[134.094,-26.311],[128.572,-26.311]],"c":true},"ix":2},"nm":"3","mn":"ADBE Vector Shape - Group","hd":false},{"ty":"fl","c":{"a":0,"k":[0.596079987171,0.596079987171,0.596079987171,1],"ix":4},"o":{"a":0,"k":100,"ix":5},"r":1,"bm":0,"nm":"填充 1","mn":"ADBE Vector Graphic - Fill","hd":false},{"ty":"tr","p":{"a":0,"k":[0,0],"ix":2},"a":{"a":0,"k":[0,0],"ix":1},"s":{"a":0,"k":[100,100],"ix":3},"r":{"a":0,"k":0,"ix":6},"o":{"a":0,"k":100,"ix":7},"sk":{"a":0,"k":0,"ix":4},"sa":{"a":0,"k":0,"ix":5},"nm":"变换"}],"nm":"3","np":3,"cix":2,"bm":0,"ix":3,"mn":"ADBE Vector Group","hd":false},{"ty":"gr","it":[{"ind":0,"ty":"sh","ix":1,"ks":{"a":0,"k":{"i":[[-10.696,0],[0,15.171],[10.569,0],[0,-15.107]],"o":[[10.664,0],[0,-15.203],[-10.632,0],[0,15.234]],"v":[[176.37,1.111],[193.254,-22.852],[176.37,-46.909],[159.421,-22.947]],"c":true},"ix":2},"nm":"0","mn":"ADBE Vector Shape - Group","hd":false},{"ind":1,"ty":"sh","ix":2,"ks":{"a":0,"k":{"i":[[6.221,0],[0,11.807],[-6.157,0],[0,-11.711]],"o":[[-6.221,0],[0,-11.648],[6.157,0],[0,11.838]],"v":[[176.37,-4.792],[166.594,-22.947],[176.37,-40.974],[186.082,-22.947]],"c":true},"ix":2},"nm":"0","mn":"ADBE Vector Shape - Group","hd":false},{"ty":"mm","mm":1,"nm":"合并路径 1","mn":"ADBE Vector Filter - Merge","hd":false},{"ty":"fl","c":{"a":0,"k":[0.596079987171,0.596079987171,0.596079987171,1],"ix":4},"o":{"a":0,"k":100,"ix":5},"r":1,"bm":0,"nm":"填充 1","mn":"ADBE Vector Graphic - Fill","hd":false},{"ty":"tr","p":{"a":0,"k":[0,0],"ix":2},"a":{"a":0,"k":[0,0],"ix":1},"s":{"a":0,"k":[100,100],"ix":3},"r":{"a":0,"k":0,"ix":6},"o":{"a":0,"k":100,"ix":7},"sk":{"a":0,"k":0,"ix":4},"sa":{"a":0,"k":0,"ix":5},"nm":"变换"}],"nm":"0","np":5,"cix":2,"bm":0,"ix":4,"mn":"ADBE Vector Group","hd":false},{"ty":"gr","it":[{"ind":0,"ty":"sh","ix":1,"ks":{"a":0,"k":{"i":[[-6.665,0],[-2.063,3.491],[0,0],[0,0],[0,0],[0,0],[8.665,0],[0.698,-5.808],[0,0],[-3.809,0],[0,-3.777],[0,0],[0,0],[0,-6.189]],"o":[[4.539,0],[0,0],[0,0],[0,0],[0,0],[0,-7.236],[-7.839,0],[0,0],[0.762,-2.507],[4.666,0],[0,0],[0,0],[-8.22,0.508],[0,6.284]],"v":[[229.722,0.571],[240.1,-4.888],[240.64,-4.888],[240.64,0],[247.209,0],[247.209,-23.582],[233.657,-35.134],[219.534,-25.549],[226.135,-25.549],[233.34,-29.485],[240.417,-23.582],[240.417,-20.566],[231.055,-19.995],[218.201,-9.712]],"c":true},"ix":2},"nm":"a","mn":"ADBE Vector Shape - Group","hd":false},{"ind":1,"ty":"sh","ix":2,"ks":{"a":0,"k":{"i":[[5.142,0],[0,3.206],[-4.761,0.317],[0,0],[0,0]],"o":[[-3.713,0],[0,-3.142],[0,0],[0,0],[0,4.443]],"v":[[231.467,-4.919],[225.056,-9.998],[231.975,-15.139],[240.417,-15.71],[240.417,-12.727]],"c":true},"ix":2},"nm":"a","mn":"ADBE Vector Shape - Group","hd":false},{"ty":"mm","mm":1,"nm":"合并路径 1","mn":"ADBE Vector Filter - Merge","hd":false},{"ty":"fl","c":{"a":0,"k":[0.596079987171,0.596079987171,0.596079987171,1],"ix":4},"o":{"a":0,"k":100,"ix":5},"r":1,"bm":0,"nm":"填充 1","mn":"ADBE Vector Graphic - Fill","hd":false},{"ty":"tr","p":{"a":0,"k":[0,0],"ix":2},"a":{"a":0,"k":[0,0],"ix":1},"s":{"a":0,"k":[100,100],"ix":3},"r":{"a":0,"k":0,"ix":6},"o":{"a":0,"k":100,"ix":7},"sk":{"a":0,"k":0,"ix":4},"sa":{"a":0,"k":0,"ix":5},"nm":"变换"}],"nm":"a","np":5,"cix":2,"bm":0,"ix":5,"mn":"ADBE Vector Group","hd":false},{"ty":"gr","it":[{"ind":0,"ty":"sh","ix":1,"ks":{"a":0,"k":{"i":[[0,0],[0,0],[0,0],[-5.046,0],[0,-5.713],[0,0],[0,0],[0,0],[7.712,0],[1.682,-3.809],[0,0],[0,0],[0,0]],"o":[[0,0],[0,0],[0,-5.554],[5.046,0],[0,0],[0,0],[0,0],[0,-8.22],[-5.205,0],[0,0],[0,0],[0,0],[0,0]],"v":[[256.921,0],[263.745,0],[263.745,-20.217],[271.997,-29.199],[279.456,-20.693],[279.456,0],[286.279,0],[286.279,-22.312],[274.314,-35.134],[263.999,-29.009],[263.491,-29.009],[263.491,-34.468],[256.921,-34.468]],"c":true},"ix":2},"nm":"n","mn":"ADBE Vector Shape - Group","hd":false},{"ty":"fl","c":{"a":0,"k":[0.596079987171,0.596079987171,0.596079987171,1],"ix":4},"o":{"a":0,"k":100,"ix":5},"r":1,"bm":0,"nm":"填充 1","mn":"ADBE Vector Graphic - Fill","hd":false},{"ty":"tr","p":{"a":0,"k":[0,0],"ix":2},"a":{"a":0,"k":[0,0],"ix":1},"s":{"a":0,"k":[100,100],"ix":3},"r":{"a":0,"k":0,"ix":6},"o":{"a":0,"k":100,"ix":7},"sk":{"a":0,"k":0,"ix":4},"sa":{"a":0,"k":0,"ix":5},"nm":"变换"}],"nm":"n","np":3,"cix":2,"bm":0,"ix":6,"mn":"ADBE Vector Group","hd":false},{"ty":"gr","it":[{"ind":0,"ty":"sh","ix":1,"ks":{"a":0,"k":{"i":[[-10.125,0],[0,11.14],[10.061,0],[0,-11.108]],"o":[[10.093,0],[0,-11.14],[-10.093,0],[0,11.14]],"v":[[310.464,0.667],[326.746,-17.234],[310.464,-35.134],[294.15,-17.234]],"c":true},"ix":2},"nm":"o","mn":"ADBE Vector Shape - Group","hd":false},{"ind":1,"ty":"sh","ix":2,"ks":{"a":0,"k":{"i":[[5.903,0],[0,7.681],[-5.935,0],[0,-7.681]],"o":[[-5.935,0],[0,-7.681],[5.903,0],[0,7.649]],"v":[[310.464,-5.142],[301.196,-17.234],[310.464,-29.358],[319.731,-17.234]],"c":true},"ix":2},"nm":"o","mn":"ADBE Vector Shape - Group","hd":false},{"ty":"mm","mm":1,"nm":"合并路径 1","mn":"ADBE Vector Filter - Merge","hd":false},{"ty":"fl","c":{"a":0,"k":[0.596079987171,0.596079987171,0.596079987171,1],"ix":4},"o":{"a":0,"k":100,"ix":5},"r":1,"bm":0,"nm":"填充 1","mn":"ADBE Vector Graphic - Fill","hd":false},{"ty":"tr","p":{"a":0,"k":[0,0],"ix":2},"a":{"a":0,"k":[0,0],"ix":1},"s":{"a":0,"k":[100,100],"ix":3},"r":{"a":0,"k":0,"ix":6},"o":{"a":0,"k":100,"ix":7},"sk":{"a":0,"k":0,"ix":4},"sa":{"a":0,"k":0,"ix":5},"nm":"变换"}],"nm":"o","np":5,"cix":2,"bm":0,"ix":7,"mn":"ADBE Vector Group","hd":false},{"ty":"gr","it":[{"ind":0,"ty":"sh","ix":1,"ks":{"a":0,"k":{"i":[[0,-5.999],[-6.57,-1.523],[0,0],[0,-2.158],[4.253,0],[0.857,2.698],[0,0],[-8.22,0],[0,6.411],[6.57,1.523],[0,0],[0,2.126],[-3.809,0],[-0.635,-2.571],[0,0],[7.776,0]],"o":[[0,5.11],[0,0],[3.459,0.825],[0,2.825],[-4.126,0],[0,0],[0.603,5.999],[8.252,0],[0,-5.015],[0,0],[-3.745,-0.889],[0,-2.793],[3.872,0],[0,0],[-0.667,-5.967],[-7.808,0]],"v":[[334.141,-24.819],[343.757,-15.266],[349.788,-13.838],[354.866,-9.458],[347.598,-4.666],[340.076,-9.045],[333.252,-9.045],[347.439,0.667],[361.753,-10.093],[352.104,-19.456],[346.36,-20.789],[340.869,-25.137],[347.566,-29.802],[354.548,-25.549],[361.086,-25.549],[347.566,-35.134]],"c":true},"ix":2},"nm":"s","mn":"ADBE Vector Shape - Group","hd":false},{"ty":"fl","c":{"a":0,"k":[0.596079987171,0.596079987171,0.596079987171,1],"ix":4},"o":{"a":0,"k":100,"ix":5},"r":1,"bm":0,"nm":"填充 1","mn":"ADBE Vector Graphic - Fill","hd":false},{"ty":"tr","p":{"a":0,"k":[0,0],"ix":2},"a":{"a":0,"k":[0,0],"ix":1},"s":{"a":0,"k":[100,100],"ix":3},"r":{"a":0,"k":0,"ix":6},"o":{"a":0,"k":100,"ix":7},"sk":{"a":0,"k":0,"ix":4},"sa":{"a":0,"k":0,"ix":5},"nm":"变换"}],"nm":"s","np":3,"cix":2,"bm":0,"ix":8,"mn":"ADBE Vector Group","hd":false},{"ty":"gr","it":[{"ind":0,"ty":"sh","ix":1,"ks":{"a":0,"k":{"i":[[0.286,-7.205],[0,0],[-4.38,0],[0,-3.586],[3.84,-2.317],[-0.159,-4.475],[0,0],[0,0],[0,0],[-4.094,2.412],[0,4.919],[8.379,0]],"o":[[0,0],[0.286,-4.189],[4.348,0],[0,3.269],[-4.348,2.603],[0,0],[0,0],[0,0],[0,-3.269],[4.189,-2.507],[0,-6.792],[-9.204,0]],"v":[[367.529,-33.516],[374.099,-33.516],[381.589,-40.339],[388.762,-34.119],[383.557,-26.692],[377.432,-16.758],[377.463,-14.219],[384.033,-14.219],[384.033,-16.155],[389.302,-23.518],[395.967,-34.404],[381.938,-46.179]],"c":true},"ix":2},"nm":"?","mn":"ADBE Vector Shape - Group","hd":false},{"ind":1,"ty":"sh","ix":2,"ks":{"a":0,"k":{"i":[[-2.92,0],[0,2.825],[2.92,0],[0,-2.856]],"o":[[2.92,0],[0,-2.856],[-2.92,0],[0,2.825]],"v":[[381.145,0.698],[386.033,-4.031],[381.145,-8.792],[376.226,-4.031]],"c":true},"ix":2},"nm":"?","mn":"ADBE Vector Shape - Group","hd":false},{"ty":"mm","mm":1,"nm":"合并路径 1","mn":"ADBE Vector Filter - Merge","hd":false},{"ty":"fl","c":{"a":0,"k":[0.596079987171,0.596079987171,0.596079987171,1],"ix":4},"o":{"a":0,"k":100,"ix":5},"r":1,"bm":0,"nm":"填充 1","mn":"ADBE Vector Graphic - Fill","hd":false},{"ty":"tr","p":{"a":0,"k":[0,0],"ix":2},"a":{"a":0,"k":[0,0],"ix":1},"s":{"a":0,"k":[100,100],"ix":3},"r":{"a":0,"k":0,"ix":6},"o":{"a":0,"k":100,"ix":7},"sk":{"a":0,"k":0,"ix":4},"sa":{"a":0,"k":0,"ix":5},"nm":"变换"}],"nm":"?","np":5,"cix":2,"bm":0,"ix":9,"mn":"ADBE Vector Group","hd":false}],"ip":10,"op":190,"st":10,"bm":0}],"markers":[]}