{"v":"5.6.8","fr":30,"ip":0,"op":330,"w":1125,"h":1050,"nm":"订阅视频-手相","ddd":0,"assets":[],"layers":[{"ddd":0,"ind":2,"ty":4,"nm":"“생명 :”轮廓","parent":69,"sr":1,"ks":{"o":{"a":1,"k":[{"i":{"x":[0.833],"y":[0.833]},"o":{"x":[0.167],"y":[0.167]},"t":230,"s":[0]},{"t":240,"s":[100]}],"ix":11},"r":{"a":0,"k":0,"ix":10},"p":{"a":0,"k":[271.001,-198.797,0],"ix":2},"a":{"a":0,"k":[-0.81,-13.716,0],"ix":1},"s":{"a":0,"k":[100,100,100],"ix":6}},"ao":0,"shapes":[{"ty":"gr","it":[{"ind":0,"ty":"sh","ix":1,"ks":{"a":0,"k":{"i":[[0,3.952],[7.033,0],[0,-3.988],[-6.997,0]],"o":[[0,-3.988],[-6.997,0],[0,3.952],[7.033,0]],"v":[[28.823,-3.662],[17.547,-10.188],[6.308,-3.662],[17.547,2.864]],"c":true},"ix":2},"nm":"생","mn":"ADBE Vector Shape - Group","hd":false},{"ind":1,"ty":"sh","ix":2,"ks":{"a":0,"k":{"i":[[0,0],[0,0],[0,0],[0,0],[0,0],[0,0],[0,0],[0,0],[0,0],[0,0],[0,0],[0,0]],"o":[[0,0],[0,0],[0,0],[0,0],[0,0],[0,0],[0,0],[0,0],[0,0],[0,0],[0,0],[0,0]],"v":[[28.569,-10.043],[28.569,-29.439],[24.545,-29.439],[24.545,-21.463],[21.898,-21.463],[21.898,-28.859],[17.982,-28.859],[17.982,-11.312],[21.898,-11.312],[21.898,-18.055],[24.545,-18.055],[24.545,-10.043]],"c":true},"ix":2},"nm":"생","mn":"ADBE Vector Shape - Group","hd":false},{"ind":2,"ty":"sh","ix":3,"ks":{"a":0,"k":{"i":[[0,0],[0,4.496],[0,0],[0,0],[0,0],[3.916,-2.175],[0,0],[-0.906,2.502],[-2.139,-0.943]],"o":[[-3.335,-1.559],[0,0],[0,0],[0,0],[0,4.568],[0,0],[2.792,-1.269],[0.834,2.067],[0,0]],"v":[[17.33,-15.118],[11.275,-24.327],[11.275,-27.409],[7.178,-27.409],[7.178,-24.218],[0.798,-13.922],[3.118,-10.913],[9.354,-17.547],[15.191,-11.928]],"c":true},"ix":2},"nm":"생","mn":"ADBE Vector Shape - Group","hd":false},{"ind":3,"ty":"sh","ix":4,"ks":{"a":0,"k":{"i":[[0,-1.922],[4.278,0],[0,1.958],[-4.206,0]],"o":[[0,1.958],[-4.206,0],[0,-1.922],[4.278,0]],"v":[[24.508,-3.662],[17.547,-0.544],[10.695,-3.662],[17.547,-6.78]],"c":true},"ix":2},"nm":"생","mn":"ADBE Vector Shape - Group","hd":false},{"ty":"mm","mm":1,"nm":"合并路径 1","mn":"ADBE Vector Filter - Merge","hd":false},{"ty":"fl","c":{"a":0,"k":[1,1,1,1],"ix":4},"o":{"a":0,"k":100,"ix":5},"r":1,"bm":0,"nm":"填充 1","mn":"ADBE Vector Graphic - Fill","hd":false},{"ty":"st","c":{"a":0,"k":[0.098040008545,0.098040008545,0.098040008545,1],"ix":3},"o":{"a":0,"k":100,"ix":4},"w":{"a":0,"k":0.01,"ix":5},"lc":1,"lj":1,"ml":4,"bm":0,"nm":"描边 1","mn":"ADBE Vector Graphic - Stroke","hd":false},{"ty":"tr","p":{"a":0,"k":[0,0],"ix":2},"a":{"a":0,"k":[0,0],"ix":1},"s":{"a":0,"k":[100,100],"ix":3},"r":{"a":0,"k":0,"ix":6},"o":{"a":0,"k":100,"ix":7},"sk":{"a":0,"k":0,"ix":4},"sa":{"a":0,"k":0,"ix":5},"nm":"变换"}],"nm":"생","np":7,"cix":2,"bm":0,"ix":1,"mn":"ADBE Vector Group","hd":false},{"ty":"gr","it":[{"ind":0,"ty":"sh","ix":1,"ks":{"a":0,"k":{"i":[[0,0],[0,0],[0,0],[0,0],[0,0],[0,0],[0,0],[0,0],[0,0],[0,0],[0,0],[0,0]],"o":[[0,0],[0,0],[0,0],[0,0],[0,0],[0,0],[0,0],[0,0],[0,0],[0,0],[0,0],[0,0]],"v":[[54.705,-21.39],[54.705,-18.055],[50.246,-18.055],[50.246,-14.719],[54.705,-14.719],[54.705,-10.623],[58.911,-10.623],[58.911,-29.439],[54.705,-29.439],[54.705,-24.726],[50.282,-24.726],[50.282,-21.39]],"c":true},"ix":2},"nm":"명","mn":"ADBE Vector Shape - Group","hd":false},{"ind":1,"ty":"sh","ix":2,"ks":{"a":0,"k":{"i":[[0,0],[0,0],[0,0],[0,0]],"o":[[0,0],[0,0],[0,0],[0,0]],"v":[[48.469,-12.544],[48.469,-27.119],[33.532,-27.119],[33.532,-12.544]],"c":true},"ix":2},"nm":"명","mn":"ADBE Vector Shape - Group","hd":false},{"ind":2,"ty":"sh","ix":3,"ks":{"a":0,"k":{"i":[[0,0],[0,0],[0,0],[0,0]],"o":[[0,0],[0,0],[0,0],[0,0]],"v":[[44.3,-15.807],[37.702,-15.807],[37.702,-23.856],[44.3,-23.856]],"c":true},"ix":2},"nm":"명","mn":"ADBE Vector Shape - Group","hd":false},{"ind":3,"ty":"sh","ix":4,"ks":{"a":0,"k":{"i":[[0,3.952],[7.07,0],[0,-4.061],[-6.961,0]],"o":[[0,-4.061],[-6.961,0],[0,3.952],[7.07,0]],"v":[[59.165,-3.662],[48.034,-10.224],[37.049,-3.662],[48.034,2.864]],"c":true},"ix":2},"nm":"명","mn":"ADBE Vector Shape - Group","hd":false},{"ind":4,"ty":"sh","ix":5,"ks":{"a":0,"k":{"i":[[-4.133,0],[0,-1.958],[4.314,0],[0,1.922]],"o":[[4.314,0],[0,1.922],[-4.133,0],[0,-1.958]],"v":[[48.034,-6.852],[54.778,-3.662],[48.034,-0.544],[41.364,-3.662]],"c":true},"ix":2},"nm":"명","mn":"ADBE Vector Shape - Group","hd":false},{"ty":"mm","mm":1,"nm":"合并路径 1","mn":"ADBE Vector Filter - Merge","hd":false},{"ty":"fl","c":{"a":0,"k":[1,1,1,1],"ix":4},"o":{"a":0,"k":100,"ix":5},"r":1,"bm":0,"nm":"填充 1","mn":"ADBE Vector Graphic - Fill","hd":false},{"ty":"st","c":{"a":0,"k":[0.098040008545,0.098040008545,0.098040008545,1],"ix":3},"o":{"a":0,"k":100,"ix":4},"w":{"a":0,"k":0.01,"ix":5},"lc":1,"lj":1,"ml":4,"bm":0,"nm":"描边 1","mn":"ADBE Vector Graphic - Stroke","hd":false},{"ty":"tr","p":{"a":0,"k":[0,0],"ix":2},"a":{"a":0,"k":[0,0],"ix":1},"s":{"a":0,"k":[100,100],"ix":3},"r":{"a":0,"k":0,"ix":6},"o":{"a":0,"k":100,"ix":7},"sk":{"a":0,"k":0,"ix":4},"sa":{"a":0,"k":0,"ix":5},"nm":"变换"}],"nm":"명","np":8,"cix":2,"bm":0,"ix":2,"mn":"ADBE Vector Group","hd":false},{"ty":"gr","it":[{"ind":0,"ty":"sh","ix":1,"ks":{"a":0,"k":{"i":[[0,0],[0,0],[0,0],[0,0]],"o":[[0,0],[0,0],[0,0],[0,0]],"v":[[74.502,-16.315],[78.925,-16.315],[78.925,-20.593],[74.502,-20.593]],"c":true},"ix":2},"nm":":","mn":"ADBE Vector Shape - Group","hd":false},{"ind":1,"ty":"sh","ix":2,"ks":{"a":0,"k":{"i":[[0,0],[0,0],[0,0],[0,0]],"o":[[0,0],[0,0],[0,0],[0,0]],"v":[[74.502,-3.19],[78.925,-3.19],[78.925,-7.469],[74.502,-7.469]],"c":true},"ix":2},"nm":":","mn":"ADBE Vector Shape - Group","hd":false},{"ty":"mm","mm":1,"nm":"合并路径 1","mn":"ADBE Vector Filter - Merge","hd":false},{"ty":"fl","c":{"a":0,"k":[1,1,1,1],"ix":4},"o":{"a":0,"k":100,"ix":5},"r":1,"bm":0,"nm":"填充 1","mn":"ADBE Vector Graphic - Fill","hd":false},{"ty":"st","c":{"a":0,"k":[0.098040008545,0.098040008545,0.098040008545,1],"ix":3},"o":{"a":0,"k":100,"ix":4},"w":{"a":0,"k":0.01,"ix":5},"lc":1,"lj":1,"ml":4,"bm":0,"nm":"描边 1","mn":"ADBE Vector Graphic - Stroke","hd":false},{"ty":"tr","p":{"a":0,"k":[0,0],"ix":2},"a":{"a":0,"k":[0,0],"ix":1},"s":{"a":0,"k":[100,100],"ix":3},"r":{"a":0,"k":0,"ix":6},"o":{"a":0,"k":100,"ix":7},"sk":{"a":0,"k":0,"ix":4},"sa":{"a":0,"k":0,"ix":5},"nm":"变换"}],"nm":":","np":5,"cix":2,"bm":0,"ix":3,"mn":"ADBE Vector Group","hd":false}],"ip":220,"op":400,"st":40,"bm":0},{"ddd":0,"ind":4,"ty":4,"nm":"“사랑 :”轮廓","parent":73,"sr":1,"ks":{"o":{"a":1,"k":[{"i":{"x":[0.833],"y":[0.833]},"o":{"x":[0.167],"y":[0.167]},"t":195,"s":[0]},{"t":205,"s":[100]}],"ix":11},"r":{"a":0,"k":0,"ix":10},"p":{"a":0,"k":[289.69,-200.713,0],"ix":2},"a":{"a":0,"k":[-0.81,-13.716,0],"ix":1},"s":{"a":0,"k":[100,100,100],"ix":6}},"ao":0,"shapes":[{"ty":"gr","it":[{"ind":0,"ty":"sh","ix":1,"ks":{"a":0,"k":{"i":[[0,0],[0,0],[0,0],[0,0],[0,0],[0,0],[0,0],[0,0]],"o":[[0,0],[0,0],[0,0],[0,0],[0,0],[0,0],[0,0],[0,0]],"v":[[26.321,-29.439],[22.115,-29.439],[22.115,2.864],[26.321,2.864],[26.321,-13.523],[30.962,-13.523],[30.962,-17.004],[26.321,-17.004]],"c":true},"ix":2},"nm":"사","mn":"ADBE Vector Shape - Group","hd":false},{"ind":1,"ty":"sh","ix":2,"ks":{"a":0,"k":{"i":[[-0.87,1.051],[0,6.381],[0,0],[0,0],[0,0],[5.257,-3.372],[-0.87,-1.051],[-1.051,3.662],[-2.647,-1.704]],"o":[[-4.894,-3.118],[0,0],[0,0],[0,0],[0,6.453],[0.906,1.015],[3.335,-1.958],[1.088,3.517],[0.87,-1.051]],"v":[[20.52,-8.012],[12.689,-22.514],[12.689,-26.72],[8.302,-26.72],[8.302,-22.297],[0.29,-7.287],[2.9,-4.206],[10.55,-13.886],[18.019,-4.858]],"c":true},"ix":2},"nm":"사","mn":"ADBE Vector Shape - Group","hd":false},{"ty":"mm","mm":1,"nm":"合并路径 1","mn":"ADBE Vector Filter - Merge","hd":false},{"ty":"fl","c":{"a":0,"k":[1,1,1,1],"ix":4},"o":{"a":0,"k":100,"ix":5},"r":1,"bm":0,"nm":"填充 1","mn":"ADBE Vector Graphic - Fill","hd":false},{"ty":"st","c":{"a":0,"k":[0.098040008545,0.098040008545,0.098040008545,1],"ix":3},"o":{"a":0,"k":100,"ix":4},"w":{"a":0,"k":0.01,"ix":5},"lc":1,"lj":1,"ml":4,"bm":0,"nm":"描边 1","mn":"ADBE Vector Graphic - Stroke","hd":false},{"ty":"tr","p":{"a":0,"k":[0,0],"ix":2},"a":{"a":0,"k":[0,0],"ix":1},"s":{"a":0,"k":[100,100],"ix":3},"r":{"a":0,"k":0,"ix":6},"o":{"a":0,"k":100,"ix":7},"sk":{"a":0,"k":0,"ix":4},"sa":{"a":0,"k":0,"ix":5},"nm":"变换"}],"nm":"사","np":5,"cix":2,"bm":0,"ix":1,"mn":"ADBE Vector Group","hd":false},{"ty":"gr","it":[{"ind":0,"ty":"sh","ix":1,"ks":{"a":0,"k":{"i":[[0,3.843],[6.997,0],[0,-3.807],[-6.997,0]],"o":[[0,-3.807],[-6.997,0],[0,3.843],[6.997,0]],"v":[[57.823,-3.335],[46.766,-9.571],[35.744,-3.335],[46.766,2.9]],"c":true},"ix":2},"nm":"랑","mn":"ADBE Vector Shape - Group","hd":false},{"ind":1,"ty":"sh","ix":2,"ks":{"a":0,"k":{"i":[[-2.755,0.689],[0,0],[4.024,0],[0,0],[0,0],[0,0],[0,0],[0,0],[0,0],[0,0],[0,0],[0,0],[0,0]],"o":[[0,0],[-2.465,0.689],[0,0],[0,0],[0,0],[0,0],[0,0],[0,0],[0,0],[0,0],[0,0],[0,0],[4.387,0]],"v":[[50.754,-12.073],[50.21,-15.263],[37.629,-14.321],[37.629,-17.729],[47.708,-17.729],[47.708,-27.372],[33.206,-27.372],[33.206,-24.001],[43.43,-24.001],[43.43,-20.883],[33.351,-20.883],[33.351,-10.949],[37.666,-10.949]],"c":true},"ix":2},"nm":"랑","mn":"ADBE Vector Shape - Group","hd":false},{"ind":2,"ty":"sh","ix":3,"ks":{"a":0,"k":{"i":[[0,0],[0,0],[0,0],[0,0],[0,0],[0,0],[0,0],[0,0]],"o":[[0,0],[0,0],[0,0],[0,0],[0,0],[0,0],[0,0],[0,0]],"v":[[62.065,-18.019],[62.065,-21.463],[57.461,-21.463],[57.461,-29.439],[53.219,-29.439],[53.219,-10.006],[57.461,-10.006],[57.461,-18.019]],"c":true},"ix":2},"nm":"랑","mn":"ADBE Vector Shape - Group","hd":false},{"ind":3,"ty":"sh","ix":4,"ks":{"a":0,"k":{"i":[[-4.242,0],[0,-1.704],[4.278,0],[0,1.704]],"o":[[4.278,0],[0,1.704],[-4.242,0],[0,-1.704]],"v":[[46.766,-6.236],[53.436,-3.335],[46.766,-0.471],[40.095,-3.335]],"c":true},"ix":2},"nm":"랑","mn":"ADBE Vector Shape - Group","hd":false},{"ty":"mm","mm":1,"nm":"合并路径 1","mn":"ADBE Vector Filter - Merge","hd":false},{"ty":"fl","c":{"a":0,"k":[1,1,1,1],"ix":4},"o":{"a":0,"k":100,"ix":5},"r":1,"bm":0,"nm":"填充 1","mn":"ADBE Vector Graphic - Fill","hd":false},{"ty":"st","c":{"a":0,"k":[0.098040008545,0.098040008545,0.098040008545,1],"ix":3},"o":{"a":0,"k":100,"ix":4},"w":{"a":0,"k":0.01,"ix":5},"lc":1,"lj":1,"ml":4,"bm":0,"nm":"描边 1","mn":"ADBE Vector Graphic - Stroke","hd":false},{"ty":"tr","p":{"a":0,"k":[0,0],"ix":2},"a":{"a":0,"k":[0,0],"ix":1},"s":{"a":0,"k":[100,100],"ix":3},"r":{"a":0,"k":0,"ix":6},"o":{"a":0,"k":100,"ix":7},"sk":{"a":0,"k":0,"ix":4},"sa":{"a":0,"k":0,"ix":5},"nm":"变换"}],"nm":"랑","np":7,"cix":2,"bm":0,"ix":2,"mn":"ADBE Vector Group","hd":false},{"ty":"gr","it":[{"ind":0,"ty":"sh","ix":1,"ks":{"a":0,"k":{"i":[[0,0],[0,0],[0,0],[0,0]],"o":[[0,0],[0,0],[0,0],[0,0]],"v":[[74.502,-16.315],[78.925,-16.315],[78.925,-20.593],[74.502,-20.593]],"c":true},"ix":2},"nm":":","mn":"ADBE Vector Shape - Group","hd":false},{"ind":1,"ty":"sh","ix":2,"ks":{"a":0,"k":{"i":[[0,0],[0,0],[0,0],[0,0]],"o":[[0,0],[0,0],[0,0],[0,0]],"v":[[74.502,-3.19],[78.925,-3.19],[78.925,-7.469],[74.502,-7.469]],"c":true},"ix":2},"nm":":","mn":"ADBE Vector Shape - Group","hd":false},{"ty":"mm","mm":1,"nm":"合并路径 1","mn":"ADBE Vector Filter - Merge","hd":false},{"ty":"fl","c":{"a":0,"k":[1,1,1,1],"ix":4},"o":{"a":0,"k":100,"ix":5},"r":1,"bm":0,"nm":"填充 1","mn":"ADBE Vector Graphic - Fill","hd":false},{"ty":"st","c":{"a":0,"k":[0.098040008545,0.098040008545,0.098040008545,1],"ix":3},"o":{"a":0,"k":100,"ix":4},"w":{"a":0,"k":0.01,"ix":5},"lc":1,"lj":1,"ml":4,"bm":0,"nm":"描边 1","mn":"ADBE Vector Graphic - Stroke","hd":false},{"ty":"tr","p":{"a":0,"k":[0,0],"ix":2},"a":{"a":0,"k":[0,0],"ix":1},"s":{"a":0,"k":[100,100],"ix":3},"r":{"a":0,"k":0,"ix":6},"o":{"a":0,"k":100,"ix":7},"sk":{"a":0,"k":0,"ix":4},"sa":{"a":0,"k":0,"ix":5},"nm":"变换"}],"nm":":","np":5,"cix":2,"bm":0,"ix":3,"mn":"ADBE Vector Group","hd":false}],"ip":185,"op":370,"st":5,"bm":0},{"ddd":0,"ind":6,"ty":4,"nm":"“지혜 :”轮廓","parent":77,"sr":1,"ks":{"o":{"a":1,"k":[{"i":{"x":[0.833],"y":[0.833]},"o":{"x":[0.167],"y":[0.167]},"t":160,"s":[0]},{"t":170,"s":[100]}],"ix":11},"r":{"a":0,"k":0,"ix":10},"p":{"a":0,"k":[307.167,-199.082,0],"ix":2},"a":{"a":0,"k":[-0.81,-13.716,0],"ix":1},"s":{"a":0,"k":[100,100,100],"ix":6}},"ao":0,"shapes":[{"ty":"gr","it":[{"ind":0,"ty":"sh","ix":1,"ks":{"a":0,"k":{"i":[[0,0],[0,6.816],[0,0],[0,0],[0,0],[0,0],[0,0],[0,0],[0,0],[5.438,-2.9],[0,0],[-0.761,3.263],[-2.864,-1.45]],"o":[[-4.858,-2.502],[0,0],[0,0],[0,0],[0,0],[0,0],[0,0],[0,0],[0,6.78],[0,0],[3.771,-1.849],[0.979,3.118],[0,0]],"v":[[-19.524,-8.121],[-27.463,-21.934],[-27.463,-22.768],[-21.228,-22.768],[-21.228,-26.14],[-38.376,-26.14],[-38.376,-22.768],[-31.923,-22.768],[-31.923,-21.898],[-40.008,-7.215],[-37.47,-4.061],[-29.675,-13.487],[-21.88,-4.822]],"c":true},"ix":2},"nm":"지","mn":"ADBE Vector Shape - Group","hd":false},{"ind":1,"ty":"sh","ix":2,"ks":{"a":0,"k":{"i":[[0,0],[0,0],[0,0],[0,0]],"o":[[0,0],[0,0],[0,0],[0,0]],"v":[[-12.998,2.864],[-12.998,-29.439],[-17.239,-29.439],[-17.239,2.864]],"c":true},"ix":2},"nm":"지","mn":"ADBE Vector Shape - Group","hd":false},{"ty":"mm","mm":1,"nm":"合并路径 1","mn":"ADBE Vector Filter - Merge","hd":false},{"ty":"fl","c":{"a":0,"k":[1,1,1,1],"ix":4},"o":{"a":0,"k":100,"ix":5},"r":1,"bm":0,"nm":"填充 1","mn":"ADBE Vector Graphic - Fill","hd":false},{"ty":"st","c":{"a":0,"k":[0.098040008545,0.098040008545,0.098040008545,1],"ix":3},"o":{"a":0,"k":100,"ix":4},"w":{"a":0,"k":0.01,"ix":5},"lc":1,"lj":1,"ml":4,"bm":0,"nm":"描边 1","mn":"ADBE Vector Graphic - Stroke","hd":false},{"ty":"tr","p":{"a":0,"k":[0,0],"ix":2},"a":{"a":0,"k":[0,0],"ix":1},"s":{"a":0,"k":[100,100],"ix":3},"r":{"a":0,"k":0,"ix":6},"o":{"a":0,"k":100,"ix":7},"sk":{"a":0,"k":0,"ix":4},"sa":{"a":0,"k":0,"ix":5},"nm":"变换"}],"nm":"지","np":5,"cix":2,"bm":0,"ix":1,"mn":"ADBE Vector Group","hd":false},{"ty":"gr","it":[{"ind":0,"ty":"sh","ix":1,"ks":{"a":0,"k":{"i":[[0,0],[0,0],[0,0],[0,0]],"o":[[0,0],[0,0],[0,0],[0,0]],"v":[[18.903,2.864],[18.903,-29.439],[14.879,-29.439],[14.879,2.864]],"c":true},"ix":2},"nm":"혜","mn":"ADBE Vector Shape - Group","hd":false},{"ind":1,"ty":"sh","ix":2,"ks":{"a":0,"k":{"i":[[0,0],[0,0],[0,0],[0,0],[0,0],[0,0],[0,0],[0,0],[0,0],[0,0],[0,0],[0,0]],"o":[[0,0],[0,0],[0,0],[0,0],[0,0],[0,0],[0,0],[0,0],[0,0],[0,0],[0,0],[0,0]],"v":[[12.668,1.378],[12.668,-28.823],[8.716,-28.823],[8.716,-17.982],[5.634,-17.982],[5.634,-14.683],[8.716,-14.683],[8.716,-11.13],[5.743,-11.13],[5.743,-7.831],[8.716,-7.831],[8.716,1.378]],"c":true},"ix":2},"nm":"혜","mn":"ADBE Vector Shape - Group","hd":false},{"ind":2,"ty":"sh","ix":3,"ks":{"a":0,"k":{"i":[[0,0],[0,0],[0,0],[0,0]],"o":[[0,0],[0,0],[0,0],[0,0]],"v":[[2.915,-23.602],[2.915,-26.937],[-5.206,-26.937],[-5.206,-23.602]],"c":true},"ix":2},"nm":"혜","mn":"ADBE Vector Shape - Group","hd":false},{"ind":3,"ty":"sh","ix":4,"ks":{"a":0,"k":{"i":[[0,0],[0,0],[0,0],[0,0]],"o":[[0,0],[0,0],[0,0],[0,0]],"v":[[6.178,-18.381],[6.178,-21.717],[-8.977,-21.717],[-8.977,-18.381]],"c":true},"ix":2},"nm":"혜","mn":"ADBE Vector Shape - Group","hd":false},{"ind":4,"ty":"sh","ix":5,"ks":{"a":0,"k":{"i":[[0,3.916],[4.206,0],[0,-3.988],[-4.097,0]],"o":[[0,-3.916],[-4.061,0],[0,3.734],[4.206,0]],"v":[[5.38,-10.55],[-1.436,-17.149],[-8.252,-10.55],[-1.436,-3.952]],"c":true},"ix":2},"nm":"혜","mn":"ADBE Vector Shape - Group","hd":false},{"ind":5,"ty":"sh","ix":6,"ks":{"a":0,"k":{"i":[[0,-1.885],[1.885,0],[0,1.922],[-1.849,0]],"o":[[0,1.849],[-1.849,0],[0,-1.922],[1.885,0]],"v":[[1.61,-10.55],[-1.436,-7.287],[-4.409,-10.55],[-1.436,-13.813]],"c":true},"ix":2},"nm":"혜","mn":"ADBE Vector Shape - Group","hd":false},{"ty":"mm","mm":1,"nm":"合并路径 1","mn":"ADBE Vector Filter - Merge","hd":false},{"ty":"fl","c":{"a":0,"k":[1,1,1,1],"ix":4},"o":{"a":0,"k":100,"ix":5},"r":1,"bm":0,"nm":"填充 1","mn":"ADBE Vector Graphic - Fill","hd":false},{"ty":"st","c":{"a":0,"k":[0.098040008545,0.098040008545,0.098040008545,1],"ix":3},"o":{"a":0,"k":100,"ix":4},"w":{"a":0,"k":0.01,"ix":5},"lc":1,"lj":1,"ml":4,"bm":0,"nm":"描边 1","mn":"ADBE Vector Graphic - Stroke","hd":false},{"ty":"tr","p":{"a":0,"k":[0,0],"ix":2},"a":{"a":0,"k":[0,0],"ix":1},"s":{"a":0,"k":[100,100],"ix":3},"r":{"a":0,"k":0,"ix":6},"o":{"a":0,"k":100,"ix":7},"sk":{"a":0,"k":0,"ix":4},"sa":{"a":0,"k":0,"ix":5},"nm":"变换"}],"nm":"혜","np":9,"cix":2,"bm":0,"ix":2,"mn":"ADBE Vector Group","hd":false},{"ty":"gr","it":[{"ind":0,"ty":"sh","ix":1,"ks":{"a":0,"k":{"i":[[0,0],[0,0],[0,0],[0,0]],"o":[[0,0],[0,0],[0,0],[0,0]],"v":[[33.697,-16.315],[38.12,-16.315],[38.12,-20.593],[33.697,-20.593]],"c":true},"ix":2},"nm":":","mn":"ADBE Vector Shape - Group","hd":false},{"ind":1,"ty":"sh","ix":2,"ks":{"a":0,"k":{"i":[[0,0],[0,0],[0,0],[0,0]],"o":[[0,0],[0,0],[0,0],[0,0]],"v":[[33.697,-3.19],[38.12,-3.19],[38.12,-7.469],[33.697,-7.469]],"c":true},"ix":2},"nm":":","mn":"ADBE Vector Shape - Group","hd":false},{"ty":"mm","mm":1,"nm":"合并路径 1","mn":"ADBE Vector Filter - Merge","hd":false},{"ty":"fl","c":{"a":0,"k":[1,1,1,1],"ix":4},"o":{"a":0,"k":100,"ix":5},"r":1,"bm":0,"nm":"填充 1","mn":"ADBE Vector Graphic - Fill","hd":false},{"ty":"st","c":{"a":0,"k":[0.098040008545,0.098040008545,0.098040008545,1],"ix":3},"o":{"a":0,"k":100,"ix":4},"w":{"a":0,"k":0.01,"ix":5},"lc":1,"lj":1,"ml":4,"bm":0,"nm":"描边 1","mn":"ADBE Vector Graphic - Stroke","hd":false},{"ty":"tr","p":{"a":0,"k":[0,0],"ix":2},"a":{"a":0,"k":[0,0],"ix":1},"s":{"a":0,"k":[100,100],"ix":3},"r":{"a":0,"k":0,"ix":6},"o":{"a":0,"k":100,"ix":7},"sk":{"a":0,"k":0,"ix":4},"sa":{"a":0,"k":0,"ix":5},"nm":"变换"}],"nm":":","np":5,"cix":2,"bm":0,"ix":3,"mn":"ADBE Vector Group","hd":false}],"ip":150,"op":371,"st":-30,"bm":0},{"ddd":0,"ind":8,"ty":4,"nm":"“내 팜의”轮廓","sr":1,"ks":{"o":{"a":1,"k":[{"i":{"x":[0.833],"y":[0.833]},"o":{"x":[0.167],"y":[0.167]},"t":0,"s":[0]},{"i":{"x":[0.833],"y":[0.833]},"o":{"x":[0.167],"y":[0.167]},"t":20,"s":[100]},{"i":{"x":[0.833],"y":[0.833]},"o":{"x":[0.167],"y":[0.167]},"t":60,"s":[100]},{"i":{"x":[0.833],"y":[0.833]},"o":{"x":[0.167],"y":[0.167]},"t":70,"s":[0]},{"i":{"x":[0.833],"y":[0.833]},"o":{"x":[0.167],"y":[0.167]},"t":170,"s":[100]},{"t":179,"s":[0]}],"ix":11},"r":{"a":0,"k":0,"ix":10},"p":{"a":0,"k":[46,556,0],"ix":2},"a":{"a":0,"k":[0,0,0],"ix":1},"s":{"a":0,"k":[100,100,100],"ix":6}},"ao":0,"hasMask":true,"masksProperties":[{"inv":false,"mode":"a","pt":{"a":1,"k":[{"i":{"x":0.667,"y":1},"o":{"x":0.333,"y":0},"t":0,"s":[{"i":[[0,0],[0,0],[0,0],[0,0]],"o":[[0,0],[0,0],[0,0],[0,0]],"v":[[-48,-101],[-365.648,-101],[-365.648,48.859],[-48,48.859]],"c":true}]},{"i":{"x":0.667,"y":1},"o":{"x":0.333,"y":0},"t":20,"s":[{"i":[[0,0],[0,0],[0,0],[0,0]],"o":[[0,0],[0,0],[0,0],[0,0]],"v":[[520,-101],[-42.648,-101],[-42.648,48.859],[520,48.859]],"c":true}]},{"i":{"x":0.667,"y":1},"o":{"x":0.333,"y":0},"t":170,"s":[{"i":[[0,0],[0,0],[0,0],[0,0]],"o":[[0,0],[0,0],[0,0],[0,0]],"v":[[520,-101],[-42.648,-101],[-42.648,48.859],[520,48.859]],"c":true}]},{"t":179,"s":[{"i":[[0,0],[0,0],[0,0],[0,0]],"o":[[0,0],[0,0],[0,0],[0,0]],"v":[[587,-102],[269.352,-102],[269.352,47.859],[587,47.859]],"c":true}]}],"ix":1},"o":{"a":0,"k":100,"ix":3},"x":{"a":0,"k":0,"ix":4},"nm":"蒙版 1"}],"shapes":[{"ty":"gr","it":[{"ind":0,"ty":"sh","ix":1,"ks":{"a":0,"k":{"i":[[0,0],[0,0],[0,0],[0,0],[0,0],[0,0],[0,0],[0,0],[0,0],[0,0],[0,0],[0,0]],"o":[[0,0],[0,0],[0,0],[0,0],[0,0],[0,0],[0,0],[0,0],[0,0],[0,0],[0,0],[0,0]],"v":[[59.443,5.967],[59.443,-61.331],[51.059,-61.331],[51.059,-34.82],[44.563,-34.82],[44.563,-60.123],[36.33,-60.123],[36.33,2.87],[44.563,2.87],[44.563,-27.72],[51.059,-27.72],[51.059,5.967]],"c":true},"ix":2},"nm":"내","mn":"ADBE Vector Shape - Group","hd":false},{"ind":1,"ty":"sh","ix":2,"ks":{"a":0,"k":{"i":[[-3.55,1.057],[0.302,2.417],[6.571,0],[0,0],[0,0],[0,0],[0,0]],"o":[[-0.378,-2.417],[-4.154,1.208],[0,0],[0,0],[0,0],[0,0],[8.006,0]],"v":[[33.611,-13.822],[32.478,-20.922],[13.898,-19.185],[13.898,-53.476],[5.212,-53.476],[5.212,-11.858],[11.254,-11.858]],"c":true},"ix":2},"nm":"내","mn":"ADBE Vector Shape - Group","hd":false},{"ty":"mm","mm":1,"nm":"合并路径 1","mn":"ADBE Vector Filter - Merge","hd":false},{"ty":"fl","c":{"a":0,"k":[0.596079987171,0.596079987171,0.596079987171,1],"ix":4},"o":{"a":0,"k":100,"ix":5},"r":1,"bm":0,"nm":"填充 1","mn":"ADBE Vector Graphic - Fill","hd":false},{"ty":"tr","p":{"a":0,"k":[0,0],"ix":2},"a":{"a":0,"k":[0,0],"ix":1},"s":{"a":0,"k":[100,100],"ix":3},"r":{"a":0,"k":0,"ix":6},"o":{"a":0,"k":100,"ix":7},"sk":{"a":0,"k":0,"ix":4},"sa":{"a":0,"k":0,"ix":5},"nm":"变换"}],"nm":"내","np":5,"cix":2,"bm":0,"ix":1,"mn":"ADBE Vector Group","hd":false},{"ty":"gr","it":[{"ind":0,"ty":"sh","ix":1,"ks":{"a":0,"k":{"i":[[0,0],[0,0],[0,0],[0,0]],"o":[[0,0],[0,0],[0,0],[0,0]],"v":[[139.434,5.136],[139.434,-19.638],[95.852,-19.638],[95.852,5.136]],"c":true},"ix":2},"nm":"팜","mn":"ADBE Vector Shape - Group","hd":false},{"ind":1,"ty":"sh","ix":2,"ks":{"a":0,"k":{"i":[[-9.139,1.813],[0,0],[3.55,-0.227],[0,0],[0,0],[0,0],[0.906,0],[2.039,-0.076],[0,0],[0,0],[0,0],[2.946,0],[-0.378,-2.493]],"o":[[0,0],[-2.19,0.302],[0,0],[0,0],[0,0],[-0.831,0.076],[-1.737,0],[0,0],[0,0],[0,0],[-2.946,0.076],[0.453,2.417],[13.898,0]],"v":[[127.575,-26.36],[126.896,-32.932],[118.134,-32.101],[119.569,-46.225],[111.185,-47.131],[110.279,-31.723],[107.635,-31.647],[102.046,-31.572],[101.291,-47.131],[92.604,-46.225],[94.191,-31.345],[85.429,-31.194],[86.637,-23.868]],"c":true},"ix":2},"nm":"팜","mn":"ADBE Vector Shape - Group","hd":false},{"ind":2,"ty":"sh","ix":3,"ks":{"a":0,"k":{"i":[[0,0],[0,0],[0,0],[0,0],[0,0],[0,0],[0,0],[0,0]],"o":[[0,0],[0,0],[0,0],[0,0],[0,0],[0,0],[0,0],[0,0]],"v":[[149.026,-37.992],[149.026,-45.168],[139.434,-45.168],[139.434,-61.331],[130.597,-61.331],[130.597,-22.961],[139.434,-22.961],[139.434,-37.992]],"c":true},"ix":2},"nm":"팜","mn":"ADBE Vector Shape - Group","hd":false},{"ind":3,"ty":"sh","ix":4,"ks":{"a":0,"k":{"i":[[0,0],[0,0],[0,0],[0,0]],"o":[[0,0],[0,0],[0,0],[0,0]],"v":[[130.597,-1.813],[104.765,-1.813],[104.765,-12.765],[130.597,-12.765]],"c":true},"ix":2},"nm":"팜","mn":"ADBE Vector Shape - Group","hd":false},{"ind":4,"ty":"sh","ix":5,"ks":{"a":0,"k":{"i":[[0,0],[0,0],[0,0],[0,0]],"o":[[0,0],[0,0],[0,0],[0,0]],"v":[[125.007,-50.153],[125.007,-57.177],[87.695,-57.177],[87.695,-50.153]],"c":true},"ix":2},"nm":"팜","mn":"ADBE Vector Shape - Group","hd":false},{"ty":"mm","mm":1,"nm":"合并路径 1","mn":"ADBE Vector Filter - Merge","hd":false},{"ty":"fl","c":{"a":0,"k":[0.596079987171,0.596079987171,0.596079987171,1],"ix":4},"o":{"a":0,"k":100,"ix":5},"r":1,"bm":0,"nm":"填充 1","mn":"ADBE Vector Graphic - Fill","hd":false},{"ty":"tr","p":{"a":0,"k":[0,0],"ix":2},"a":{"a":0,"k":[0,0],"ix":1},"s":{"a":0,"k":[100,100],"ix":3},"r":{"a":0,"k":0,"ix":6},"o":{"a":0,"k":100,"ix":7},"sk":{"a":0,"k":0,"ix":4},"sa":{"a":0,"k":0,"ix":5},"nm":"变换"}],"nm":"팜","np":8,"cix":2,"bm":0,"ix":2,"mn":"ADBE Vector Group","hd":false},{"ty":"gr","it":[{"ind":0,"ty":"sh","ix":1,"ks":{"a":0,"k":{"i":[[0,4.985],[-6.042,0],[0,-4.758],[6.118,0]],"o":[[0,-4.758],[6.118,0],[0,4.985],[-6.042,0]],"v":[[163.446,-40.938],[173.114,-49.548],[182.857,-40.938],[173.114,-32.101]],"c":true},"ix":2},"nm":"의","mn":"ADBE Vector Shape - Group","hd":false},{"ind":1,"ty":"sh","ix":2,"ks":{"a":0,"k":{"i":[[0,0],[0,0],[0,0],[0,0]],"o":[[0,0],[0,0],[0,0],[0,0]],"v":[[208.538,-61.331],[199.776,-61.331],[199.776,5.967],[208.538,5.967]],"c":true},"ix":2},"nm":"의","mn":"ADBE Vector Shape - Group","hd":false},{"ind":2,"ty":"sh","ix":3,"ks":{"a":0,"k":{"i":[[0,-9.441],[-11.33,0],[0,9.366],[11.405,0]],"o":[[0,9.366],[11.405,0],[0,-9.441],[-11.33,0]],"v":[[154.382,-40.862],[173.114,-24.699],[191.77,-40.862],[173.114,-57.026]],"c":true},"ix":2},"nm":"의","mn":"ADBE Vector Shape - Group","hd":false},{"ind":3,"ty":"sh","ix":4,"ks":{"a":0,"k":{"i":[[-6.42,0.831],[0,0],[8.384,-0.302],[7.78,0],[0,0],[-7.478,0.302]],"o":[[0,0],[-5.967,0.755],[-7.629,0.302],[0,0],[5.665,0.076],[7.175,-0.378]],"v":[[196.981,-11.254],[196.226,-18.354],[173.718,-16.692],[151.814,-16.315],[153.098,-8.762],[174.247,-9.29]],"c":true},"ix":2},"nm":"의","mn":"ADBE Vector Shape - Group","hd":false},{"ty":"mm","mm":1,"nm":"合并路径 1","mn":"ADBE Vector Filter - Merge","hd":false},{"ty":"fl","c":{"a":0,"k":[0.596079987171,0.596079987171,0.596079987171,1],"ix":4},"o":{"a":0,"k":100,"ix":5},"r":1,"bm":0,"nm":"填充 1","mn":"ADBE Vector Graphic - Fill","hd":false},{"ty":"tr","p":{"a":0,"k":[0,0],"ix":2},"a":{"a":0,"k":[0,0],"ix":1},"s":{"a":0,"k":[100,100],"ix":3},"r":{"a":0,"k":0,"ix":6},"o":{"a":0,"k":100,"ix":7},"sk":{"a":0,"k":0,"ix":4},"sa":{"a":0,"k":0,"ix":5},"nm":"变换"}],"nm":"의","np":7,"cix":2,"bm":0,"ix":3,"mn":"ADBE Vector Group","hd":false}],"ip":0,"op":75,"st":0,"bm":0},{"ddd":0,"ind":10,"ty":4,"nm":"“ 비밀”轮廓","sr":1,"ks":{"o":{"a":1,"k":[{"i":{"x":[0.833],"y":[0.833]},"o":{"x":[0.167],"y":[0.167]},"t":10,"s":[0]},{"i":{"x":[0.833],"y":[0.833]},"o":{"x":[0.167],"y":[0.167]},"t":30,"s":[100]},{"i":{"x":[0.833],"y":[0.833]},"o":{"x":[0.167],"y":[0.167]},"t":60,"s":[100]},{"i":{"x":[0.833],"y":[0.833]},"o":{"x":[0.167],"y":[0.167]},"t":70,"s":[0]},{"i":{"x":[0.833],"y":[0.833]},"o":{"x":[0.167],"y":[0.167]},"t":180,"s":[100]},{"t":189,"s":[0]}],"ix":11},"r":{"a":0,"k":0,"ix":10},"p":{"a":0,"k":[29,664,0],"ix":2},"a":{"a":0,"k":[0,0,0],"ix":1},"s":{"a":0,"k":[100,100,100],"ix":6}},"ao":0,"hasMask":true,"masksProperties":[{"inv":false,"mode":"a","pt":{"a":1,"k":[{"i":{"x":0.667,"y":1},"o":{"x":0.333,"y":0},"t":10,"s":[{"i":[[0,0],[0,0],[0,0],[0,0]],"o":[[0,0],[0,0],[0,0],[0,0]],"v":[[-48,-101],[-365.648,-101],[-365.648,48.859],[-48,48.859]],"c":true}]},{"i":{"x":0.667,"y":1},"o":{"x":0.333,"y":0},"t":30,"s":[{"i":[[0,0],[0,0],[0,0],[0,0]],"o":[[0,0],[0,0],[0,0],[0,0]],"v":[[520,-101],[-42.648,-101],[-42.648,48.859],[520,48.859]],"c":true}]},{"i":{"x":0.667,"y":1},"o":{"x":0.333,"y":0},"t":180,"s":[{"i":[[0,0],[0,0],[0,0],[0,0]],"o":[[0,0],[0,0],[0,0],[0,0]],"v":[[520,-101],[-42.648,-101],[-42.648,48.859],[520,48.859]],"c":true}]},{"t":189,"s":[{"i":[[0,0],[0,0],[0,0],[0,0]],"o":[[0,0],[0,0],[0,0],[0,0]],"v":[[587,-102],[269.352,-102],[269.352,47.859],[587,47.859]],"c":true}]}],"ix":1},"o":{"a":0,"k":100,"ix":3},"x":{"a":0,"k":0,"ix":4},"nm":"蒙版 1"}],"shapes":[{"ty":"gr","it":[{"ind":0,"ty":"sh","ix":1,"ks":{"a":0,"k":{"i":[[0,0],[0,0],[0,0],[0,0]],"o":[[0,0],[0,0],[0,0],[0,0]],"v":[[77.581,5.967],[77.581,-61.331],[68.819,-61.331],[68.819,5.967]],"c":true},"ix":2},"nm":"비","mn":"ADBE Vector Shape - Group","hd":false},{"ind":1,"ty":"sh","ix":2,"ks":{"a":0,"k":{"i":[[0,0],[0,0],[0,0],[0,0],[0,0],[0,0],[0,0],[0,0]],"o":[[0,0],[0,0],[0,0],[0,0],[0,0],[0,0],[0,0],[0,0]],"v":[[57.112,-10.65],[57.112,-56.044],[48.199,-56.044],[48.199,-39.729],[34.075,-39.729],[34.075,-55.893],[25.313,-55.893],[25.313,-10.65]],"c":true},"ix":2},"nm":"비","mn":"ADBE Vector Shape - Group","hd":false},{"ind":2,"ty":"sh","ix":3,"ks":{"a":0,"k":{"i":[[0,0],[0,0],[0,0],[0,0]],"o":[[0,0],[0,0],[0,0],[0,0]],"v":[[48.199,-17.599],[34.075,-17.599],[34.075,-32.78],[48.199,-32.78]],"c":true},"ix":2},"nm":"비","mn":"ADBE Vector Shape - Group","hd":false},{"ty":"mm","mm":1,"nm":"合并路径 1","mn":"ADBE Vector Filter - Merge","hd":false},{"ty":"fl","c":{"a":0,"k":[0.596079987171,0.596079987171,0.596079987171,1],"ix":4},"o":{"a":0,"k":100,"ix":5},"r":1,"bm":0,"nm":"填充 1","mn":"ADBE Vector Graphic - Fill","hd":false},{"ty":"tr","p":{"a":0,"k":[0,0],"ix":2},"a":{"a":0,"k":[0,0],"ix":1},"s":{"a":0,"k":[100,100],"ix":3},"r":{"a":0,"k":0,"ix":6},"o":{"a":0,"k":100,"ix":7},"sk":{"a":0,"k":0,"ix":4},"sa":{"a":0,"k":0,"ix":5},"nm":"变换"}],"nm":"비","np":6,"cix":2,"bm":0,"ix":1,"mn":"ADBE Vector Group","hd":false},{"ty":"gr","it":[{"ind":0,"ty":"sh","ix":1,"ks":{"a":0,"k":{"i":[[0,0],[0,0],[0,0],[0,0]],"o":[[0,0],[0,0],[0,0],[0,0]],"v":[[142.455,-27.72],[142.455,-61.331],[133.693,-61.331],[133.693,-27.72]],"c":true},"ix":2},"nm":"밀","mn":"ADBE Vector Shape - Group","hd":false},{"ind":1,"ty":"sh","ix":2,"ks":{"a":0,"k":{"i":[[0,0],[0,0],[0,0],[0,0],[0,0],[0,0],[0,0],[0,0],[0,0],[0,0],[0,0],[0,0]],"o":[[0,0],[0,0],[0,0],[0,0],[0,0],[0,0],[0,0],[0,0],[0,0],[0,0],[0,0],[0,0]],"v":[[144.419,5.363],[144.419,-1.662],[106.88,-1.662],[106.88,-6.269],[142.455,-6.269],[142.455,-24.321],[97.892,-24.321],[97.892,-17.297],[133.693,-17.297],[133.693,-12.689],[98.043,-12.689],[98.043,5.363]],"c":true},"ix":2},"nm":"밀","mn":"ADBE Vector Shape - Group","hd":false},{"ind":2,"ty":"sh","ix":3,"ks":{"a":0,"k":{"i":[[0,0],[0,0],[0,0],[0,0]],"o":[[0,0],[0,0],[0,0],[0,0]],"v":[[121.835,-29.684],[121.835,-57.932],[90.187,-57.932],[90.187,-29.684]],"c":true},"ix":2},"nm":"밀","mn":"ADBE Vector Shape - Group","hd":false},{"ind":3,"ty":"sh","ix":4,"ks":{"a":0,"k":{"i":[[0,0],[0,0],[0,0],[0,0]],"o":[[0,0],[0,0],[0,0],[0,0]],"v":[[112.998,-36.557],[99.025,-36.557],[99.025,-51.134],[112.998,-51.134]],"c":true},"ix":2},"nm":"밀","mn":"ADBE Vector Shape - Group","hd":false},{"ty":"mm","mm":1,"nm":"合并路径 1","mn":"ADBE Vector Filter - Merge","hd":false},{"ty":"fl","c":{"a":0,"k":[0.596079987171,0.596079987171,0.596079987171,1],"ix":4},"o":{"a":0,"k":100,"ix":5},"r":1,"bm":0,"nm":"填充 1","mn":"ADBE Vector Graphic - Fill","hd":false},{"ty":"tr","p":{"a":0,"k":[0,0],"ix":2},"a":{"a":0,"k":[0,0],"ix":1},"s":{"a":0,"k":[100,100],"ix":3},"r":{"a":0,"k":0,"ix":6},"o":{"a":0,"k":100,"ix":7},"sk":{"a":0,"k":0,"ix":4},"sa":{"a":0,"k":0,"ix":5},"nm":"变换"}],"nm":"밀","np":7,"cix":2,"bm":0,"ix":2,"mn":"ADBE Vector Group","hd":false}],"ip":10,"op":75,"st":10,"bm":0},{"ddd":0,"ind":69,"ty":3,"nm":"健康-bg","sr":1,"ks":{"o":{"a":1,"k":[{"i":{"x":[0.833],"y":[0.833]},"o":{"x":[0.167],"y":[0.167]},"t":230,"s":[0]},{"t":240,"s":[100]}],"ix":11},"r":{"a":0,"k":0,"ix":10},"p":{"a":1,"k":[{"i":{"x":0.3,"y":1},"o":{"x":0.3,"y":0},"t":220,"s":[481.163,706.034,0],"to":[-43.527,124.052,0],"ti":[0,0,0]},{"i":{"x":0.833,"y":0.833},"o":{"x":0.144,"y":0.144},"t":240,"s":[242,885.672,0],"to":[0,0,0],"ti":[0,0,0]},{"i":{"x":0.833,"y":0.83},"o":{"x":0.167,"y":0.111},"t":255,"s":[242,885.672,0],"to":[0,0,0],"ti":[9.249,0.234,0]},{"i":{"x":0.833,"y":0.836},"o":{"x":0.167,"y":0.163},"t":285,"s":[232,875.047,0],"to":[-9.249,-0.234,0],"ti":[0,-3.438,0]},{"i":{"x":0.833,"y":0.836},"o":{"x":0.167,"y":0.169},"t":315,"s":[222,885.672,0],"to":[0,3.438,0],"ti":[-9.376,-0.078,0]},{"i":{"x":0.833,"y":0.829},"o":{"x":0.167,"y":0.17},"t":345,"s":[232,895.672,0],"to":[9.376,0.078,0],"ti":[0,0,0]},{"i":{"x":0.965,"y":0},"o":{"x":0.167,"y":0.162},"t":375,"s":[242,885.672,0],"to":[0,0,0],"ti":[8.687,-0.016,0]},{"i":{"x":0.833,"y":0.995},"o":{"x":0.167,"y":0.079},"t":404,"s":[232,875.047,0],"to":[-8.687,0.016,0],"ti":[0,0,0]},{"i":{"x":0.7,"y":1},"o":{"x":0.167,"y":0.007},"t":429,"s":[-487,435.672,0],"to":[0,0,0],"ti":[0,0,0]},{"i":{"x":0.833,"y":0.76},"o":{"x":0.3,"y":0},"t":459,"s":[199.999,289.672,0],"to":[0,0,0],"ti":[0,0,0]},{"t":489,"s":[199.999,269.672,0]}],"ix":2},"a":{"a":0,"k":[284.145,-175.98,0],"ix":1},"s":{"a":0,"k":[100,100,100],"ix":6}},"ao":0,"ip":220,"op":405,"st":40,"bm":0},{"ddd":0,"ind":73,"ty":3,"nm":"爱情-bg","sr":1,"ks":{"o":{"a":1,"k":[{"i":{"x":[0.833],"y":[0.833]},"o":{"x":[0.167],"y":[0.167]},"t":195,"s":[0]},{"t":205,"s":[100]}],"ix":11},"r":{"a":0,"k":0,"ix":10},"p":{"a":1,"k":[{"i":{"x":0.3,"y":1},"o":{"x":0.3,"y":0},"t":185,"s":[697.163,680.034,0],"to":[86.473,64.052,0],"ti":[0,0,0]},{"i":{"x":0.833,"y":0.833},"o":{"x":0.144,"y":0.144},"t":205,"s":[938.999,759.672,0],"to":[0,0,0],"ti":[0,0,0]},{"i":{"x":0.833,"y":0.83},"o":{"x":0.167,"y":0.111},"t":220,"s":[938.999,759.672,0],"to":[0,0,0],"ti":[9.249,0.234,0]},{"i":{"x":0.833,"y":0.836},"o":{"x":0.167,"y":0.163},"t":250,"s":[928.999,749.047,0],"to":[-9.249,-0.234,0],"ti":[0,-3.438,0]},{"i":{"x":0.833,"y":0.836},"o":{"x":0.167,"y":0.169},"t":280,"s":[918.999,759.672,0],"to":[0,3.438,0],"ti":[-9.376,-0.078,0]},{"i":{"x":0.833,"y":0.829},"o":{"x":0.167,"y":0.17},"t":310,"s":[928.999,769.672,0],"to":[9.376,0.078,0],"ti":[0,0,0]},{"i":{"x":0.965,"y":0},"o":{"x":0.167,"y":0.162},"t":340,"s":[938.999,759.672,0],"to":[0,0,0],"ti":[8.687,-0.016,0]},{"i":{"x":0.833,"y":0.995},"o":{"x":0.167,"y":0.079},"t":369,"s":[928.999,749.047,0],"to":[-8.687,0.016,0],"ti":[0,0,0]},{"i":{"x":0.7,"y":1},"o":{"x":0.167,"y":0.234},"t":394,"s":[209.999,309.672,0],"to":[0,0,0],"ti":[0,0,0]},{"i":{"x":0.833,"y":0.921},"o":{"x":0.3,"y":0},"t":424,"s":[209.999,329.672,0],"to":[0,0,0],"ti":[0,0,0]},{"t":454,"s":[199.999,269.672,0]}],"ix":2},"a":{"a":0,"k":[284.145,-175.98,0],"ix":1},"s":{"a":0,"k":[100,100,100],"ix":6}},"ao":0,"ip":185,"op":370,"st":5,"bm":0},{"ddd":0,"ind":77,"ty":3,"nm":"智慧-bg","sr":1,"ks":{"o":{"a":1,"k":[{"i":{"x":[0.833],"y":[0.833]},"o":{"x":[0.167],"y":[0.167]},"t":160,"s":[0]},{"t":170,"s":[100]}],"ix":11},"r":{"a":0,"k":0,"ix":10},"p":{"a":1,"k":[{"i":{"x":0.3,"y":1},"o":{"x":0.3,"y":0},"t":150,"s":[367.163,496.034,0],"to":[-111.527,-49.948,0],"ti":[0,0,0]},{"i":{"x":0.833,"y":0.833},"o":{"x":0.144,"y":0.144},"t":170,"s":[191.999,335.672,0],"to":[0,0,0],"ti":[0,0,0]},{"i":{"x":0.833,"y":0.83},"o":{"x":0.167,"y":0.111},"t":185,"s":[191.999,335.672,0],"to":[0,0,0],"ti":[9.249,0.234,0]},{"i":{"x":0.833,"y":0.836},"o":{"x":0.167,"y":0.163},"t":215,"s":[181.999,325.047,0],"to":[-9.249,-0.234,0],"ti":[0,-3.438,0]},{"i":{"x":0.833,"y":0.836},"o":{"x":0.167,"y":0.169},"t":245,"s":[171.999,335.672,0],"to":[0,3.438,0],"ti":[-9.376,-0.078,0]},{"i":{"x":0.833,"y":0.829},"o":{"x":0.167,"y":0.17},"t":275,"s":[181.999,345.672,0],"to":[9.376,0.078,0],"ti":[0,0,0]},{"i":{"x":0.833,"y":0.821},"o":{"x":0.167,"y":0.162},"t":305,"s":[191.999,335.672,0],"to":[0,0,0],"ti":[8.687,-0.016,0]},{"i":{"x":0.833,"y":0.756},"o":{"x":0.167,"y":0.154},"t":334,"s":[181.999,325.047,0],"to":[-8.687,0.016,0],"ti":[0,0,0]},{"i":{"x":0.7,"y":1},"o":{"x":0.167,"y":0.165},"t":359,"s":[171.999,335.672,0],"to":[0,0,0],"ti":[0,0,0]},{"i":{"x":0.833,"y":0.76},"o":{"x":0.3,"y":0},"t":389,"s":[191.999,355.672,0],"to":[0,0,0],"ti":[0,0,0]},{"t":419,"s":[191.999,335.672,0]}],"ix":2},"a":{"a":0,"k":[284.145,-175.98,0],"ix":1},"s":{"a":0,"k":[100,100,100],"ix":6}},"ao":0,"ip":150,"op":391,"st":-30,"bm":0}],"markers":[]}