{"v":"5.6.8","fr":30,"ip":0,"op":330,"w":1125,"h":1050,"nm":"订阅视频-手相","ddd":0,"assets":[],"layers":[{"ddd":0,"ind":22,"ty":4,"nm":"“生命 :”轮廓","parent":79,"sr":1,"ks":{"o":{"a":1,"k":[{"i":{"x":[0.833],"y":[0.833]},"o":{"x":[0.167],"y":[0.167]},"t":230,"s":[0]},{"t":240,"s":[100]}],"ix":11},"r":{"a":0,"k":0,"ix":10},"p":{"a":0,"k":[265.592,-198.054,0],"ix":2},"a":{"a":0,"k":[-0.81,-13.716,0],"ix":1},"s":{"a":0,"k":[100,100,100],"ix":6}},"ao":0,"shapes":[{"ty":"gr","it":[{"ind":0,"ty":"sh","ix":1,"ks":{"a":0,"k":{"i":[[0,0],[0,0],[0,0],[0,0],[0,0],[0,0],[0,0],[0,0],[0,0],[0,0],[0,0],[0,0],[0,0],[-0.508,1.74],[0,0],[2.828,-3.045],[-0.87,-0.689],[-1.051,1.994],[0,0],[0,0],[0,0],[0,0],[0,0],[0,0],[0,0],[0,0],[0,0],[0,0]],"o":[[0,0],[0,0],[0,0],[0,0],[0,0],[0,0],[0,0],[0,0],[0,0],[0,0],[0,0],[0,0],[0.616,-1.668],[0,0],[-1.233,4.931],[1.088,0.58],[1.196,-1.414],[0,0],[0,0],[0,0],[0,0],[0,0],[0,0],[0,0],[0,0],[0,0],[0,0],[0,0]],"v":[[20.448,-2.103],[20.448,-9.39],[31.288,-9.39],[31.288,-13.559],[20.448,-13.559],[20.448,-19.94],[32.666,-19.94],[32.666,-24.146],[20.448,-24.146],[20.448,-30.672],[15.916,-30.672],[15.916,-24.146],[10.333,-24.146],[12.037,-29.258],[7.577,-30.237],[1.16,-17.257],[5.039,-14.683],[8.411,-19.94],[15.916,-19.94],[15.916,-13.559],[6.091,-13.559],[6.091,-9.39],[15.916,-9.39],[15.916,-2.103],[1.922,-2.103],[1.922,2.139],[34.515,2.139],[34.515,-2.103]],"c":true},"ix":2},"nm":"生","mn":"ADBE Vector Shape - Group","hd":false},{"ty":"fl","c":{"a":0,"k":[1,1,1,1],"ix":4},"o":{"a":0,"k":100,"ix":5},"r":1,"bm":0,"nm":"填充 1","mn":"ADBE Vector Graphic - Fill","hd":false},{"ty":"st","c":{"a":0,"k":[0.098040008545,0.098040008545,0.098040008545,1],"ix":3},"o":{"a":0,"k":100,"ix":4},"w":{"a":0,"k":0.01,"ix":5},"lc":1,"lj":1,"ml":4,"bm":0,"nm":"描边 1","mn":"ADBE Vector Graphic - Stroke","hd":false},{"ty":"tr","p":{"a":0,"k":[0,0],"ix":2},"a":{"a":0,"k":[0,0],"ix":1},"s":{"a":0,"k":[100,100],"ix":3},"r":{"a":0,"k":0,"ix":6},"o":{"a":0,"k":100,"ix":7},"sk":{"a":0,"k":0,"ix":4},"sa":{"a":0,"k":0,"ix":5},"nm":"变换"}],"nm":"生","np":3,"cix":2,"bm":0,"ix":1,"mn":"ADBE Vector Group","hd":false},{"ty":"gr","it":[{"ind":0,"ty":"sh","ix":1,"ks":{"a":0,"k":{"i":[[0,0],[0,0],[0,0],[0,0]],"o":[[0,0],[0,0],[0,0],[0,0]],"v":[[48.109,-11.638],[48.109,-6.091],[44.049,-6.091],[44.049,-11.638]],"c":true},"ix":2},"nm":"命","mn":"ADBE Vector Shape - Group","hd":false},{"ind":1,"ty":"sh","ix":2,"ks":{"a":0,"k":{"i":[[0,0],[0,0],[0,0],[0,0],[0,0],[0,0]],"o":[[0,0],[0,0],[0,0],[0,0],[0,0],[0,0]],"v":[[52.133,-15.372],[40.133,-15.372],[40.133,0.58],[44.049,0.58],[44.049,-2.32],[52.133,-2.32]],"c":true},"ix":2},"nm":"命","mn":"ADBE Vector Shape - Group","hd":false},{"ind":2,"ty":"sh","ix":3,"ks":{"a":0,"k":{"i":[[0,0],[0,0],[0,0],[0,0],[0,0],[0,0],[0,0],[0.471,0],[1.341,0.036],[-0.109,-1.16],[-1.233,0.653],[0,1.885]],"o":[[0,0],[0,0],[0,0],[0,0],[0,0],[0,0],[0,0.399],[-0.435,0],[0.435,1.124],[2.357,0],[1.305,-0.653],[0,0]],"v":[[68.303,-15.336],[54.925,-15.336],[54.925,3.227],[59.167,3.227],[59.167,-11.529],[64.17,-11.529],[64.17,-5.511],[63.554,-4.967],[60.291,-5.003],[61.378,-1.124],[66.708,-1.776],[68.303,-5.402]],"c":true},"ix":2},"nm":"命","mn":"ADBE Vector Shape - Group","hd":false},{"ind":3,"ty":"sh","ix":4,"ks":{"a":0,"k":{"i":[[0,0],[-1.631,1.414],[-1.776,-1.196]],"o":[[1.958,-1.196],[1.414,1.45],[0,0]],"v":[[48.87,-21.318],[54.345,-25.27],[59.094,-21.318]],"c":true},"ix":2},"nm":"命","mn":"ADBE Vector Shape - Group","hd":false},{"ind":4,"ty":"sh","ix":5,"ks":{"a":0,"k":{"i":[[0,0],[6.888,-1.595],[-0.544,-1.269],[-2.248,1.196],[0,0],[0,0],[0,0],[-2.284,-0.653],[-1.088,0.979],[3.263,3.082],[-0.218,0.29]],"o":[[-3.48,4.532],[0.979,1.16],[2.32,-0.761],[0,0],[0,0],[0,0],[2.067,1.124],[0.689,-1.269],[-5.656,-1.16],[0.254,-0.29],[0,0]],"v":[[54.345,-31.288],[36.798,-21.064],[39.299,-16.895],[46.224,-19.831],[46.224,-17.475],[61.741,-17.475],[61.741,-19.723],[68.339,-17.076],[71.421,-21.173],[57.064,-27.953],[57.789,-28.823]],"c":true},"ix":2},"nm":"命","mn":"ADBE Vector Shape - Group","hd":false},{"ty":"mm","mm":1,"nm":"合并路径 1","mn":"ADBE Vector Filter - Merge","hd":false},{"ty":"fl","c":{"a":0,"k":[1,1,1,1],"ix":4},"o":{"a":0,"k":100,"ix":5},"r":1,"bm":0,"nm":"填充 1","mn":"ADBE Vector Graphic - Fill","hd":false},{"ty":"st","c":{"a":0,"k":[0.098040008545,0.098040008545,0.098040008545,1],"ix":3},"o":{"a":0,"k":100,"ix":4},"w":{"a":0,"k":0.01,"ix":5},"lc":1,"lj":1,"ml":4,"bm":0,"nm":"描边 1","mn":"ADBE Vector Graphic - Stroke","hd":false},{"ty":"tr","p":{"a":0,"k":[0,0],"ix":2},"a":{"a":0,"k":[0,0],"ix":1},"s":{"a":0,"k":[100,100],"ix":3},"r":{"a":0,"k":0,"ix":6},"o":{"a":0,"k":100,"ix":7},"sk":{"a":0,"k":0,"ix":4},"sa":{"a":0,"k":0,"ix":5},"nm":"变换"}],"nm":"命","np":8,"cix":2,"bm":0,"ix":2,"mn":"ADBE Vector Group","hd":false},{"ty":"gr","it":[{"ind":0,"ty":"sh","ix":1,"ks":{"a":0,"k":{"i":[[-1.885,0],[0,1.958],[1.922,0],[0,-1.994]],"o":[[1.922,0],[0,-1.994],[-1.885,0],[0,1.958]],"v":[[86.045,-13.269],[89.38,-16.714],[86.045,-20.194],[82.746,-16.714]],"c":true},"ix":2},"nm":":","mn":"ADBE Vector Shape - Group","hd":false},{"ind":1,"ty":"sh","ix":2,"ks":{"a":0,"k":{"i":[[-1.885,0],[0,1.958],[1.922,0],[0,-1.958]],"o":[[1.922,0],[0,-1.958],[-1.885,0],[0,1.958]],"v":[[86.045,0.508],[89.38,-2.973],[86.045,-6.453],[82.746,-2.973]],"c":true},"ix":2},"nm":":","mn":"ADBE Vector Shape - Group","hd":false},{"ty":"mm","mm":1,"nm":"合并路径 1","mn":"ADBE Vector Filter - Merge","hd":false},{"ty":"fl","c":{"a":0,"k":[1,1,1,1],"ix":4},"o":{"a":0,"k":100,"ix":5},"r":1,"bm":0,"nm":"填充 1","mn":"ADBE Vector Graphic - Fill","hd":false},{"ty":"st","c":{"a":0,"k":[0.098040008545,0.098040008545,0.098040008545,1],"ix":3},"o":{"a":0,"k":100,"ix":4},"w":{"a":0,"k":0.01,"ix":5},"lc":1,"lj":1,"ml":4,"bm":0,"nm":"描边 1","mn":"ADBE Vector Graphic - Stroke","hd":false},{"ty":"tr","p":{"a":0,"k":[0,0],"ix":2},"a":{"a":0,"k":[0,0],"ix":1},"s":{"a":0,"k":[100,100],"ix":3},"r":{"a":0,"k":0,"ix":6},"o":{"a":0,"k":100,"ix":7},"sk":{"a":0,"k":0,"ix":4},"sa":{"a":0,"k":0,"ix":5},"nm":"变换"}],"nm":":","np":5,"cix":2,"bm":0,"ix":3,"mn":"ADBE Vector Group","hd":false}],"ip":220,"op":400,"st":40,"bm":0},{"ddd":0,"ind":24,"ty":4,"nm":"“愛情 :”轮廓","parent":83,"sr":1,"ks":{"o":{"a":1,"k":[{"i":{"x":[0.833],"y":[0.833]},"o":{"x":[0.167],"y":[0.167]},"t":195,"s":[0]},{"t":205,"s":[100]}],"ix":11},"r":{"a":0,"k":0,"ix":10},"p":{"a":0,"k":[270.915,-200.368,0],"ix":2},"a":{"a":0,"k":[-0.81,-13.716,0],"ix":1},"s":{"a":0,"k":[100,100,100],"ix":6}},"ao":0,"shapes":[{"ty":"gr","it":[{"ind":0,"ty":"sh","ix":1,"ks":{"a":0,"k":{"i":[[0,0],[0,0],[0.725,1.015],[-1.233,0.073],[-0.326,-1.088]],"o":[[0,0],[-0.29,-0.834],[1.233,-0.036],[0.689,1.124],[0,0]],"v":[[12,-22.297],[12.907,-22.696],[11.275,-25.668],[14.973,-25.85],[16.641,-22.297]],"c":true},"ix":2},"nm":"愛","mn":"ADBE Vector Shape - Group","hd":false},{"ind":1,"ty":"sh","ix":2,"ks":{"a":0,"k":{"i":[[0,0],[0,0],[0.653,1.088],[-2.248,0.29],[0.834,-1.341]],"o":[[0,0],[-0.218,-0.906],[2.429,-0.218],[-0.653,1.414],[0,0]],"v":[[18.744,-22.297],[20.448,-22.949],[18.998,-26.14],[26.031,-26.865],[23.493,-22.297]],"c":true},"ix":2},"nm":"愛","mn":"ADBE Vector Shape - Group","hd":false},{"ind":2,"ty":"sh","ix":3,"ks":{"a":0,"k":{"i":[[0,0],[0,0],[0,0],[-1.088,-1.015],[0,0],[0.979,0.544],[0,0],[0,0],[0.834,0.616],[0,0],[-1.051,-1.74],[0,0],[0.979,0.979],[0,0],[0,0],[0,0],[-0.87,1.196],[0,0],[-1.486,0.29],[0,0],[8.955,-0.181],[-0.073,-0.906],[-0.906,0.036],[0,0],[-0.471,-1.015],[0,0],[0,0],[0,0]],"o":[[0,0],[0,0],[1.813,0.798],[0,0],[-0.616,-0.508],[0,0],[0,0],[-0.834,-0.761],[0,0],[2.139,1.704],[0,0],[-0.58,-0.834],[0,0],[0,0],[0,0],[0.798,-1.051],[0,0],[1.704,-0.218],[0,0],[-5.982,1.196],[0.363,0.798],[0.906,0],[0,0],[0.725,0.943],[0,0],[0,0],[0,0],[0,0]],"v":[[6.707,-18.998],[15.445,-18.998],[14.574,-18.091],[19.759,-14.973],[21.934,-17.366],[19.433,-18.998],[29.294,-18.998],[29.294,-15.952],[26.72,-18.091],[23.783,-16.061],[29.403,-10.151],[32.484,-12.435],[30.055,-15.227],[33.536,-15.227],[33.536,-22.297],[27.735,-22.297],[30.309,-25.777],[27.01,-27.01],[31.796,-27.807],[29.004,-30.708],[3.662,-28.569],[4.496,-25.451],[7.215,-25.523],[6.997,-25.415],[8.882,-22.297],[2.647,-22.297],[2.647,-15.662],[6.707,-15.662]],"c":true},"ix":2},"nm":"愛","mn":"ADBE Vector Shape - Group","hd":false},{"ind":3,"ty":"sh","ix":4,"ks":{"a":0,"k":{"i":[[0,0],[-1.051,2.357],[0,0],[2.103,-1.124]],"o":[[2.429,-1.523],[0,0],[-0.906,1.994],[0,0]],"v":[[6.49,-9.789],[11.457,-16.025],[8.23,-17.366],[3.589,-12.218]],"c":true},"ix":2},"nm":"愛","mn":"ADBE Vector Shape - Group","hd":false},{"ind":4,"ty":"sh","ix":5,"ks":{"a":0,"k":{"i":[[0,0],[1.595,-0.761],[1.233,1.051]],"o":[[-1.124,1.051],[-1.776,-0.761],[0,0]],"v":[[22.224,-6.308],[18.127,-3.625],[13.596,-6.308]],"c":true},"ix":2},"nm":"愛","mn":"ADBE Vector Shape - Group","hd":false},{"ind":5,"ty":"sh","ix":6,"ks":{"a":0,"k":{"i":[[0,0],[0,0],[0,0],[-0.399,0.508],[0,0],[-0.399,2.864],[0.798,0.508],[0.943,0],[0,0],[0,0.834],[0,0],[0,0],[0,0],[-1.45,-0.508],[4.133,-1.233],[-0.616,-0.761],[-1.631,0.906],[-1.233,-0.798],[4.278,-0.29],[-0.399,-1.015],[-4.169,1.668],[-5.257,-0.471],[-0.834,0.943],[3.48,0.906],[-1.414,2.248]],"o":[[0,0],[0,0],[0.471,-0.471],[0,0],[2.683,0],[-1.051,-0.218],[-0.109,1.486],[0,0],[-1.233,0],[0,0],[0,0],[0,0],[0,2.067],[-2.574,2.574],[0.87,0.653],[1.595,-0.653],[1.015,0.979],[-3.517,0.979],[0.725,0.87],[5.039,-0.58],[4.024,1.668],[0.508,-1.124],[-4.314,-0.254],[2.32,-1.486],[0,0]],"v":[[25.777,-9.426],[25.088,-9.281],[16.605,-9.281],[17.946,-10.768],[21.1,-10.768],[25.27,-14.393],[21.898,-15.626],[20.629,-13.849],[16.967,-13.849],[15.517,-14.792],[15.517,-17.33],[11.529,-17.33],[11.529,-14.792],[13.378,-11.13],[2.538,-5.184],[5.474,-2.32],[10.369,-4.641],[13.704,-1.994],[1.885,-0.109],[4.024,3.48],[18.091,0.254],[32.122,3.372],[34.551,-0.435],[22.768,-2.103],[28.46,-7.686]],"c":true},"ix":2},"nm":"愛","mn":"ADBE Vector Shape - Group","hd":false},{"ty":"mm","mm":1,"nm":"合并路径 1","mn":"ADBE Vector Filter - Merge","hd":false},{"ty":"fl","c":{"a":0,"k":[1,1,1,1],"ix":4},"o":{"a":0,"k":100,"ix":5},"r":1,"bm":0,"nm":"填充 1","mn":"ADBE Vector Graphic - Fill","hd":false},{"ty":"st","c":{"a":0,"k":[0.098040008545,0.098040008545,0.098040008545,1],"ix":3},"o":{"a":0,"k":100,"ix":4},"w":{"a":0,"k":0.01,"ix":5},"lc":1,"lj":1,"ml":4,"bm":0,"nm":"描边 1","mn":"ADBE Vector Graphic - Stroke","hd":false},{"ty":"tr","p":{"a":0,"k":[0,0],"ix":2},"a":{"a":0,"k":[0,0],"ix":1},"s":{"a":0,"k":[100,100],"ix":3},"r":{"a":0,"k":0,"ix":6},"o":{"a":0,"k":100,"ix":7},"sk":{"a":0,"k":0,"ix":4},"sa":{"a":0,"k":0,"ix":5},"nm":"变换"}],"nm":"愛","np":9,"cix":2,"bm":0,"ix":1,"mn":"ADBE Vector Group","hd":false},{"ty":"gr","it":[{"ind":0,"ty":"sh","ix":1,"ks":{"a":0,"k":{"i":[[0,0],[-0.073,3.009],[0,0],[0.761,-2.465]],"o":[[0.761,-2.792],[0,0],[-0.181,2.937],[0,0]],"v":[[39.843,-13.052],[41.257,-23.167],[38.212,-23.566],[36.725,-14.103]],"c":true},"ix":2},"nm":"情","mn":"ADBE Vector Shape - Group","hd":false},{"ind":1,"ty":"sh","ix":2,"ks":{"a":0,"k":{"i":[[0,0],[0,0],[0,0],[0,0]],"o":[[0,0],[0,0],[0,0],[0,0]],"v":[[53.62,-5.221],[53.62,-6.888],[64.46,-6.888],[64.46,-5.221]],"c":true},"ix":2},"nm":"情","mn":"ADBE Vector Shape - Group","hd":false},{"ind":2,"ty":"sh","ix":3,"ks":{"a":0,"k":{"i":[[0,0],[0,0],[0,0],[0,0]],"o":[[0,0],[0,0],[0,0],[0,0]],"v":[[64.46,-11.638],[64.46,-9.934],[53.62,-9.934],[53.62,-11.638]],"c":true},"ix":2},"nm":"情","mn":"ADBE Vector Shape - Group","hd":false},{"ind":3,"ty":"sh","ix":4,"ks":{"a":0,"k":{"i":[[0,0],[0,0],[0,0],[0,0],[0,0],[0,0],[0,0],[0.508,0],[1.486,0.109],[-0.145,-1.051],[-1.269,0.616],[0,1.885]],"o":[[0,0],[0,0],[0,0],[0,0],[0,0],[0,0],[0,0.435],[-0.471,0],[0.508,1.051],[2.502,0],[1.305,-0.58],[0,0]],"v":[[68.521,-14.792],[49.632,-14.792],[49.632,3.19],[53.62,3.19],[53.62,-2.248],[64.46,-2.248],[64.46,-1.051],[63.771,-0.471],[60.109,-0.544],[61.27,3.118],[66.853,2.502],[68.521,-0.979]],"c":true},"ix":2},"nm":"情","mn":"ADBE Vector Shape - Group","hd":false},{"ind":4,"ty":"sh","ix":5,"ks":{"a":0,"k":{"i":[[0,0],[0,0],[0,0],[0,0],[0,0],[0,0],[0,0],[0,0],[0,0],[0,0],[0,0],[0,0],[0,0],[0,0],[0,0],[0,0],[0,0],[0,0],[0.761,1.559],[0,0],[0,0],[0,0],[0,0],[0,0],[0,0],[-0.254,-1.051],[0,0],[0,0],[0,0],[0,0],[0,0],[0,0],[0,0],[0,0]],"o":[[0,0],[0,0],[0,0],[0,0],[0,0],[0,0],[0,0],[0,0],[0,0],[0,0],[0,0],[0,0],[0,0],[0,0],[0,0],[0,0],[0,0],[-0.435,-1.341],[0,0],[0,0],[0,0],[0,0],[0,0],[0,0],[0.58,1.414],[0,0],[0,0],[0,0],[0,0],[0,0],[0,0],[0,0],[0,0],[0,0]],"v":[[61.088,-19.251],[61.088,-20.81],[68.883,-20.81],[68.883,-23.711],[61.088,-23.711],[61.088,-25.161],[69.862,-25.161],[69.862,-28.243],[61.088,-28.243],[61.088,-30.708],[56.81,-30.708],[56.81,-28.243],[48.327,-28.243],[48.327,-25.161],[56.81,-25.161],[56.81,-23.711],[49.306,-23.711],[49.306,-20.847],[47.275,-25.777],[45.209,-24.907],[45.209,-30.708],[41.329,-30.708],[41.329,3.118],[45.209,3.118],[45.209,-23.239],[46.55,-19.251],[49.378,-20.629],[49.306,-20.81],[56.81,-20.81],[56.81,-19.251],[47.203,-19.251],[47.203,-16.17],[70.95,-16.17],[70.95,-19.251]],"c":true},"ix":2},"nm":"情","mn":"ADBE Vector Shape - Group","hd":false},{"ty":"mm","mm":1,"nm":"合并路径 1","mn":"ADBE Vector Filter - Merge","hd":false},{"ty":"fl","c":{"a":0,"k":[1,1,1,1],"ix":4},"o":{"a":0,"k":100,"ix":5},"r":1,"bm":0,"nm":"填充 1","mn":"ADBE Vector Graphic - Fill","hd":false},{"ty":"st","c":{"a":0,"k":[0.098040008545,0.098040008545,0.098040008545,1],"ix":3},"o":{"a":0,"k":100,"ix":4},"w":{"a":0,"k":0.01,"ix":5},"lc":1,"lj":1,"ml":4,"bm":0,"nm":"描边 1","mn":"ADBE Vector Graphic - Stroke","hd":false},{"ty":"tr","p":{"a":0,"k":[0,0],"ix":2},"a":{"a":0,"k":[0,0],"ix":1},"s":{"a":0,"k":[100,100],"ix":3},"r":{"a":0,"k":0,"ix":6},"o":{"a":0,"k":100,"ix":7},"sk":{"a":0,"k":0,"ix":4},"sa":{"a":0,"k":0,"ix":5},"nm":"变换"}],"nm":"情","np":8,"cix":2,"bm":0,"ix":2,"mn":"ADBE Vector Group","hd":false},{"ty":"gr","it":[{"ind":0,"ty":"sh","ix":1,"ks":{"a":0,"k":{"i":[[-1.885,0],[0,1.958],[1.922,0],[0,-1.994]],"o":[[1.922,0],[0,-1.994],[-1.885,0],[0,1.958]],"v":[[86.045,-13.269],[89.38,-16.714],[86.045,-20.194],[82.746,-16.714]],"c":true},"ix":2},"nm":":","mn":"ADBE Vector Shape - Group","hd":false},{"ind":1,"ty":"sh","ix":2,"ks":{"a":0,"k":{"i":[[-1.885,0],[0,1.958],[1.922,0],[0,-1.958]],"o":[[1.922,0],[0,-1.958],[-1.885,0],[0,1.958]],"v":[[86.045,0.508],[89.38,-2.973],[86.045,-6.453],[82.746,-2.973]],"c":true},"ix":2},"nm":":","mn":"ADBE Vector Shape - Group","hd":false},{"ty":"mm","mm":1,"nm":"合并路径 1","mn":"ADBE Vector Filter - Merge","hd":false},{"ty":"fl","c":{"a":0,"k":[1,1,1,1],"ix":4},"o":{"a":0,"k":100,"ix":5},"r":1,"bm":0,"nm":"填充 1","mn":"ADBE Vector Graphic - Fill","hd":false},{"ty":"st","c":{"a":0,"k":[0.098040008545,0.098040008545,0.098040008545,1],"ix":3},"o":{"a":0,"k":100,"ix":4},"w":{"a":0,"k":0.01,"ix":5},"lc":1,"lj":1,"ml":4,"bm":0,"nm":"描边 1","mn":"ADBE Vector Graphic - Stroke","hd":false},{"ty":"tr","p":{"a":0,"k":[0,0],"ix":2},"a":{"a":0,"k":[0,0],"ix":1},"s":{"a":0,"k":[100,100],"ix":3},"r":{"a":0,"k":0,"ix":6},"o":{"a":0,"k":100,"ix":7},"sk":{"a":0,"k":0,"ix":4},"sa":{"a":0,"k":0,"ix":5},"nm":"变换"}],"nm":":","np":5,"cix":2,"bm":0,"ix":3,"mn":"ADBE Vector Group","hd":false}],"ip":185,"op":370,"st":5,"bm":0},{"ddd":0,"ind":26,"ty":4,"nm":"“智慧 :”轮廓","parent":87,"sr":1,"ks":{"o":{"a":1,"k":[{"i":{"x":[0.833],"y":[0.833]},"o":{"x":[0.167],"y":[0.167]},"t":160,"s":[0]},{"t":170,"s":[100]}],"ix":11},"r":{"a":0,"k":0,"ix":10},"p":{"a":0,"k":[306.925,-198.368,0],"ix":2},"a":{"a":0,"k":[-0.81,-13.716,0],"ix":1},"s":{"a":0,"k":[100,100,100],"ix":6}},"ao":0,"shapes":[{"ty":"gr","it":[{"ind":0,"ty":"sh","ix":1,"ks":{"a":0,"k":{"i":[[0,0],[-0.508,0.87],[0,0],[0,0],[0.036,-0.29]],"o":[[0.58,-0.689],[0,0],[0,0],[0,0.254],[0,0]],"v":[[-40.86,-22.297],[-39.192,-24.653],[-37.38,-24.653],[-37.38,-23.094],[-37.416,-22.297]],"c":true},"ix":2},"nm":"智","mn":"ADBE Vector Shape - Group","hd":false},{"ind":1,"ty":"sh","ix":2,"ks":{"a":0,"k":{"i":[[0,0],[1.523,0.798],[0,0],[0,0],[0,0],[0,0.254],[0,0],[0,0],[0,0],[0,0],[-0.218,0.689],[0,0],[1.849,-1.74],[-0.87,-0.544],[0,0],[0,0],[0,0],[3.698,-1.45],[-0.58,-0.87],[-1.305,1.849],[-1.015,-0.906]],"o":[[-0.943,-0.616],[0,0],[0,0],[0,0],[0.036,-0.254],[0,0],[0,0],[0,0],[0,0],[0.29,-0.725],[0,0],[-0.725,2.683],[0.725,0.363],[0,0],[0,0],[0,0],[-0.906,1.813],[0.943,0.689],[3.263,-1.523],[1.631,1.124],[0,0]],"v":[[-27.627,-15.445],[-33.718,-18.925],[-27.736,-18.925],[-27.736,-22.297],[-33.319,-22.297],[-33.283,-23.022],[-33.283,-24.653],[-28.57,-24.653],[-28.57,-27.989],[-37.561,-27.989],[-36.836,-30.128],[-40.643,-30.925],[-44.631,-23.856],[-41.875,-22.297],[-44.304,-22.297],[-44.304,-18.925],[-38.286,-18.925],[-44.739,-13.886],[-42.02,-10.985],[-35.349,-16.206],[-30.672,-12.689]],"c":true},"ix":2},"nm":"智","mn":"ADBE Vector Shape - Group","hd":false},{"ind":2,"ty":"sh","ix":3,"ks":{"a":0,"k":{"i":[[0,0],[0,0],[0,0],[0,0]],"o":[[0,0],[0,0],[0,0],[0,0]],"v":[[-20.267,-8.774],[-20.267,-6.743],[-35.241,-6.743],[-35.241,-8.774]],"c":true},"ix":2},"nm":"智","mn":"ADBE Vector Shape - Group","hd":false},{"ind":3,"ty":"sh","ix":4,"ks":{"a":0,"k":{"i":[[0,0],[0,0],[0,0],[0,0]],"o":[[0,0],[0,0],[0,0],[0,0]],"v":[[-35.241,-1.486],[-35.241,-3.625],[-20.267,-3.625],[-20.267,-1.486]],"c":true},"ix":2},"nm":"智","mn":"ADBE Vector Shape - Group","hd":false},{"ind":4,"ty":"sh","ix":5,"ks":{"a":0,"k":{"i":[[0,0],[0,0],[0,0],[0,0],[0,0],[0,0],[0,0],[0,0]],"o":[[0,0],[0,0],[0,0],[0,0],[0,0],[0,0],[0,0],[0,0]],"v":[[-39.482,3.154],[-35.241,3.154],[-35.241,1.958],[-20.267,1.958],[-20.267,3.118],[-15.844,3.118],[-15.844,-12.145],[-39.482,-12.145]],"c":true},"ix":2},"nm":"智","mn":"ADBE Vector Shape - Group","hd":false},{"ind":5,"ty":"sh","ix":6,"ks":{"a":0,"k":{"i":[[0,0],[0,0],[0,0],[0,0]],"o":[[0,0],[0,0],[0,0],[0,0]],"v":[[-17.004,-18.127],[-22.515,-18.127],[-22.515,-24.255],[-17.004,-24.255]],"c":true},"ix":2},"nm":"智","mn":"ADBE Vector Shape - Group","hd":false},{"ind":6,"ty":"sh","ix":7,"ks":{"a":0,"k":{"i":[[0,0],[0,0],[0,0],[0,0]],"o":[[0,0],[0,0],[0,0],[0,0]],"v":[[-26.503,-28.061],[-26.503,-14.321],[-12.726,-14.321],[-12.726,-28.061]],"c":true},"ix":2},"nm":"智","mn":"ADBE Vector Shape - Group","hd":false},{"ty":"mm","mm":1,"nm":"合并路径 1","mn":"ADBE Vector Filter - Merge","hd":false},{"ty":"fl","c":{"a":0,"k":[1,1,1,1],"ix":4},"o":{"a":0,"k":100,"ix":5},"r":1,"bm":0,"nm":"填充 1","mn":"ADBE Vector Graphic - Fill","hd":false},{"ty":"st","c":{"a":0,"k":[0.098040008545,0.098040008545,0.098040008545,1],"ix":3},"o":{"a":0,"k":100,"ix":4},"w":{"a":0,"k":0.01,"ix":5},"lc":1,"lj":1,"ml":4,"bm":0,"nm":"描边 1","mn":"ADBE Vector Graphic - Stroke","hd":false},{"ty":"tr","p":{"a":0,"k":[0,0],"ix":2},"a":{"a":0,"k":[0,0],"ix":1},"s":{"a":0,"k":[100,100],"ix":3},"r":{"a":0,"k":0,"ix":6},"o":{"a":0,"k":100,"ix":7},"sk":{"a":0,"k":0,"ix":4},"sa":{"a":0,"k":0,"ix":5},"nm":"变换"}],"nm":"智","np":10,"cix":2,"bm":0,"ix":1,"mn":"ADBE Vector Group","hd":false},{"ty":"gr","it":[{"ind":0,"ty":"sh","ix":1,"ks":{"a":0,"k":{"i":[[0,0],[0,0],[0,0],[0,0],[0,0],[0,0],[0,0],[0,0],[0,0],[0,0],[0,0],[0,0],[0,0],[0,0],[0,0],[0,0],[0,0],[0,0],[0,0],[0,0],[0,0],[0,0],[0,0],[0,0],[0,0],[0,0],[0,0],[0,0]],"o":[[0,0],[0,0],[0,0],[0,0],[0,0],[0,0],[0,0],[0,0],[0,0],[0,0],[0,0],[0,0],[0,0],[0,0],[0,0],[0,0],[0,0],[0,0],[0,0],[0,0],[0,0],[0,0],[0,0],[0,0],[0,0],[0,0],[0,0],[0,0]],"v":[[13.594,-17.91],[17.618,-17.91],[17.618,-19.324],[23.818,-19.324],[23.818,-21.862],[17.618,-21.862],[17.618,-23.058],[22.549,-23.058],[22.549,-25.56],[17.618,-25.56],[17.618,-26.684],[23.129,-26.684],[23.129,-29.185],[17.618,-29.185],[17.618,-30.708],[13.594,-30.708],[13.594,-29.185],[8.518,-29.185],[8.518,-26.684],[13.594,-26.684],[13.594,-25.56],[9.243,-25.56],[9.243,-23.058],[13.594,-23.058],[13.594,-21.862],[8.228,-21.862],[8.228,-19.324],[13.594,-19.324]],"c":true},"ix":2},"nm":"慧","mn":"ADBE Vector Shape - Group","hd":false},{"ind":1,"ty":"sh","ix":2,"ks":{"a":0,"k":{"i":[[0,0],[0,0],[0,0],[0,0],[0,0],[0,0],[0,0],[0,0],[0,0],[0,0],[0,0],[0,0],[0,0],[-0.798,-1.088],[0,0],[1.269,0.834],[0,0]],"o":[[0,0],[0,0],[0,0],[0,0],[0,0],[0,0],[0,0],[0,0],[0,0],[0,0],[0,0],[0,0],[1.559,0.943],[0,0],[-0.689,-0.834],[0,0],[0,0]],"v":[[21.098,-17.402],[-4.896,-17.402],[-4.896,-14.719],[16.857,-14.719],[16.857,-13.451],[-3.664,-13.451],[-3.664,-10.949],[16.857,-10.949],[16.857,-9.608],[-5.114,-9.608],[-5.114,-6.888],[7.539,-6.888],[5.726,-5.293],[9.968,-1.74],[12.687,-4.169],[9.388,-6.888],[21.098,-6.888]],"c":true},"ix":2},"nm":"慧","mn":"ADBE Vector Shape - Group","hd":false},{"ind":2,"ty":"sh","ix":3,"ks":{"a":0,"k":{"i":[[0,0],[0,0],[0,0],[0,0],[0,0],[0,0],[0,0],[0,0],[0,0],[0,0],[0,0],[0,0],[0,0],[0,0],[0,0],[0,0],[0,0],[0,0],[0,0],[0,0],[0,0],[0,0],[0,0],[0,0],[0,0],[0,0],[0,0],[0,0]],"o":[[0,0],[0,0],[0,0],[0,0],[0,0],[0,0],[0,0],[0,0],[0,0],[0,0],[0,0],[0,0],[0,0],[0,0],[0,0],[0,0],[0,0],[0,0],[0,0],[0,0],[0,0],[0,0],[0,0],[0,0],[0,0],[0,0],[0,0],[0,0]],"v":[[-1.887,-17.91],[2.065,-17.91],[2.065,-19.324],[7.213,-19.324],[7.213,-21.862],[2.065,-21.862],[2.065,-23.058],[6.451,-23.058],[6.451,-25.56],[2.065,-25.56],[2.065,-26.684],[6.85,-26.684],[6.85,-29.185],[2.065,-29.185],[2.065,-30.708],[-1.887,-30.708],[-1.887,-29.185],[-7.217,-29.185],[-7.217,-26.684],[-1.887,-26.684],[-1.887,-25.56],[-6.347,-25.56],[-6.347,-23.058],[-1.887,-23.058],[-1.887,-21.862],[-7.688,-21.862],[-7.688,-19.324],[-1.887,-19.324]],"c":true},"ix":2},"nm":"慧","mn":"ADBE Vector Shape - Group","hd":false},{"ind":3,"ty":"sh","ix":4,"ks":{"a":0,"k":{"i":[[0,0],[-0.761,2.139],[0,0],[1.305,-1.559]],"o":[[1.305,-1.74],[0,0],[-0.616,2.103],[0,0]],"v":[[-4.244,2.357],[-1.198,-4.169],[-4.933,-5.765],[-8.014,0.254]],"c":true},"ix":2},"nm":"慧","mn":"ADBE Vector Shape - Group","hd":false},{"ind":4,"ty":"sh","ix":5,"ks":{"a":0,"k":{"i":[[0,0],[0,0.979],[0,0],[0,0],[0,0],[-4.967,0],[0,0],[-0.508,4.169],[0.906,0.616],[1.559,0]],"o":[[-2.03,0],[0,0],[0,0],[0,0],[0,3.48],[0,0],[3.734,0],[-1.16,-0.218],[-0.181,2.683],[0,0]],"v":[[6.524,-0.906],[4.131,-2.03],[4.131,-5.837],[-0.147,-5.837],[-0.147,-1.958],[6.089,2.61],[12.941,2.61],[18.343,-2.647],[14.609,-3.988],[12.579,-0.906]],"c":true},"ix":2},"nm":"慧","mn":"ADBE Vector Shape - Group","hd":false},{"ind":5,"ty":"sh","ix":6,"ks":{"a":0,"k":{"i":[[0,0],[-0.471,-1.922],[0,0],[1.414,2.212]],"o":[[1.341,2.284],[0,0],[-0.544,-1.994],[0,0]],"v":[[17.835,-5.039],[20.99,2.248],[25.268,1.051],[21.824,-6.091]],"c":true},"ix":2},"nm":"慧","mn":"ADBE Vector Shape - Group","hd":false},{"ty":"mm","mm":1,"nm":"合并路径 1","mn":"ADBE Vector Filter - Merge","hd":false},{"ty":"fl","c":{"a":0,"k":[1,1,1,1],"ix":4},"o":{"a":0,"k":100,"ix":5},"r":1,"bm":0,"nm":"填充 1","mn":"ADBE Vector Graphic - Fill","hd":false},{"ty":"st","c":{"a":0,"k":[0.098040008545,0.098040008545,0.098040008545,1],"ix":3},"o":{"a":0,"k":100,"ix":4},"w":{"a":0,"k":0.01,"ix":5},"lc":1,"lj":1,"ml":4,"bm":0,"nm":"描边 1","mn":"ADBE Vector Graphic - Stroke","hd":false},{"ty":"tr","p":{"a":0,"k":[0,0],"ix":2},"a":{"a":0,"k":[0,0],"ix":1},"s":{"a":0,"k":[100,100],"ix":3},"r":{"a":0,"k":0,"ix":6},"o":{"a":0,"k":100,"ix":7},"sk":{"a":0,"k":0,"ix":4},"sa":{"a":0,"k":0,"ix":5},"nm":"变换"}],"nm":"慧","np":9,"cix":2,"bm":0,"ix":2,"mn":"ADBE Vector Group","hd":false},{"ty":"gr","it":[{"ind":0,"ty":"sh","ix":1,"ks":{"a":0,"k":{"i":[[-1.885,0],[0,1.958],[1.922,0],[0,-1.994]],"o":[[1.922,0],[0,-1.994],[-1.885,0],[0,1.958]],"v":[[40.109,-13.269],[43.445,-16.714],[40.109,-20.194],[36.81,-16.714]],"c":true},"ix":2},"nm":":","mn":"ADBE Vector Shape - Group","hd":false},{"ind":1,"ty":"sh","ix":2,"ks":{"a":0,"k":{"i":[[-1.885,0],[0,1.958],[1.922,0],[0,-1.958]],"o":[[1.922,0],[0,-1.958],[-1.885,0],[0,1.958]],"v":[[40.109,0.508],[43.445,-2.973],[40.109,-6.453],[36.81,-2.973]],"c":true},"ix":2},"nm":":","mn":"ADBE Vector Shape - Group","hd":false},{"ty":"mm","mm":1,"nm":"合并路径 1","mn":"ADBE Vector Filter - Merge","hd":false},{"ty":"fl","c":{"a":0,"k":[1,1,1,1],"ix":4},"o":{"a":0,"k":100,"ix":5},"r":1,"bm":0,"nm":"填充 1","mn":"ADBE Vector Graphic - Fill","hd":false},{"ty":"st","c":{"a":0,"k":[0.098040008545,0.098040008545,0.098040008545,1],"ix":3},"o":{"a":0,"k":100,"ix":4},"w":{"a":0,"k":0.01,"ix":5},"lc":1,"lj":1,"ml":4,"bm":0,"nm":"描边 1","mn":"ADBE Vector Graphic - Stroke","hd":false},{"ty":"tr","p":{"a":0,"k":[0,0],"ix":2},"a":{"a":0,"k":[0,0],"ix":1},"s":{"a":0,"k":[100,100],"ix":3},"r":{"a":0,"k":0,"ix":6},"o":{"a":0,"k":100,"ix":7},"sk":{"a":0,"k":0,"ix":4},"sa":{"a":0,"k":0,"ix":5},"nm":"变换"}],"nm":":","np":5,"cix":2,"bm":0,"ix":3,"mn":"ADBE Vector Group","hd":false}],"ip":150,"op":371,"st":-30,"bm":0},{"ddd":0,"ind":28,"ty":4,"nm":"“手掌中的”轮廓","sr":1,"ks":{"o":{"a":1,"k":[{"i":{"x":[0.833],"y":[0.833]},"o":{"x":[0.167],"y":[0.167]},"t":0,"s":[0]},{"i":{"x":[0.833],"y":[0.833]},"o":{"x":[0.167],"y":[0.167]},"t":20,"s":[100]},{"i":{"x":[0.833],"y":[0.833]},"o":{"x":[0.167],"y":[0.167]},"t":60,"s":[100]},{"i":{"x":[0.833],"y":[0.833]},"o":{"x":[0.167],"y":[0.167]},"t":70,"s":[0]},{"i":{"x":[0.833],"y":[0.833]},"o":{"x":[0.167],"y":[0.167]},"t":170,"s":[100]},{"t":179,"s":[0]}],"ix":11},"r":{"a":0,"k":0,"ix":10},"p":{"a":0,"k":[46,556,0],"ix":2},"a":{"a":0,"k":[0,0,0],"ix":1},"s":{"a":0,"k":[100,100,100],"ix":6}},"ao":0,"hasMask":true,"masksProperties":[{"inv":false,"mode":"a","pt":{"a":1,"k":[{"i":{"x":0.667,"y":1},"o":{"x":0.333,"y":0},"t":0,"s":[{"i":[[0,0],[0,0],[0,0],[0,0]],"o":[[0,0],[0,0],[0,0],[0,0]],"v":[[-48,-101],[-365.648,-101],[-365.648,48.859],[-48,48.859]],"c":true}]},{"i":{"x":0.667,"y":1},"o":{"x":0.333,"y":0},"t":20,"s":[{"i":[[0,0],[0,0],[0,0],[0,0]],"o":[[0,0],[0,0],[0,0],[0,0]],"v":[[520,-101],[-42.648,-101],[-42.648,48.859],[520,48.859]],"c":true}]},{"i":{"x":0.667,"y":1},"o":{"x":0.333,"y":0},"t":170,"s":[{"i":[[0,0],[0,0],[0,0],[0,0]],"o":[[0,0],[0,0],[0,0],[0,0]],"v":[[520,-101],[-42.648,-101],[-42.648,48.859],[520,48.859]],"c":true}]},{"t":179,"s":[{"i":[[0,0],[0,0],[0,0],[0,0]],"o":[[0,0],[0,0],[0,0],[0,0]],"v":[[587,-102],[269.352,-102],[269.352,47.859],[587,47.859]],"c":true}]}],"ix":1},"o":{"a":0,"k":100,"ix":3},"x":{"a":0,"k":0,"ix":4},"nm":"蒙版 1"}],"shapes":[{"ty":"gr","it":[{"ind":0,"ty":"sh","ix":1,"ks":{"a":0,"k":{"i":[[0,0],[21.375,0],[0,0],[-7.553,0.453],[0,0],[0,0],[0,0],[0,0],[0,0],[0,0],[0,0],[0,0],[0,0],[1.964,0],[3.777,0.302],[0,0],[0,0],[0,5.136],[0,0],[0,0],[0,0],[0,0],[0,0],[0,0],[0,0],[0,0],[0,0],[-6.798,1.737]],"o":[[-14.804,3.323],[0,0],[8.686,0],[0,0],[0,0],[0,0],[0,0],[0,0],[0,0],[0,0],[0,0],[0,0],[0,1.586],[-3.474,0],[0,0],[0,0],[5.438,0],[0,0],[0,0],[0,0],[0,0],[0,0],[0,0],[0,0],[0,0],[0,0],[8.762,-0.906],[0,0]],"v":[[62.615,-61.558],[8.384,-56.573],[10.876,-49.473],[35.197,-50.228],[35.197,-40.711],[9.97,-40.711],[9.97,-33.007],[35.197,-33.007],[35.197,-23.037],[3.701,-23.037],[3.701,-15.408],[35.197,-15.408],[35.197,-2.341],[32.176,0.076],[21.375,-0.378],[23.188,7.251],[34.895,7.251],[43.128,-0.453],[43.128,-15.408],[71.906,-15.408],[71.906,-23.037],[43.128,-23.037],[43.128,-33.007],[66.241,-33.007],[66.241,-40.711],[43.128,-40.711],[43.128,-50.908],[66.467,-54.911]],"c":true},"ix":2},"nm":"手","mn":"ADBE Vector Shape - Group","hd":false},{"ty":"fl","c":{"a":0,"k":[0.596079987171,0.596079987171,0.596079987171,1],"ix":4},"o":{"a":0,"k":100,"ix":5},"r":1,"bm":0,"nm":"填充 1","mn":"ADBE Vector Graphic - Fill","hd":false},{"ty":"tr","p":{"a":0,"k":[0,0],"ix":2},"a":{"a":0,"k":[0,0],"ix":1},"s":{"a":0,"k":[100,100],"ix":3},"r":{"a":0,"k":0,"ix":6},"o":{"a":0,"k":100,"ix":7},"sk":{"a":0,"k":0,"ix":4},"sa":{"a":0,"k":0,"ix":5},"nm":"变换"}],"nm":"手","np":3,"cix":2,"bm":0,"ix":1,"mn":"ADBE Vector Group","hd":false},{"ty":"gr","it":[{"ind":0,"ty":"sh","ix":1,"ks":{"a":0,"k":{"i":[[0,0],[19.487,0],[0,0],[-6.949,0.227],[0,0],[0,0],[0,0],[0,0],[0,0],[0,0],[0,0],[0,0],[0,0],[1.662,0],[2.946,0.302],[0,0],[0,0],[0,4.985],[0,0],[0,0],[0,0],[0,0],[0,0],[0,0],[0,0],[0,0],[0,0],[-6.194,0.755]],"o":[[-13.596,1.964],[0,0],[7.855,0],[0,0],[0,0],[0,0],[0,0],[0,0],[0,0],[0,0],[0,0],[0,0],[0,1.964],[-2.568,0],[0,0],[0,0],[5.287,0],[0,0],[0,0],[0,0],[0,0],[0,0],[0,0],[0,0],[0,0],[0,0],[8.006,-0.453],[0,0]],"v":[[135.123,-28.324],[85.574,-25.378],[87.538,-19.563],[109.744,-19.94],[109.744,-16.994],[85.65,-16.994],[85.65,-11.103],[109.744,-11.103],[109.744,-8.157],[79.91,-8.157],[79.91,-1.813],[109.744,-1.813],[109.744,-1.208],[107.176,1.737],[98.868,1.284],[100.454,8.006],[109.518,8.006],[117.524,0.529],[117.524,-1.813],[145.244,-1.813],[145.244,-8.157],[117.524,-8.157],[117.524,-11.103],[139.277,-11.103],[139.277,-16.994],[117.524,-16.994],[117.524,-20.242],[138.748,-22.131]],"c":true},"ix":2},"nm":"掌","mn":"ADBE Vector Shape - Group","hd":false},{"ind":1,"ty":"sh","ix":2,"ks":{"a":0,"k":{"i":[[0,0],[0,0],[0,0],[0,0]],"o":[[0,0],[0,0],[0,0],[0,0]],"v":[[92.75,-43.959],[92.75,-29.155],[132.781,-29.155],[132.781,-43.959]],"c":true},"ix":2},"nm":"掌","mn":"ADBE Vector Shape - Group","hd":false},{"ind":2,"ty":"sh","ix":3,"ks":{"a":0,"k":{"i":[[0,0],[0,0],[0,0],[0,0]],"o":[[0,0],[0,0],[0,0],[0,0]],"v":[[125.077,-34.669],[100.454,-34.669],[100.454,-38.445],[125.077,-38.445]],"c":true},"ix":2},"nm":"掌","mn":"ADBE Vector Shape - Group","hd":false},{"ind":3,"ty":"sh","ix":4,"ks":{"a":0,"k":{"i":[[0,0],[0,0],[0,0],[1.586,2.19],[0,0],[-1.057,-1.813],[0,0],[0,0],[0,0],[0,0],[0,0],[0,0],[0,0],[0,0],[0,0],[-0.906,1.888],[0,0],[1.511,-2.568],[0,0],[0,0]],"o":[[0,0],[0,0],[-1.36,-3.021],[0,0],[1.36,1.511],[0,0],[0,0],[0,0],[0,0],[0,0],[0,0],[0,0],[0,0],[0,0],[1.057,-1.662],[0,0],[-1.133,2.719],[0,0],[0,0],[0,0]],"v":[[108.838,-62.162],[108.838,-53.854],[101.889,-53.854],[97.433,-61.633],[89.955,-58.839],[93.581,-53.854],[80.363,-53.854],[80.363,-38.068],[88.218,-38.068],[88.218,-47.131],[137.313,-47.131],[137.313,-38.219],[145.168,-38.219],[145.168,-53.854],[132.479,-53.854],[135.5,-59.141],[127.872,-61.86],[123.869,-53.854],[116.693,-53.854],[116.693,-62.162]],"c":true},"ix":2},"nm":"掌","mn":"ADBE Vector Shape - Group","hd":false},{"ty":"mm","mm":1,"nm":"合并路径 1","mn":"ADBE Vector Filter - Merge","hd":false},{"ty":"fl","c":{"a":0,"k":[0.596079987171,0.596079987171,0.596079987171,1],"ix":4},"o":{"a":0,"k":100,"ix":5},"r":1,"bm":0,"nm":"填充 1","mn":"ADBE Vector Graphic - Fill","hd":false},{"ty":"tr","p":{"a":0,"k":[0,0],"ix":2},"a":{"a":0,"k":[0,0],"ix":1},"s":{"a":0,"k":[100,100],"ix":3},"r":{"a":0,"k":0,"ix":6},"o":{"a":0,"k":100,"ix":7},"sk":{"a":0,"k":0,"ix":4},"sa":{"a":0,"k":0,"ix":5},"nm":"变换"}],"nm":"掌","np":7,"cix":2,"bm":0,"ix":2,"mn":"ADBE Vector Group","hd":false},{"ty":"gr","it":[{"ind":0,"ty":"sh","ix":1,"ks":{"a":0,"k":{"i":[[0,0],[0,0],[0,0],[0,0],[0,0],[0,0],[0,0],[0,0],[0,0],[0,0],[0,0],[0,0],[0,0],[0,0],[0,0],[0,0]],"o":[[0,0],[0,0],[0,0],[0,0],[0,0],[0,0],[0,0],[0,0],[0,0],[0,0],[0,0],[0,0],[0,0],[0,0],[0,0],[0,0]],"v":[[183.687,-62.389],[183.687,-49.473],[156.949,-49.473],[156.949,-12.614],[164.88,-12.614],[164.88,-16.768],[183.687,-16.768],[183.687,8.459],[191.844,8.459],[191.844,-16.768],[210.727,-16.768],[210.727,-12.614],[218.658,-12.614],[218.658,-49.473],[191.844,-49.473],[191.844,-62.389]],"c":true},"ix":2},"nm":"中","mn":"ADBE Vector Shape - Group","hd":false},{"ind":1,"ty":"sh","ix":2,"ks":{"a":0,"k":{"i":[[0,0],[0,0],[0,0],[0,0]],"o":[[0,0],[0,0],[0,0],[0,0]],"v":[[164.88,-24.472],[164.88,-41.769],[183.687,-41.769],[183.687,-24.472]],"c":true},"ix":2},"nm":"中","mn":"ADBE Vector Shape - Group","hd":false},{"ind":2,"ty":"sh","ix":3,"ks":{"a":0,"k":{"i":[[0,0],[0,0],[0,0],[0,0]],"o":[[0,0],[0,0],[0,0],[0,0]],"v":[[191.844,-24.472],[191.844,-41.769],[210.727,-41.769],[210.727,-24.472]],"c":true},"ix":2},"nm":"中","mn":"ADBE Vector Shape - Group","hd":false},{"ty":"mm","mm":1,"nm":"合并路径 1","mn":"ADBE Vector Filter - Merge","hd":false},{"ty":"fl","c":{"a":0,"k":[0.596079987171,0.596079987171,0.596079987171,1],"ix":4},"o":{"a":0,"k":100,"ix":5},"r":1,"bm":0,"nm":"填充 1","mn":"ADBE Vector Graphic - Fill","hd":false},{"ty":"tr","p":{"a":0,"k":[0,0],"ix":2},"a":{"a":0,"k":[0,0],"ix":1},"s":{"a":0,"k":[100,100],"ix":3},"r":{"a":0,"k":0,"ix":6},"o":{"a":0,"k":100,"ix":7},"sk":{"a":0,"k":0,"ix":4},"sa":{"a":0,"k":0,"ix":5},"nm":"变换"}],"nm":"中","np":6,"cix":2,"bm":0,"ix":3,"mn":"ADBE Vector Group","hd":false},{"ty":"gr","it":[{"ind":0,"ty":"sh","ix":1,"ks":{"a":0,"k":{"i":[[0,0],[0,0],[-0.831,4.079],[0,0],[1.36,-4.003],[0,0],[0,0],[0,0],[0,0],[0,0],[0,0],[0,0]],"o":[[0,0],[1.36,-3.474],[0,0],[-0.604,4.305],[0,0],[0,0],[0,0],[0,0],[0,0],[0,0],[0,0],[0,0]],"v":[[256.496,-49.775],[245.016,-49.775],[248.339,-61.18],[240.408,-62.238],[237.463,-49.775],[230.212,-49.775],[230.212,5.363],[237.765,5.363],[237.765,-0.604],[248.943,-0.604],[248.943,3.172],[256.496,3.172]],"c":true},"ix":2},"nm":"的","mn":"ADBE Vector Shape - Group","hd":false},{"ind":1,"ty":"sh","ix":2,"ks":{"a":0,"k":{"i":[[0,0],[0,0],[0,0],[0,0]],"o":[[0,0],[0,0],[0,0],[0,0]],"v":[[237.765,-7.855],[237.765,-22.131],[248.943,-22.131],[248.943,-7.855]],"c":true},"ix":2},"nm":"的","mn":"ADBE Vector Shape - Group","hd":false},{"ind":2,"ty":"sh","ix":3,"ks":{"a":0,"k":{"i":[[0,0],[0,0],[0,0],[0,0]],"o":[[0,0],[0,0],[0,0],[0,0]],"v":[[237.765,-29.155],[237.765,-42.373],[248.943,-42.373],[248.943,-29.155]],"c":true},"ix":2},"nm":"的","mn":"ADBE Vector Shape - Group","hd":false},{"ind":3,"ty":"sh","ix":4,"ks":{"a":0,"k":{"i":[[4.834,6.118],[0,0],[-2.795,-4.985],[0,0]],"o":[[0,0],[4.683,6.042],[0,0],[-2.644,-4.683]],"v":[[270.243,-31.421],[263.823,-27.418],[275.077,-10.876],[281.422,-15.257]],"c":true},"ix":2},"nm":"的","mn":"ADBE Vector Shape - Group","hd":false},{"ind":4,"ty":"sh","ix":5,"ks":{"a":0,"k":{"i":[[0,26.436],[0,0],[-0.755,4.079],[0,0],[4.985,-7.1],[0,0],[-2.039,4.532],[0,0],[0.453,-3.625],[2.719,0],[3.323,0.227],[0,0],[-1.511,0],[-0.755,5.287]],"o":[[0,0],[1.133,-3.625],[0,0],[-1.813,10.348],[0,0],[2.795,-3.625],[0,0],[-0.151,21.375],[-0.453,2.946],[-2.493,0],[0,0],[3.928,0.302],[6.496,0],[0.755,-6.194]],"v":[[295.395,-49.775],[272.433,-49.775],[275.304,-61.331],[267.524,-62.313],[257.403,-36.104],[262.161,-29.835],[269.412,-42.071],[287.691,-42.071],[286.86,-4.607],[282.101,-0.151],[273.34,-0.529],[275.228,6.647],[283.385,7.1],[294.262,-0.831]],"c":true},"ix":2},"nm":"的","mn":"ADBE Vector Shape - Group","hd":false},{"ty":"mm","mm":1,"nm":"合并路径 1","mn":"ADBE Vector Filter - Merge","hd":false},{"ty":"fl","c":{"a":0,"k":[0.596079987171,0.596079987171,0.596079987171,1],"ix":4},"o":{"a":0,"k":100,"ix":5},"r":1,"bm":0,"nm":"填充 1","mn":"ADBE Vector Graphic - Fill","hd":false},{"ty":"tr","p":{"a":0,"k":[0,0],"ix":2},"a":{"a":0,"k":[0,0],"ix":1},"s":{"a":0,"k":[100,100],"ix":3},"r":{"a":0,"k":0,"ix":6},"o":{"a":0,"k":100,"ix":7},"sk":{"a":0,"k":0,"ix":4},"sa":{"a":0,"k":0,"ix":5},"nm":"变换"}],"nm":"的","np":8,"cix":2,"bm":0,"ix":4,"mn":"ADBE Vector Group","hd":false}],"ip":0,"op":75,"st":0,"bm":0},{"ddd":0,"ind":30,"ty":4,"nm":"“秘密”轮廓","sr":1,"ks":{"o":{"a":1,"k":[{"i":{"x":[0.833],"y":[0.833]},"o":{"x":[0.167],"y":[0.167]},"t":10,"s":[0]},{"i":{"x":[0.833],"y":[0.833]},"o":{"x":[0.167],"y":[0.167]},"t":30,"s":[100]},{"i":{"x":[0.833],"y":[0.833]},"o":{"x":[0.167],"y":[0.167]},"t":60,"s":[100]},{"i":{"x":[0.833],"y":[0.833]},"o":{"x":[0.167],"y":[0.167]},"t":70,"s":[0]},{"i":{"x":[0.833],"y":[0.833]},"o":{"x":[0.167],"y":[0.167]},"t":180,"s":[100]},{"t":189,"s":[0]}],"ix":11},"r":{"a":0,"k":0,"ix":10},"p":{"a":0,"k":[46,664,0],"ix":2},"a":{"a":0,"k":[0,0,0],"ix":1},"s":{"a":0,"k":[100,100,100],"ix":6}},"ao":0,"hasMask":true,"masksProperties":[{"inv":false,"mode":"a","pt":{"a":1,"k":[{"i":{"x":0.667,"y":1},"o":{"x":0.333,"y":0},"t":10,"s":[{"i":[[0,0],[0,0],[0,0],[0,0]],"o":[[0,0],[0,0],[0,0],[0,0]],"v":[[-48,-101],[-365.648,-101],[-365.648,48.859],[-48,48.859]],"c":true}]},{"i":{"x":0.667,"y":1},"o":{"x":0.333,"y":0},"t":30,"s":[{"i":[[0,0],[0,0],[0,0],[0,0]],"o":[[0,0],[0,0],[0,0],[0,0]],"v":[[520,-101],[-42.648,-101],[-42.648,48.859],[520,48.859]],"c":true}]},{"i":{"x":0.667,"y":1},"o":{"x":0.333,"y":0},"t":180,"s":[{"i":[[0,0],[0,0],[0,0],[0,0]],"o":[[0,0],[0,0],[0,0],[0,0]],"v":[[520,-101],[-42.648,-101],[-42.648,48.859],[520,48.859]],"c":true}]},{"t":189,"s":[{"i":[[0,0],[0,0],[0,0],[0,0]],"o":[[0,0],[0,0],[0,0],[0,0]],"v":[[587,-102],[269.352,-102],[269.352,47.859],[587,47.859]],"c":true}]}],"ix":1},"o":{"a":0,"k":100,"ix":3},"x":{"a":0,"k":0,"ix":4},"nm":"蒙版 1"}],"shapes":[{"ty":"gr","it":[{"ind":0,"ty":"sh","ix":1,"ks":{"a":0,"k":{"i":[[0,0],[0,0],[0,0],[4.532,-5.74],[0,0],[-2.115,6.042],[0,0],[0,0],[0,0],[-1.36,-2.341],[0,0],[2.568,2.341],[0,0],[0,0],[0,0],[0,0],[0,0],[-2.87,0.831],[0,0],[8.611,-0.755],[0,0],[-2.493,0.378],[0,0]],"o":[[0,0],[0,0],[-2.19,7.402],[0,0],[3.172,-4.985],[0,0],[0,0],[0,0],[1.057,1.662],[0,0],[-2.568,-2.795],[0,0],[0,0],[0,0],[0,0],[0,0],[3.172,-0.755],[0,0],[-6.722,2.266],[0,0],[2.568,-0.302],[0,0],[0,0]],"v":[[4.003,-42.146],[4.003,-34.669],[12.387,-34.669],[2.266,-14.955],[5.514,-6.647],[13.52,-23.188],[13.52,7.553],[20.998,7.553],[20.998,-24.623],[24.548,-18.656],[28.626,-24.85],[20.998,-32.554],[20.998,-34.669],[28.626,-34.669],[28.626,-42.146],[20.998,-42.146],[20.998,-51.89],[30.061,-54.231],[27.342,-61.482],[4.305,-56.95],[5.891,-49.624],[13.52,-50.606],[13.52,-42.146]],"c":true},"ix":2},"nm":"秘","mn":"ADBE Vector Shape - Group","hd":false},{"ind":1,"ty":"sh","ix":2,"ks":{"a":0,"k":{"i":[[0,0],[-1.36,1.36],[-0.604,7.553],[0,0],[0.604,-1.057],[1.133,0],[0,0],[0,1.511],[0,0],[-3.625,8.308],[-1.662,-6.722],[0,0],[2.341,5.891],[0,0],[-1.964,7.402],[0,0],[5.287,-9.064],[0,0],[0,0],[0,0],[6.269,-3.323],[0,0],[-3.777,3.474],[0,0],[-4.985,0]],"o":[[2.87,0],[1.511,-1.435],[0,0],[-0.227,5.287],[-0.529,0.982],[0,0],[-1.511,0],[0,0],[4.532,-5.891],[1.964,5.287],[0,0],[-1.737,-6.722],[0,0],[2.417,-6.118],[0,0],[-3.097,12.991],[0,0],[0,0],[0,0],[-4.758,5.589],[0,0],[4.23,-2.266],[0,0],[0,5.212],[0,0]],"v":[[58.083,5.665],[64.428,3.55],[67.6,-9.97],[60.349,-12.387],[59.065,-2.946],[56.573,-1.435],[51.059,-1.435],[48.869,-3.701],[48.869,-11.028],[61.105,-32.252],[66.467,-14.275],[73.19,-17.297],[67.072,-36.255],[62.086,-34.593],[68.658,-54.911],[61.482,-58.083],[48.869,-24.925],[48.869,-47.207],[41.391,-47.207],[41.391,-14.351],[24.85,-0.906],[29.306,5.665],[41.391,-2.946],[41.391,-2.19],[48.793,5.665]],"c":true},"ix":2},"nm":"秘","mn":"ADBE Vector Shape - Group","hd":false},{"ind":2,"ty":"sh","ix":3,"ks":{"a":0,"k":{"i":[[0,0],[2.719,-7.402],[0,0],[-1.36,10.197]],"o":[[-1.208,8.308],[0,0],[2.493,-7.402],[0,0]],"v":[[33.158,-39.503],[27.342,-15.937],[33.838,-11.783],[39.578,-38.143]],"c":true},"ix":2},"nm":"秘","mn":"ADBE Vector Shape - Group","hd":false},{"ind":3,"ty":"sh","ix":4,"ks":{"a":0,"k":{"i":[[4.985,3.928],[0,0],[-2.946,-3.701],[0,0]],"o":[[0,0],[5.438,4.305],[0,0],[-3.55,-3.852]],"v":[[44.941,-62.313],[39.729,-57.328],[52.343,-45.319],[57.781,-50.681]],"c":true},"ix":2},"nm":"秘","mn":"ADBE Vector Shape - Group","hd":false},{"ty":"mm","mm":1,"nm":"合并路径 1","mn":"ADBE Vector Filter - Merge","hd":false},{"ty":"fl","c":{"a":0,"k":[0.596079987171,0.596079987171,0.596079987171,1],"ix":4},"o":{"a":0,"k":100,"ix":5},"r":1,"bm":0,"nm":"填充 1","mn":"ADBE Vector Graphic - Fill","hd":false},{"ty":"tr","p":{"a":0,"k":[0,0],"ix":2},"a":{"a":0,"k":[0,0],"ix":1},"s":{"a":0,"k":[100,100],"ix":3},"r":{"a":0,"k":0,"ix":6},"o":{"a":0,"k":100,"ix":7},"sk":{"a":0,"k":0,"ix":4},"sa":{"a":0,"k":0,"ix":5},"nm":"变换"}],"nm":"秘","np":7,"cix":2,"bm":0,"ix":1,"mn":"ADBE Vector Group","hd":false},{"ty":"gr","it":[{"ind":0,"ty":"sh","ix":1,"ks":{"a":0,"k":{"i":[[0,0],[0,0],[0.68,1.813],[0,0],[-0.68,-1.662],[0,0],[0,0],[0,0],[0,0],[0,0],[0,0],[0,0]],"o":[[0,0],[-0.68,-2.266],[0,0],[0.755,1.435],[0,0],[0,0],[0,0],[0,0],[0,0],[0,0],[0,0],[0,0]],"v":[[144.942,-56.497],[116.693,-56.497],[114.654,-62.54],[106.27,-61.18],[108.46,-56.497],[80.589,-56.497],[80.589,-39.805],[88.293,-39.805],[88.293,-49.397],[137.238,-49.397],[137.238,-39.805],[144.942,-39.805]],"c":true},"ix":2},"nm":"密","mn":"ADBE Vector Shape - Group","hd":false},{"ind":1,"ty":"sh","ix":2,"ks":{"a":0,"k":{"i":[[0,0],[0,0],[0,0],[0,0],[0,0],[0,0],[0,0],[0,0],[0,0],[0,0],[0,0],[0,0],[0,0],[0,0],[0,0],[0,0]],"o":[[0,0],[0,0],[0,0],[0,0],[0,0],[0,0],[0,0],[0,0],[0,0],[0,0],[0,0],[0,0],[0,0],[0,0],[0,0],[0,0]],"v":[[109.064,-15.484],[109.064,-1.964],[93.807,-1.964],[93.807,-12.916],[86.103,-12.916],[86.103,7.931],[93.807,7.931],[93.807,5.287],[132.781,5.287],[132.781,8.006],[140.561,8.006],[140.561,-14.049],[132.781,-14.049],[132.781,-1.964],[116.92,-1.964],[116.92,-15.484]],"c":true},"ix":2},"nm":"密","mn":"ADBE Vector Shape - Group","hd":false},{"ind":2,"ty":"sh","ix":3,"ks":{"a":0,"k":{"i":[[2.946,3.097],[0,0],[-1.662,-2.644],[0,0]],"o":[[0,0],[2.87,3.172],[0,0],[-1.662,-2.417]],"v":[[110.877,-48.944],[105.137,-45.394],[111.935,-36.708],[117.751,-40.711]],"c":true},"ix":2},"nm":"密","mn":"ADBE Vector Shape - Group","hd":false},{"ind":3,"ty":"sh","ix":4,"ks":{"a":0,"k":{"i":[[0,0],[8.837,-4.834],[0,0],[0,0],[0,0],[7.402,-1.964],[0,0],[-6.042,2.568],[-2.795,0],[0,0],[-1.511,1.133],[-0.68,6.118],[0,0],[0.831,-0.755],[1.36,0],[0,0],[-6.269,7.402]],"o":[[-5.816,6.798],[0,0],[0,0],[0,0],[-6.118,2.719],[0,0],[6.949,-1.888],[1.36,1.36],[0,0],[3.172,0],[1.662,-1.057],[0,0],[-0.302,3.852],[-0.68,0.755],[0,0],[9.29,-5.212],[0,0]],"v":[[127.645,-47.736],[105.666,-30.212],[105.666,-40.862],[98.037,-40.862],[98.037,-26.511],[77.719,-19.563],[80.816,-12.916],[100.227,-19.563],[106.421,-17.448],[123.491,-17.448],[130.591,-19.185],[134.141,-29.986],[126.739,-32.403],[125.077,-25.529],[121.98,-24.397],[110.046,-24.397],[133.385,-43.355]],"c":true},"ix":2},"nm":"密","mn":"ADBE Vector Shape - Group","hd":false},{"ind":4,"ty":"sh","ix":5,"ks":{"a":0,"k":{"i":[[4.985,5.74],[0,0],[-2.719,-4.683],[0,0]],"o":[[0,0],[4.607,5.589],[0,0],[-2.719,-4.305]],"v":[[135.954,-40.258],[130.289,-36.179],[141.316,-20.847],[147.585,-25.227]],"c":true},"ix":2},"nm":"密","mn":"ADBE Vector Shape - Group","hd":false},{"ind":5,"ty":"sh","ix":6,"ks":{"a":0,"k":{"i":[[0,0],[4.607,-4.834],[0,0],[-2.417,7.024]],"o":[[-1.888,5.589],[0,0],[4.381,-5.136],[0,0]],"v":[[90.786,-43.959],[81.042,-28.324],[87.463,-24.245],[97.584,-42.448]],"c":true},"ix":2},"nm":"密","mn":"ADBE Vector Shape - Group","hd":false},{"ty":"mm","mm":1,"nm":"合并路径 1","mn":"ADBE Vector Filter - Merge","hd":false},{"ty":"fl","c":{"a":0,"k":[0.596079987171,0.596079987171,0.596079987171,1],"ix":4},"o":{"a":0,"k":100,"ix":5},"r":1,"bm":0,"nm":"填充 1","mn":"ADBE Vector Graphic - Fill","hd":false},{"ty":"tr","p":{"a":0,"k":[0,0],"ix":2},"a":{"a":0,"k":[0,0],"ix":1},"s":{"a":0,"k":[100,100],"ix":3},"r":{"a":0,"k":0,"ix":6},"o":{"a":0,"k":100,"ix":7},"sk":{"a":0,"k":0,"ix":4},"sa":{"a":0,"k":0,"ix":5},"nm":"变换"}],"nm":"密","np":9,"cix":2,"bm":0,"ix":2,"mn":"ADBE Vector Group","hd":false}],"ip":10,"op":75,"st":10,"bm":0},{"ddd":0,"ind":79,"ty":3,"nm":"健康-bg","sr":1,"ks":{"o":{"a":1,"k":[{"i":{"x":[0.833],"y":[0.833]},"o":{"x":[0.167],"y":[0.167]},"t":230,"s":[0]},{"t":240,"s":[100]}],"ix":11},"r":{"a":0,"k":0,"ix":10},"p":{"a":1,"k":[{"i":{"x":0.3,"y":1},"o":{"x":0.3,"y":0},"t":220,"s":[481.163,706.034,0],"to":[-43.527,124.052,0],"ti":[0,0,0]},{"i":{"x":0.833,"y":0.833},"o":{"x":0.144,"y":0.144},"t":240,"s":[242,885.672,0],"to":[0,0,0],"ti":[0,0,0]},{"i":{"x":0.833,"y":0.83},"o":{"x":0.167,"y":0.111},"t":255,"s":[242,885.672,0],"to":[0,0,0],"ti":[9.249,0.234,0]},{"i":{"x":0.833,"y":0.836},"o":{"x":0.167,"y":0.163},"t":285,"s":[232,875.047,0],"to":[-9.249,-0.234,0],"ti":[0,-3.438,0]},{"i":{"x":0.833,"y":0.836},"o":{"x":0.167,"y":0.169},"t":315,"s":[222,885.672,0],"to":[0,3.438,0],"ti":[-9.376,-0.078,0]},{"i":{"x":0.833,"y":0.829},"o":{"x":0.167,"y":0.17},"t":345,"s":[232,895.672,0],"to":[9.376,0.078,0],"ti":[0,0,0]},{"i":{"x":0.965,"y":0},"o":{"x":0.167,"y":0.162},"t":375,"s":[242,885.672,0],"to":[0,0,0],"ti":[8.687,-0.016,0]},{"i":{"x":0.833,"y":0.995},"o":{"x":0.167,"y":0.079},"t":404,"s":[232,875.047,0],"to":[-8.687,0.016,0],"ti":[0,0,0]},{"i":{"x":0.7,"y":1},"o":{"x":0.167,"y":0.007},"t":429,"s":[-487,435.672,0],"to":[0,0,0],"ti":[0,0,0]},{"i":{"x":0.833,"y":0.76},"o":{"x":0.3,"y":0},"t":459,"s":[199.999,289.672,0],"to":[0,0,0],"ti":[0,0,0]},{"t":489,"s":[199.999,269.672,0]}],"ix":2},"a":{"a":0,"k":[284.145,-175.98,0],"ix":1},"s":{"a":0,"k":[100,100,100],"ix":6}},"ao":0,"ip":220,"op":405,"st":40,"bm":0},{"ddd":0,"ind":83,"ty":3,"nm":"爱情-bg","sr":1,"ks":{"o":{"a":1,"k":[{"i":{"x":[0.833],"y":[0.833]},"o":{"x":[0.167],"y":[0.167]},"t":195,"s":[0]},{"t":205,"s":[100]}],"ix":11},"r":{"a":0,"k":0,"ix":10},"p":{"a":1,"k":[{"i":{"x":0.3,"y":1},"o":{"x":0.3,"y":0},"t":185,"s":[697.163,680.034,0],"to":[86.473,64.052,0],"ti":[0,0,0]},{"i":{"x":0.833,"y":0.833},"o":{"x":0.144,"y":0.144},"t":205,"s":[938.999,759.672,0],"to":[0,0,0],"ti":[0,0,0]},{"i":{"x":0.833,"y":0.83},"o":{"x":0.167,"y":0.111},"t":220,"s":[938.999,759.672,0],"to":[0,0,0],"ti":[9.249,0.234,0]},{"i":{"x":0.833,"y":0.836},"o":{"x":0.167,"y":0.163},"t":250,"s":[928.999,749.047,0],"to":[-9.249,-0.234,0],"ti":[0,-3.438,0]},{"i":{"x":0.833,"y":0.836},"o":{"x":0.167,"y":0.169},"t":280,"s":[918.999,759.672,0],"to":[0,3.438,0],"ti":[-9.376,-0.078,0]},{"i":{"x":0.833,"y":0.829},"o":{"x":0.167,"y":0.17},"t":310,"s":[928.999,769.672,0],"to":[9.376,0.078,0],"ti":[0,0,0]},{"i":{"x":0.965,"y":0},"o":{"x":0.167,"y":0.162},"t":340,"s":[938.999,759.672,0],"to":[0,0,0],"ti":[8.687,-0.016,0]},{"i":{"x":0.833,"y":0.995},"o":{"x":0.167,"y":0.079},"t":369,"s":[928.999,749.047,0],"to":[-8.687,0.016,0],"ti":[0,0,0]},{"i":{"x":0.7,"y":1},"o":{"x":0.167,"y":0.234},"t":394,"s":[209.999,309.672,0],"to":[0,0,0],"ti":[0,0,0]},{"i":{"x":0.833,"y":0.921},"o":{"x":0.3,"y":0},"t":424,"s":[209.999,329.672,0],"to":[0,0,0],"ti":[0,0,0]},{"t":454,"s":[199.999,269.672,0]}],"ix":2},"a":{"a":0,"k":[284.145,-175.98,0],"ix":1},"s":{"a":0,"k":[100,100,100],"ix":6}},"ao":0,"ip":185,"op":370,"st":5,"bm":0},{"ddd":0,"ind":87,"ty":3,"nm":"智慧-bg","sr":1,"ks":{"o":{"a":1,"k":[{"i":{"x":[0.833],"y":[0.833]},"o":{"x":[0.167],"y":[0.167]},"t":160,"s":[0]},{"t":170,"s":[100]}],"ix":11},"r":{"a":0,"k":0,"ix":10},"p":{"a":1,"k":[{"i":{"x":0.3,"y":1},"o":{"x":0.3,"y":0},"t":150,"s":[367.163,496.034,0],"to":[-111.527,-49.948,0],"ti":[0,0,0]},{"i":{"x":0.833,"y":0.833},"o":{"x":0.144,"y":0.144},"t":170,"s":[191.999,335.672,0],"to":[0,0,0],"ti":[0,0,0]},{"i":{"x":0.833,"y":0.83},"o":{"x":0.167,"y":0.111},"t":185,"s":[191.999,335.672,0],"to":[0,0,0],"ti":[9.249,0.234,0]},{"i":{"x":0.833,"y":0.836},"o":{"x":0.167,"y":0.163},"t":215,"s":[181.999,325.047,0],"to":[-9.249,-0.234,0],"ti":[0,-3.438,0]},{"i":{"x":0.833,"y":0.836},"o":{"x":0.167,"y":0.169},"t":245,"s":[171.999,335.672,0],"to":[0,3.438,0],"ti":[-9.376,-0.078,0]},{"i":{"x":0.833,"y":0.829},"o":{"x":0.167,"y":0.17},"t":275,"s":[181.999,345.672,0],"to":[9.376,0.078,0],"ti":[0,0,0]},{"i":{"x":0.833,"y":0.821},"o":{"x":0.167,"y":0.162},"t":305,"s":[191.999,335.672,0],"to":[0,0,0],"ti":[8.687,-0.016,0]},{"i":{"x":0.833,"y":0.756},"o":{"x":0.167,"y":0.154},"t":334,"s":[181.999,325.047,0],"to":[-8.687,0.016,0],"ti":[0,0,0]},{"i":{"x":0.7,"y":1},"o":{"x":0.167,"y":0.165},"t":359,"s":[171.999,335.672,0],"to":[0,0,0],"ti":[0,0,0]},{"i":{"x":0.833,"y":0.76},"o":{"x":0.3,"y":0},"t":389,"s":[191.999,355.672,0],"to":[0,0,0],"ti":[0,0,0]},{"t":419,"s":[191.999,335.672,0]}],"ix":2},"a":{"a":0,"k":[284.145,-175.98,0],"ix":1},"s":{"a":0,"k":[100,100,100],"ix":6}},"ao":0,"ip":150,"op":391,"st":-30,"bm":0}],"markers":[]}