{"v":"5.6.8","fr":30,"ip":0,"op":189,"w":1125,"h":1050,"nm":"订阅视频-变老-多语言","ddd":0,"assets":[],"layers":[{"ddd":0,"ind":19,"ty":4,"nm":"“30年後”轮廓","sr":1,"ks":{"o":{"a":1,"k":[{"i":{"x":[0.833],"y":[0.833]},"o":{"x":[0.167],"y":[0.167]},"t":0,"s":[0]},{"i":{"x":[0.833],"y":[0.833]},"o":{"x":[0.167],"y":[0.167]},"t":20,"s":[100]},{"i":{"x":[0.833],"y":[0.833]},"o":{"x":[0.167],"y":[0.167]},"t":180,"s":[100]},{"t":189,"s":[0]}],"ix":11},"r":{"a":0,"k":0,"ix":10},"p":{"a":0,"k":[94,480,0],"ix":2},"a":{"a":0,"k":[0,0,0],"ix":1},"s":{"a":0,"k":[100,100,100],"ix":6}},"ao":0,"hasMask":true,"masksProperties":[{"inv":false,"mode":"a","pt":{"a":1,"k":[{"i":{"x":0.667,"y":1},"o":{"x":0.333,"y":0},"t":0,"s":[{"i":[[0,0],[0,0],[0,0],[0,0]],"o":[[0,0],[0,0],[0,0],[0,0]],"v":[[-46,-113],[-450.445,-113],[-450.445,58.684],[-46,58.684]],"c":true}]},{"i":{"x":0.667,"y":1},"o":{"x":0.333,"y":0},"t":20,"s":[{"i":[[0,0],[0,0],[0,0],[0,0]],"o":[[0,0],[0,0],[0,0],[0,0]],"v":[[538,-113],[-53.445,-113],[-53.445,58.684],[538,58.684]],"c":true}]},{"i":{"x":0.667,"y":1},"o":{"x":0.333,"y":0},"t":180,"s":[{"i":[[0,0],[0,0],[0,0],[0,0]],"o":[[0,0],[0,0],[0,0],[0,0]],"v":[[538,-113],[-53.445,-113],[-53.445,58.684],[538,58.684]],"c":true}]},{"t":189,"s":[{"i":[[0,0],[0,0],[0,0],[0,0]],"o":[[0,0],[0,0],[0,0],[0,0]],"v":[[741,-114],[336.555,-114],[336.555,57.684],[741,57.684]],"c":true}]}],"ix":1},"o":{"a":0,"k":100,"ix":3},"x":{"a":0,"k":0,"ix":4},"nm":"蒙版 1"}],"shapes":[{"ty":"gr","it":[{"ind":0,"ty":"sh","ix":1,"ks":{"a":0,"k":{"i":[[5.438,0],[3.399,-3.021],[0.453,-5.438],[0,0],[-1.813,1.586],[-3.172,0],[-1.586,-1.36],[0,-2.644],[1.586,-1.36],[3.172,0],[0,0],[0,0],[0,0],[-1.813,-1.511],[0,-3.097],[1.737,-1.737],[3.399,0],[1.888,1.737],[0.151,3.474],[0,0],[-3.777,-3.172],[-5.589,0],[-3.625,3.248],[0,4.985],[1.813,2.039],[3.172,0.982],[0,5.891],[3.248,2.644]],"o":[[-5.287,0],[-3.625,3.021],[0,0],[0.302,-3.248],[1.737,-1.586],[3.097,0],[1.435,1.36],[0,2.644],[-1.662,1.36],[0,0],[0,0],[0,0],[3.474,0],[1.813,1.435],[0,2.568],[-1.964,1.888],[-3.097,0],[-2.115,-1.888],[0,0],[0.453,6.042],[3.399,2.87],[5.891,0],[3.474,-3.172],[0,-3.172],[-1.662,-1.964],[5.967,-1.964],[0,-4.683],[-3.323,-2.644]],"v":[[23.188,-54.987],[10.121,-50.53],[4.079,-37.841],[12.765,-37.841],[15.937,-45.092],[23.264,-47.433],[30.288,-45.394],[32.478,-39.427],[30.061,-33.385],[22.81,-31.345],[19.034,-31.345],[19.034,-24.699],[22.81,-24.699],[30.741,-22.508],[33.536,-15.71],[30.892,-9.29],[22.81,-6.42],[15.333,-9.064],[12.009,-17.146],[3.021,-17.146],[9.366,-3.248],[22.886,1.057],[37.161,-3.852],[42.373,-16.088],[39.654,-23.943],[32.327,-28.324],[41.315,-40.107],[36.406,-51.059]],"c":true},"ix":2},"nm":"3","mn":"ADBE Vector Shape - Group","hd":false},{"ty":"fl","c":{"a":0,"k":[0.596079987171,0.596079987171,0.596079987171,1],"ix":4},"o":{"a":0,"k":100,"ix":5},"r":1,"bm":0,"nm":"填充 1","mn":"ADBE Vector Graphic - Fill","hd":false},{"ty":"tr","p":{"a":0,"k":[0,0],"ix":2},"a":{"a":0,"k":[0,0],"ix":1},"s":{"a":0,"k":[100,100],"ix":3},"r":{"a":0,"k":0,"ix":6},"o":{"a":0,"k":100,"ix":7},"sk":{"a":0,"k":0,"ix":4},"sa":{"a":0,"k":0,"ix":5},"nm":"变换"}],"nm":"3","np":3,"cix":2,"bm":0,"ix":1,"mn":"ADBE Vector Group","hd":false},{"ty":"gr","it":[{"ind":0,"ty":"sh","ix":1,"ks":{"a":0,"k":{"i":[[6.269,0],[3.474,-5.287],[0,-8.459],[-3.323,-4.985],[-6.345,0],[-3.55,5.212],[0,8.459],[3.323,4.985]],"o":[[-6.345,0],[-3.323,4.985],[0,8.459],[3.474,5.212],[6.269,0],[3.323,-4.985],[0,-8.459],[-3.55,-5.287]],"v":[[67.659,-54.987],[52.93,-47.131],[47.945,-26.965],[52.93,-6.798],[67.659,1.057],[82.387,-6.798],[87.372,-26.965],[82.387,-47.131]],"c":true},"ix":2},"nm":"0","mn":"ADBE Vector Shape - Group","hd":false},{"ind":1,"ty":"sh","ix":2,"ks":{"a":0,"k":{"i":[[-4.305,0],[-1.813,-4.834],[0,-5.665],[1.208,-3.323],[4.23,0],[1.737,4.758],[0,5.589],[-1.208,3.248]],"o":[[4.23,0],[1.208,3.248],[0,5.589],[-1.813,4.758],[-4.305,0],[-1.208,-3.323],[0,-5.665],[1.737,-4.834]],"v":[[67.659,-47.509],[76.722,-40.334],[78.535,-26.965],[76.722,-13.596],[67.659,-6.42],[58.595,-13.596],[56.782,-26.965],[58.595,-40.334]],"c":true},"ix":2},"nm":"0","mn":"ADBE Vector Shape - Group","hd":false},{"ty":"mm","mm":1,"nm":"合并路径 1","mn":"ADBE Vector Filter - Merge","hd":false},{"ty":"fl","c":{"a":0,"k":[0.596079987171,0.596079987171,0.596079987171,1],"ix":4},"o":{"a":0,"k":100,"ix":5},"r":1,"bm":0,"nm":"填充 1","mn":"ADBE Vector Graphic - Fill","hd":false},{"ty":"tr","p":{"a":0,"k":[0,0],"ix":2},"a":{"a":0,"k":[0,0],"ix":1},"s":{"a":0,"k":[100,100],"ix":3},"r":{"a":0,"k":0,"ix":6},"o":{"a":0,"k":100,"ix":7},"sk":{"a":0,"k":0,"ix":4},"sa":{"a":0,"k":0,"ix":5},"nm":"变换"}],"nm":"0","np":5,"cix":2,"bm":0,"ix":2,"mn":"ADBE Vector Group","hd":false},{"ty":"gr","it":[{"ind":0,"ty":"sh","ix":1,"ks":{"a":0,"k":{"i":[[-3.172,5.287],[0,0],[0,0],[0,0],[0,0],[0,0],[0,0],[0,0],[0,0],[0,0],[0,0],[0,0],[0,0],[0,0],[0,0],[0,0],[0,0],[0,0],[0,0],[0,0],[0,0],[0,0],[-0.68,2.417],[0,0],[7.478,-5.589],[0,0]],"o":[[0,0],[0,0],[0,0],[0,0],[0,0],[0,0],[0,0],[0,0],[0,0],[0,0],[0,0],[0,0],[0,0],[0,0],[0,0],[0,0],[0,0],[0,0],[0,0],[0,0],[0,0],[0.831,-2.115],[0,0],[-2.568,9.441],[0,0],[4.758,-3.625]],"v":[[109.712,-46.829],[128.142,-46.829],[128.142,-37.086],[105.785,-37.086],[105.785,-15.71],[94.153,-15.71],[94.153,-8.006],[128.142,-8.006],[128.142,8.082],[136.073,8.082],[136.073,-8.006],[161.3,-8.006],[161.3,-15.71],[136.073,-15.71],[136.073,-29.684],[156.39,-29.684],[156.39,-37.086],[136.073,-37.086],[136.073,-46.829],[159.034,-46.829],[159.034,-54.458],[113.489,-54.458],[115.755,-61.256],[107.597,-62.766],[92.491,-40.258],[97.778,-33.536]],"c":true},"ix":2},"nm":"年","mn":"ADBE Vector Shape - Group","hd":false},{"ind":1,"ty":"sh","ix":2,"ks":{"a":0,"k":{"i":[[0,0],[0,0],[0,0],[0,0]],"o":[[0,0],[0,0],[0,0],[0,0]],"v":[[113.715,-15.71],[113.715,-29.684],[128.142,-29.684],[128.142,-15.71]],"c":true},"ix":2},"nm":"年","mn":"ADBE Vector Shape - Group","hd":false},{"ty":"mm","mm":1,"nm":"合并路径 1","mn":"ADBE Vector Filter - Merge","hd":false},{"ty":"fl","c":{"a":0,"k":[0.596079987171,0.596079987171,0.596079987171,1],"ix":4},"o":{"a":0,"k":100,"ix":5},"r":1,"bm":0,"nm":"填充 1","mn":"ADBE Vector Graphic - Fill","hd":false},{"ty":"tr","p":{"a":0,"k":[0,0],"ix":2},"a":{"a":0,"k":[0,0],"ix":1},"s":{"a":0,"k":[100,100],"ix":3},"r":{"a":0,"k":0,"ix":6},"o":{"a":0,"k":100,"ix":7},"sk":{"a":0,"k":0,"ix":4},"sa":{"a":0,"k":0,"ix":5},"nm":"变换"}],"nm":"年","np":5,"cix":2,"bm":0,"ix":3,"mn":"ADBE Vector Group","hd":false},{"ty":"gr","it":[{"ind":0,"ty":"sh","ix":1,"ks":{"a":0,"k":{"i":[[4.683,6.194],[0,0],[-1.208,-1.888],[6.571,-0.755],[-8.006,8.611],[0,0],[1.888,-1.964],[3.625,-0.378],[-2.795,4.079],[0,0],[1.813,-2.19],[2.19,-0.151],[0,0],[-3.928,0.378],[5.061,-1.737],[0,0],[-2.719,0.151],[6.194,-4.154],[0,0],[-2.115,2.266],[-2.644,-2.19],[7.402,-1.511],[0,0],[-5.816,3.248],[-7.478,-1.888],[0,0],[4.985,2.417],[-1.511,4.683],[0,0],[0,0],[-0.529,1.133],[0,0],[-5.74,0.906],[-0.906,-1.737],[0,0]],"o":[[0,0],[1.36,1.888],[-5.136,0.906],[6.496,-4.607],[0,0],[-1.888,2.115],[-3.323,0.302],[3.021,-3.399],[0,0],[-3.172,5.438],[-1.662,1.888],[0,0],[5.438,-0.453],[-6.194,5.514],[0,0],[2.795,-0.151],[-3.248,6.571],[0,0],[2.341,-1.662],[2.039,2.568],[-4.985,2.417],[0,0],[8.611,-1.964],[5.438,3.248],[0,0],[-6.496,-1.36],[4.079,-3.474],[0,0],[0,0],[0.529,-0.982],[0,0],[7.855,-0.68],[1.057,1.737],[0,0],[-2.493,-4.683]],"v":[[225.423,-44.186],[219.985,-40.787],[223.913,-35.122],[206.39,-32.629],[228.143,-52.494],[221.269,-55.893],[215.604,-49.699],[205.181,-48.642],[213.943,-59.896],[206.918,-62.615],[199.365,-51.134],[193.625,-48.038],[194.607,-41.693],[208.58,-42.902],[191.661,-32.025],[193.776,-25.907],[202.009,-26.436],[187.809,-10.348],[193.398,-5.438],[200.121,-11.405],[207.145,-4.23],[188.564,1.662],[192.114,8.157],[213.792,0.378],[233.128,8.082],[237.584,1.511],[220.363,-4.154],[228.822,-16.39],[228.822,-22.735],[207.976,-22.735],[209.562,-25.907],[207.296,-26.814],[227.765,-29.155],[230.711,-23.943],[236.224,-27.795]],"c":true},"ix":2},"nm":"後","mn":"ADBE Vector Shape - Group","hd":false},{"ind":1,"ty":"sh","ix":2,"ks":{"a":0,"k":{"i":[[3.248,-2.417],[2.266,3.021],[0,0]],"o":[[-3.323,-2.266],[0,0],[-1.662,2.87]],"v":[[213.641,-8.082],[205.332,-16.013],[220.967,-16.013]],"c":true},"ix":2},"nm":"後","mn":"ADBE Vector Shape - Group","hd":false},{"ind":2,"ty":"sh","ix":3,"ks":{"a":0,"k":{"i":[[0,0],[7.024,-5.136],[0,0],[-3.928,8.157]],"o":[[-3.399,6.873],[0,0],[9.592,-6.647],[0,0]],"v":[[183.277,-62.389],[167.642,-44.412],[169.984,-36.784],[190.302,-59.065]],"c":true},"ix":2},"nm":"後","mn":"ADBE Vector Shape - Group","hd":false},{"ind":3,"ty":"sh","ix":4,"ks":{"a":0,"k":{"i":[[0,0],[7.478,-5.589],[0,0],[-2.266,1.888],[0,0],[0,0],[0,0],[-1.737,3.701]],"o":[[-3.701,7.478],[0,0],[2.417,-1.737],[0,0],[0,0],[0,0],[2.719,-3.323],[0,0]],"v":[[185.014,-43.053],[168.246,-23.49],[170.588,-16.013],[177.537,-21.451],[177.537,7.402],[185.165,7.402],[185.165,-29.23],[191.888,-39.805]],"c":true},"ix":2},"nm":"後","mn":"ADBE Vector Shape - Group","hd":false},{"ty":"mm","mm":1,"nm":"合并路径 1","mn":"ADBE Vector Filter - Merge","hd":false},{"ty":"fl","c":{"a":0,"k":[0.596079987171,0.596079987171,0.596079987171,1],"ix":4},"o":{"a":0,"k":100,"ix":5},"r":1,"bm":0,"nm":"填充 1","mn":"ADBE Vector Graphic - Fill","hd":false},{"ty":"tr","p":{"a":0,"k":[0,0],"ix":2},"a":{"a":0,"k":[0,0],"ix":1},"s":{"a":0,"k":[100,100],"ix":3},"r":{"a":0,"k":0,"ix":6},"o":{"a":0,"k":100,"ix":7},"sk":{"a":0,"k":0,"ix":4},"sa":{"a":0,"k":0,"ix":5},"nm":"变换"}],"nm":"後","np":7,"cix":2,"bm":0,"ix":4,"mn":"ADBE Vector Group","hd":false}],"ip":0,"op":190,"st":0,"bm":0},{"ddd":0,"ind":21,"ty":4,"nm":"“我會是”轮廓","sr":1,"ks":{"o":{"a":1,"k":[{"i":{"x":[0.833],"y":[0.833]},"o":{"x":[0.167],"y":[0.167]},"t":10,"s":[0]},{"i":{"x":[0.833],"y":[0.833]},"o":{"x":[0.167],"y":[0.167]},"t":30,"s":[100]},{"i":{"x":[0.833],"y":[0.833]},"o":{"x":[0.167],"y":[0.167]},"t":180,"s":[100]},{"t":189,"s":[0]}],"ix":11},"r":{"a":0,"k":0,"ix":10},"p":{"a":0,"k":[94,596,0],"ix":2},"a":{"a":0,"k":[0,0,0],"ix":1},"s":{"a":0,"k":[100,100,100],"ix":6}},"ao":0,"hasMask":true,"masksProperties":[{"inv":false,"mode":"a","pt":{"a":1,"k":[{"i":{"x":0.667,"y":1},"o":{"x":0.333,"y":0},"t":10,"s":[{"i":[[0,0],[0,0],[0,0],[0,0]],"o":[[0,0],[0,0],[0,0],[0,0]],"v":[[-48,-101],[-365.648,-101],[-365.648,48.859],[-48,48.859]],"c":true}]},{"i":{"x":0.667,"y":1},"o":{"x":0.333,"y":0},"t":30,"s":[{"i":[[0,0],[0,0],[0,0],[0,0]],"o":[[0,0],[0,0],[0,0],[0,0]],"v":[[520,-101],[-42.648,-101],[-42.648,48.859],[520,48.859]],"c":true}]},{"i":{"x":0.667,"y":1},"o":{"x":0.333,"y":0},"t":180,"s":[{"i":[[0,0],[0,0],[0,0],[0,0]],"o":[[0,0],[0,0],[0,0],[0,0]],"v":[[520,-101],[-42.648,-101],[-42.648,48.859],[520,48.859]],"c":true}]},{"t":189,"s":[{"i":[[0,0],[0,0],[0,0],[0,0]],"o":[[0,0],[0,0],[0,0],[0,0]],"v":[[587,-102],[269.352,-102],[269.352,47.859],[587,47.859]],"c":true}]}],"ix":1},"o":{"a":0,"k":100,"ix":3},"x":{"a":0,"k":0,"ix":4},"nm":"蒙版 1"}],"shapes":[{"ty":"gr","it":[{"ind":0,"ty":"sh","ix":1,"ks":{"a":0,"k":{"i":[[0,0],[4.381,-1.133],[0,0],[0,0],[-1.133,-4.079],[-0.831,-2.417],[6.949,-2.568],[0,0],[-5.136,4.23],[-1.36,-1.737],[-3.323,0],[-1.964,10.801],[0,0],[0.831,0],[2.115,3.323],[0.755,1.813],[-3.323,6.798],[0,0],[3.097,-3.852],[0.302,1.208],[0.453,4.91],[0,0],[0,0],[0,0],[0.076,7.251],[0,0],[-0.453,-5.816],[0,0],[0,0],[-3.097,1.133],[0,0],[10.423,-1.133],[0,0],[-3.625,0.755],[0,0],[0,0],[0,0],[0,0],[0,0],[5.136,-0.755],[0,0],[-4.381,0.906],[0,0],[1.737,0],[2.644,0.302],[0,0],[0,0],[0,4.985],[0,0],[-4.003,1.36]],"o":[[-3.928,1.36],[0,0],[0,0],[0.604,5.438],[0.68,2.568],[-5.212,4.683],[0,0],[6.269,-2.417],[1.133,2.266],[3.55,4.456],[3.701,0],[0,0],[-0.906,7.553],[-1.057,0],[-0.831,-1.208],[4.607,-4.985],[0,0],[-2.266,4.683],[-0.302,-1.057],[-0.831,-3.172],[0,0],[0,0],[0,0],[-0.453,-5.589],[0,0],[0,6.949],[0,0],[0,0],[3.399,-0.906],[0,0],[-8.157,3.323],[0,0],[3.928,-0.529],[0,0],[0,0],[0,0],[0,0],[0,0],[-4.607,0.982],[0,0],[4.683,-0.755],[0,0],[0,1.662],[-2.417,0],[0,0],[0,0],[5.287,0],[0,0],[4.381,-1.133],[0,0]],"v":[[38.596,-27.72],[26.058,-24.019],[26.058,-35.197],[42.222,-35.197],[44.79,-20.922],[47.056,-13.445],[28.777,-2.568],[33.158,4.154],[50.304,-5.816],[54.08,0.151],[64.428,6.873],[72.887,-9.366],[65.863,-13.067],[63.295,-1.662],[58.461,-6.647],[56.044,-11.254],[67.978,-29.004],[61.18,-32.629],[53.098,-19.789],[52.192,-23.112],[50.228,-35.197],[72.208,-35.197],[72.208,-42.751],[49.624,-42.751],[48.869,-61.935],[40.938,-61.935],[41.542,-42.751],[26.058,-42.751],[26.058,-51.588],[35.802,-54.609],[33.083,-62.011],[5.136,-55.364],[6.798,-47.887],[18.052,-49.775],[18.052,-42.751],[3.323,-42.751],[3.323,-35.197],[18.052,-35.197],[18.052,-22.206],[3.399,-19.563],[4.532,-11.632],[18.052,-14.124],[18.052,-2.719],[15.408,-0.151],[7.855,-0.604],[9.592,6.873],[18.127,6.873],[26.058,-0.68],[26.058,-16.013],[38.596,-19.714]],"c":true},"ix":2},"nm":"我","mn":"ADBE Vector Shape - Group","hd":false},{"ind":1,"ty":"sh","ix":2,"ks":{"a":0,"k":{"i":[[5.287,3.323],[0,0],[-3.097,-3.323],[0,0]],"o":[[0,0],[5.74,3.777],[0,0],[-3.777,-3.323]],"v":[[57.177,-61.256],[51.89,-56.195],[65.108,-45.621],[70.773,-51.286]],"c":true},"ix":2},"nm":"我","mn":"ADBE Vector Shape - Group","hd":false},{"ty":"mm","mm":1,"nm":"合并路径 1","mn":"ADBE Vector Filter - Merge","hd":false},{"ty":"fl","c":{"a":0,"k":[0.596079987171,0.596079987171,0.596079987171,1],"ix":4},"o":{"a":0,"k":100,"ix":5},"r":1,"bm":0,"nm":"填充 1","mn":"ADBE Vector Graphic - Fill","hd":false},{"ty":"tr","p":{"a":0,"k":[0,0],"ix":2},"a":{"a":0,"k":[0,0],"ix":1},"s":{"a":0,"k":[100,100],"ix":3},"r":{"a":0,"k":0,"ix":6},"o":{"a":0,"k":100,"ix":7},"sk":{"a":0,"k":0,"ix":4},"sa":{"a":0,"k":0,"ix":5},"nm":"变换"}],"nm":"我","np":5,"cix":2,"bm":0,"ix":1,"mn":"ADBE Vector Group","hd":false},{"ty":"gr","it":[{"ind":0,"ty":"sh","ix":1,"ks":{"a":0,"k":{"i":[[0,0],[1.208,-1.813],[0,0],[-0.982,2.719]],"o":[[-0.982,2.644],[0,0],[1.36,-2.039],[0,0]],"v":[[123.642,-35.046],[120.319,-28.4],[125.379,-26.587],[128.929,-33.687]],"c":true},"ix":2},"nm":"會","mn":"ADBE Vector Shape - Group","hd":false},{"ind":1,"ty":"sh","ix":2,"ks":{"a":0,"k":{"i":[[1.36,2.115],[0,0],[-0.982,-2.417],[0,0]],"o":[[0,0],[1.435,2.266],[0,0],[-1.057,-2.719]],"v":[[101.662,-35.122],[96.451,-33.536],[100.076,-26.587],[105.212,-27.946]],"c":true},"ix":2},"nm":"會","mn":"ADBE Vector Shape - Group","hd":false},{"ind":2,"ty":"sh","ix":3,"ks":{"a":0,"k":{"i":[[-1.208,0.604],[0,0],[0,0],[0,0],[-1.36,-0.604],[0,0],[9.819,6.345],[0,0],[12.16,-4.834],[0,0]],"o":[[0,0],[0,0],[0,0],[1.133,0.604],[0,0],[-12.16,-4.834],[0,0],[-9.819,6.345],[0,0],[1.208,-0.604]],"v":[[85.423,-40.334],[85.423,-20.469],[140.108,-20.469],[140.108,-40.409],[143.809,-38.672],[148.038,-45.243],[115.107,-62.011],[110.424,-62.011],[77.493,-45.243],[81.722,-38.596]],"c":true},"ix":2},"nm":"會","mn":"ADBE Vector Shape - Group","hd":false},{"ind":3,"ty":"sh","ix":4,"ks":{"a":0,"k":{"i":[[-3.777,-1.813],[0,0],[-3.323,1.737],[0,0],[0,0],[0,0]],"o":[[0,0],[3.55,-1.662],[0,0],[0,0],[0,0],[3.323,1.737]],"v":[[138.522,-41.164],[87.16,-41.164],[97.508,-46.301],[97.508,-43.808],[127.947,-43.808],[127.947,-46.452]],"c":true},"ix":2},"nm":"會","mn":"ADBE Vector Shape - Group","hd":false},{"ind":4,"ty":"sh","ix":5,"ks":{"a":0,"k":{"i":[[0,0],[0,0],[0,0],[0,0]],"o":[[0,0],[0,0],[0,0],[0,0]],"v":[[132.932,-26.209],[116.315,-26.209],[116.315,-35.273],[132.932,-35.273]],"c":true},"ix":2},"nm":"會","mn":"ADBE Vector Shape - Group","hd":false},{"ind":5,"ty":"sh","ix":6,"ks":{"a":0,"k":{"i":[[0,0],[0,0],[0,0],[0,0]],"o":[[0,0],[0,0],[0,0],[0,0]],"v":[[109.216,-26.209],[92.599,-26.209],[92.599,-35.273],[109.216,-35.273]],"c":true},"ix":2},"nm":"會","mn":"ADBE Vector Shape - Group","hd":false},{"ind":6,"ty":"sh","ix":7,"ks":{"a":0,"k":{"i":[[0,0],[0,0],[0,0],[0,0],[0,0],[0,0],[0,0],[0,0]],"o":[[0,0],[0,0],[0,0],[0,0],[0,0],[0,0],[0,0],[0,0]],"v":[[137.238,-17.825],[88.369,-17.825],[88.369,8.082],[95.847,8.082],[95.847,5.74],[129.76,5.74],[129.76,8.006],[137.238,8.006]],"c":true},"ix":2},"nm":"會","mn":"ADBE Vector Shape - Group","hd":false},{"ind":7,"ty":"sh","ix":8,"ks":{"a":0,"k":{"i":[[0,0],[0,0],[0,0],[0,0]],"o":[[0,0],[0,0],[0,0],[0,0]],"v":[[95.847,-0.378],[95.847,-3.701],[129.76,-3.701],[129.76,-0.378]],"c":true},"ix":2},"nm":"會","mn":"ADBE Vector Shape - Group","hd":false},{"ind":8,"ty":"sh","ix":9,"ks":{"a":0,"k":{"i":[[0,0],[0,0],[0,0],[0,0]],"o":[[0,0],[0,0],[0,0],[0,0]],"v":[[95.847,-8.988],[95.847,-12.009],[129.76,-12.009],[129.76,-8.988]],"c":true},"ix":2},"nm":"會","mn":"ADBE Vector Shape - Group","hd":false},{"ind":9,"ty":"sh","ix":10,"ks":{"a":0,"k":{"i":[[-3.474,-1.964],[0,0],[-2.946,1.964]],"o":[[0,0],[3.323,-1.964],[2.87,1.888]],"v":[[122.282,-49.548],[103.324,-49.548],[112.766,-55.364]],"c":true},"ix":2},"nm":"會","mn":"ADBE Vector Shape - Group","hd":false},{"ty":"mm","mm":1,"nm":"合并路径 1","mn":"ADBE Vector Filter - Merge","hd":false},{"ty":"fl","c":{"a":0,"k":[0.596079987171,0.596079987171,0.596079987171,1],"ix":4},"o":{"a":0,"k":100,"ix":5},"r":1,"bm":0,"nm":"填充 1","mn":"ADBE Vector Graphic - Fill","hd":false},{"ty":"tr","p":{"a":0,"k":[0,0],"ix":2},"a":{"a":0,"k":[0,0],"ix":1},"s":{"a":0,"k":[100,100],"ix":3},"r":{"a":0,"k":0,"ix":6},"o":{"a":0,"k":100,"ix":7},"sk":{"a":0,"k":0,"ix":4},"sa":{"a":0,"k":0,"ix":5},"nm":"变换"}],"nm":"會","np":13,"cix":2,"bm":0,"ix":2,"mn":"ADBE Vector Group","hd":false},{"ty":"gr","it":[{"ind":0,"ty":"sh","ix":1,"ks":{"a":0,"k":{"i":[[0,0],[0,0],[0,0],[0,0]],"o":[[0,0],[0,0],[0,0],[0,0]],"v":[[164.275,-59.821],[164.275,-32.252],[211.558,-32.252],[211.558,-59.821]],"c":true},"ix":2},"nm":"是","mn":"ADBE Vector Shape - Group","hd":false},{"ind":1,"ty":"sh","ix":2,"ks":{"a":0,"k":{"i":[[0,0],[0,0],[0,0],[0,0]],"o":[[0,0],[0,0],[0,0],[0,0]],"v":[[203.778,-38.898],[172.131,-38.898],[172.131,-42.977],[203.778,-42.977]],"c":true},"ix":2},"nm":"是","mn":"ADBE Vector Shape - Group","hd":false},{"ind":2,"ty":"sh","ix":3,"ks":{"a":0,"k":{"i":[[0,0],[0,0],[0,0],[0,0]],"o":[[0,0],[0,0],[0,0],[0,0]],"v":[[172.131,-49.171],[172.131,-53.174],[203.778,-53.174],[203.778,-49.171]],"c":true},"ix":2},"nm":"是","mn":"ADBE Vector Shape - Group","hd":false},{"ind":3,"ty":"sh","ix":4,"ks":{"a":0,"k":{"i":[[0,0],[0,0],[0.755,0.227],[2.87,4.456],[-0.68,2.644],[0,0],[6.798,-5.287],[0,0],[-2.87,5.061],[-3.625,-1.511],[-12.538,-0.076],[-5.287,0],[0,0],[6.722,0],[3.399,0.302],[0,0],[0,0],[0,0],[0,0],[0,0],[0,0],[0,0],[0,0],[0,0]],"o":[[0,0],[-0.906,-0.227],[-3.701,-1.208],[0.906,-2.341],[0,0],[-2.417,8.762],[0,0],[4.305,-3.399],[2.87,4.23],[4.683,1.813],[4.23,0.076],[0,0],[-4.607,0.151],[-4.381,0],[0,0],[0,0],[0,0],[0,0],[0,0],[0,0],[0,0],[0,0],[0,0],[0,0]],"v":[[184.669,-21.149],[184.669,-1.737],[182.176,-2.417],[172.282,-10.876],[174.699,-18.354],[167.221,-19.638],[153.474,1.36],[158.611,7.931],[169.411,-4.758],[179.079,3.928],[204.836,6.798],[219.111,6.949],[221.301,-0.453],[204.307,-0.151],[192.599,-0.604],[192.599,-7.855],[213.446,-7.855],[213.446,-14.804],[192.599,-14.804],[192.599,-21.149],[221.528,-21.149],[221.528,-28.249],[154.079,-28.249],[154.079,-21.149]],"c":true},"ix":2},"nm":"是","mn":"ADBE Vector Shape - Group","hd":false},{"ty":"mm","mm":1,"nm":"合并路径 1","mn":"ADBE Vector Filter - Merge","hd":false},{"ty":"fl","c":{"a":0,"k":[0.596079987171,0.596079987171,0.596079987171,1],"ix":4},"o":{"a":0,"k":100,"ix":5},"r":1,"bm":0,"nm":"填充 1","mn":"ADBE Vector Graphic - Fill","hd":false},{"ty":"tr","p":{"a":0,"k":[0,0],"ix":2},"a":{"a":0,"k":[0,0],"ix":1},"s":{"a":0,"k":[100,100],"ix":3},"r":{"a":0,"k":0,"ix":6},"o":{"a":0,"k":100,"ix":7},"sk":{"a":0,"k":0,"ix":4},"sa":{"a":0,"k":0,"ix":5},"nm":"变换"}],"nm":"是","np":7,"cix":2,"bm":0,"ix":3,"mn":"ADBE Vector Group","hd":false}],"ip":10,"op":190,"st":10,"bm":0},{"ddd":0,"ind":23,"ty":4,"nm":"“什麼模樣”轮廓","sr":1,"ks":{"o":{"a":1,"k":[{"i":{"x":[0.833],"y":[0.833]},"o":{"x":[0.167],"y":[0.167]},"t":20,"s":[0]},{"i":{"x":[0.833],"y":[0.833]},"o":{"x":[0.167],"y":[0.167]},"t":40,"s":[100]},{"i":{"x":[0.833],"y":[0.833]},"o":{"x":[0.167],"y":[0.167]},"t":180,"s":[100]},{"t":189,"s":[0]}],"ix":11},"r":{"a":0,"k":0,"ix":10},"p":{"a":0,"k":[94,712,0],"ix":2},"a":{"a":0,"k":[0,0,0],"ix":1},"s":{"a":0,"k":[100,100,100],"ix":6}},"ao":0,"hasMask":true,"masksProperties":[{"inv":false,"mode":"a","pt":{"a":1,"k":[{"i":{"x":0.667,"y":1},"o":{"x":0.333,"y":0},"t":20,"s":[{"i":[[0,0],[0,0],[0,0],[0,0]],"o":[[0,0],[0,0],[0,0],[0,0]],"v":[[-39,-98],[-444.633,-98],[-444.633,47.395],[-39,47.395]],"c":true}]},{"i":{"x":0.667,"y":1},"o":{"x":0.333,"y":0},"t":40,"s":[{"i":[[0,0],[0,0],[0,0],[0,0]],"o":[[0,0],[0,0],[0,0],[0,0]],"v":[[550,-98],[-52.633,-98],[-52.633,47.395],[550,47.395]],"c":true}]},{"i":{"x":0.667,"y":1},"o":{"x":0.333,"y":0},"t":180,"s":[{"i":[[0,0],[0,0],[0,0],[0,0]],"o":[[0,0],[0,0],[0,0],[0,0]],"v":[[550,-98],[-52.633,-98],[-52.633,47.395],[550,47.395]],"c":true}]},{"t":189,"s":[{"i":[[0,0],[0,0],[0,0],[0,0]],"o":[[0,0],[0,0],[0,0],[0,0]],"v":[[743,-98],[337.367,-98],[337.367,47.395],[743,47.395]],"c":true}]}],"ix":1},"o":{"a":0,"k":100,"ix":3},"x":{"a":0,"k":0,"ix":4},"nm":"蒙版 1"}],"shapes":[{"ty":"gr","it":[{"ind":0,"ty":"sh","ix":1,"ks":{"a":0,"k":{"i":[[-2.266,2.87],[0,0],[0,0],[0,0],[-1.737,5.212],[0,0],[7.629,-8.611],[0,0]],"o":[[0,0],[0,0],[0,0],[2.719,-4.834],[0,0],[-3.701,11.632],[0,0],[2.568,-2.719]],"v":[[12.009,-32.252],[12.009,8.006],[19.865,8.006],[19.865,-43.959],[26.511,-59.065],[19.109,-62.54],[2.115,-32.176],[4.683,-23.943]],"c":true},"ix":2},"nm":"什","mn":"ADBE Vector Shape - Group","hd":false},{"ind":1,"ty":"sh","ix":2,"ks":{"a":0,"k":{"i":[[0,0],[0,0],[0,0],[0,0],[0,0],[0,0],[0,0],[0,0],[0,0],[0,0],[0,0],[0,0]],"o":[[0,0],[0,0],[0,0],[0,0],[0,0],[0,0],[0,0],[0,0],[0,0],[0,0],[0,0],[0,0]],"v":[[43.581,-61.935],[43.581,-38.068],[24.699,-38.068],[24.699,-30.212],[43.581,-30.212],[43.581,7.855],[51.739,7.855],[51.739,-30.212],[72.283,-30.212],[72.283,-38.068],[51.739,-38.068],[51.739,-61.935]],"c":true},"ix":2},"nm":"什","mn":"ADBE Vector Shape - Group","hd":false},{"ty":"mm","mm":1,"nm":"合并路径 1","mn":"ADBE Vector Filter - Merge","hd":false},{"ty":"fl","c":{"a":0,"k":[0.596079987171,0.596079987171,0.596079987171,1],"ix":4},"o":{"a":0,"k":100,"ix":5},"r":1,"bm":0,"nm":"填充 1","mn":"ADBE Vector Graphic - Fill","hd":false},{"ty":"tr","p":{"a":0,"k":[0,0],"ix":2},"a":{"a":0,"k":[0,0],"ix":1},"s":{"a":0,"k":[100,100],"ix":3},"r":{"a":0,"k":0,"ix":6},"o":{"a":0,"k":100,"ix":7},"sk":{"a":0,"k":0,"ix":4},"sa":{"a":0,"k":0,"ix":5},"nm":"变换"}],"nm":"什","np":5,"cix":2,"bm":0,"ix":1,"mn":"ADBE Vector Group","hd":false},{"ty":"gr","it":[{"ind":0,"ty":"sh","ix":1,"ks":{"a":0,"k":{"i":[[0,0],[-1.737,-2.039],[0,0],[2.719,1.662],[0,0],[0,0],[0,0],[0,0],[0,0],[0,0],[0,0],[0,0],[0,0],[0,0],[0,0],[4.91,-2.493],[0,0],[0,0],[0,0],[0,0],[0.755,1.511],[0,0],[-0.755,-1.435],[0,0],[0,0],[3.474,-7.629],[0,0],[-0.302,14.955],[0,0],[-2.266,2.87],[0,0],[0,0]],"o":[[1.36,1.435],[0,0],[-2.719,-1.888],[0,0],[0,0],[0,0],[0,0],[0,0],[0,0],[0,0],[0,0],[0,0],[0,0],[0,0],[-2.341,3.474],[0,0],[0,0],[0,0],[0,0],[-0.755,-1.888],[0,0],[0.755,1.133],[0,0],[0,0],[-0.151,13.596],[0,0],[4.305,-9.064],[0,0],[3.172,-2.266],[0,0],[0,0],[0,0]],"v":[[107.932,-33.309],[112.539,-28.098],[116.013,-33.309],[107.932,-38.596],[107.932,-39.729],[116.089,-39.729],[116.089,-45.621],[107.932,-45.621],[107.932,-49.624],[101.134,-49.624],[101.134,-45.621],[92.599,-45.621],[92.599,-39.729],[101.134,-39.729],[101.134,-39.427],[90.257,-30.515],[90.257,-50.983],[145.47,-50.983],[145.47,-57.63],[118.581,-57.63],[116.315,-62.691],[108.611,-61.482],[110.877,-57.63],[82.78,-57.63],[82.78,-30.061],[77.341,1.813],[83.308,7.1],[90.257,-28.928],[92.901,-24.548],[101.134,-32.176],[101.134,-24.17],[107.932,-24.17]],"c":true},"ix":2},"nm":"麼","mn":"ADBE Vector Shape - Group","hd":false},{"ind":1,"ty":"sh","ix":2,"ks":{"a":0,"k":{"i":[[0,0],[3.474,-2.417],[0,0],[-1.813,5.891],[0,0],[0,0],[0,0],[0,0],[0,0],[-3.625,-4.91],[0,0],[1.662,3.928],[0,0],[0,0],[0,0],[0,0],[0,0],[0,0],[0,0],[0,0]],"o":[[-1.737,3.625],[0,0],[3.928,-3.928],[0,0],[0,0],[0,0],[0,0],[0,0],[1.511,5.891],[0,0],[-3.55,-3.172],[0,0],[0,0],[0,0],[0,0],[0,0],[0,0],[0,0],[0,0],[0,0]],"v":[[123.34,-39.729],[115.485,-30.59],[118.884,-25.001],[127.57,-39.729],[127.721,-39.729],[127.721,-24.17],[134.518,-24.17],[134.518,-39.729],[134.821,-39.729],[142.449,-23.49],[146.754,-29.004],[138.975,-39.729],[143.884,-39.729],[143.884,-45.621],[134.518,-45.621],[134.518,-49.624],[127.721,-49.624],[127.721,-45.621],[118.43,-45.621],[118.43,-39.729]],"c":true},"ix":2},"nm":"麼","mn":"ADBE Vector Shape - Group","hd":false},{"ind":2,"ty":"sh","ix":3,"ks":{"a":0,"k":{"i":[[4.985,6.042],[0,0],[-1.284,-1.737],[8.006,-0.755],[-9.29,7.704],[0,0],[2.417,-2.039],[4.154,-0.151],[-3.021,3.474],[0,0],[2.87,-1.208],[1.662,-0.227],[0,0],[-5.136,0.227],[4.154,-1.813],[2.417,-0.227],[0,0],[-10.725,1.737],[-1.057,-1.813],[0,0]],"o":[[0,0],[1.36,1.737],[-6.042,1.057],[6.873,-4.003],[0,0],[-2.568,2.266],[-4.154,0.227],[3.474,-2.417],[0,0],[-4.456,4.985],[-1.511,0.68],[0,0],[5.665,-0.151],[-4.985,3.474],[-1.888,0.68],[0,0],[16.843,-1.057],[1.208,1.813],[0,0],[-2.719,-4.532]],"v":[[133.914,-12.387],[127.947,-8.611],[131.875,-3.399],[110.802,-0.755],[135.047,-18.354],[128.023,-21.828],[120.545,-15.333],[108.083,-14.729],[117.902,-23.49],[110.651,-25.227],[99.699,-16.013],[94.865,-14.653],[96.375,-8.535],[112.539,-9.139],[98.792,-1.208],[92.372,0.151],[94.487,6.571],[135.878,2.341],[139.352,7.855],[145.546,3.474]],"c":true},"ix":2},"nm":"麼","mn":"ADBE Vector Shape - Group","hd":false},{"ty":"mm","mm":1,"nm":"合并路径 1","mn":"ADBE Vector Filter - Merge","hd":false},{"ty":"fl","c":{"a":0,"k":[0.596079987171,0.596079987171,0.596079987171,1],"ix":4},"o":{"a":0,"k":100,"ix":5},"r":1,"bm":0,"nm":"填充 1","mn":"ADBE Vector Graphic - Fill","hd":false},{"ty":"tr","p":{"a":0,"k":[0,0],"ix":2},"a":{"a":0,"k":[0,0],"ix":1},"s":{"a":0,"k":[100,100],"ix":3},"r":{"a":0,"k":0,"ix":6},"o":{"a":0,"k":100,"ix":7},"sk":{"a":0,"k":0,"ix":4},"sa":{"a":0,"k":0,"ix":5},"nm":"变换"}],"nm":"麼","np":6,"cix":2,"bm":0,"ix":2,"mn":"ADBE Vector Group","hd":false},{"ty":"gr","it":[{"ind":0,"ty":"sh","ix":1,"ks":{"a":0,"k":{"i":[[0,0],[0,0],[0,0],[0,0],[0,0],[0,0],[0,0],[0,0],[0,0],[0,0],[0,0],[0,0],[0,0],[0,0],[0,0],[0,0],[0,0],[0,0],[0,0],[0,0]],"o":[[0,0],[0,0],[0,0],[0,0],[0,0],[0,0],[0,0],[0,0],[0,0],[0,0],[0,0],[0,0],[0,0],[0,0],[0,0],[0,0],[0,0],[0,0],[0,0],[0,0]],"v":[[176.36,-56.346],[176.36,-49.397],[186.255,-49.397],[186.255,-44.941],[193.581,-44.941],[193.581,-49.397],[203.476,-49.397],[203.476,-44.941],[210.878,-44.941],[210.878,-49.397],[221.754,-49.397],[221.754,-56.346],[210.878,-56.346],[210.878,-61.784],[203.476,-61.784],[203.476,-56.346],[193.581,-56.346],[193.581,-61.784],[186.255,-61.784],[186.255,-56.346]],"c":true},"ix":2},"nm":"模","mn":"ADBE Vector Shape - Group","hd":false},{"ind":1,"ty":"sh","ix":2,"ks":{"a":0,"k":{"i":[[-0.831,1.36],[-8.913,-3.928],[0,0],[4.079,3.928],[0,0],[0,0],[0,0],[-0.227,1.36],[0,0],[0,0],[0,0],[0,0],[0,0],[0.378,-1.284],[0,0],[0,0],[0,0],[0.302,-0.378],[7.175,-1.964],[0,0],[-3.474,4.456]],"o":[[4.079,5.816],[0,0],[-7.704,-2.568],[0,0],[0,0],[0,0],[0.302,-1.284],[0,0],[0,0],[0,0],[0,0],[0,0],[-0.302,1.36],[0,0],[0,0],[0,0],[-0.151,0.227],[-3.172,3.625],[0,0],[8.762,-2.568],[0.906,-1.208]],"v":[[197.962,-6.345],[217.525,8.233],[222.887,1.888],[205.289,-7.931],[221.906,-7.931],[221.906,-15.031],[201.286,-15.031],[202.041,-19.034],[217.223,-19.034],[217.223,-43.279],[179.759,-43.279],[179.759,-19.034],[195.092,-19.034],[194.11,-15.031],[174.623,-15.031],[174.623,-7.931],[190.485,-7.931],[189.805,-7.024],[174.245,1.435],[176.965,7.931],[195.394,-2.568]],"c":true},"ix":2},"nm":"模","mn":"ADBE Vector Shape - Group","hd":false},{"ind":2,"ty":"sh","ix":3,"ks":{"a":0,"k":{"i":[[0,0],[-1.964,-3.701],[0,0],[3.021,3.55],[0,0],[0,0],[0,0],[0,0],[0,0],[0,0],[0,0],[0,0],[0,0],[0,0],[0,0],[4.683,-6.345],[0,0],[-1.964,5.514],[0,0],[0,0]],"o":[[1.511,2.568],[0,0],[-3.172,-4.305],[0,0],[0,0],[0,0],[0,0],[0,0],[0,0],[0,0],[0,0],[0,0],[0,0],[0,0],[-2.19,8.006],[0,0],[2.719,-4.758],[0,0],[0,0],[0,0]],"v":[[170.167,-28.098],[175.378,-18.732],[179.533,-25.001],[170.167,-36.784],[170.167,-40.711],[177.267,-40.711],[177.267,-47.887],[170.167,-47.887],[170.167,-61.558],[162.765,-61.558],[162.765,-47.887],[154.834,-47.887],[154.834,-40.711],[162.765,-40.711],[162.765,-40.031],[152.417,-18.505],[155.816,-9.743],[162.765,-25.152],[162.765,7.629],[170.167,7.629]],"c":true},"ix":2},"nm":"模","mn":"ADBE Vector Shape - Group","hd":false},{"ind":3,"ty":"sh","ix":4,"ks":{"a":0,"k":{"i":[[0,0],[0,0],[0,0],[0,0]],"o":[[0,0],[0,0],[0,0],[0,0]],"v":[[210.123,-24.925],[186.784,-24.925],[186.784,-28.249],[210.123,-28.249]],"c":true},"ix":2},"nm":"模","mn":"ADBE Vector Shape - Group","hd":false},{"ind":4,"ty":"sh","ix":5,"ks":{"a":0,"k":{"i":[[0,0],[0,0],[0,0],[0,0]],"o":[[0,0],[0,0],[0,0],[0,0]],"v":[[186.784,-33.989],[186.784,-37.237],[210.123,-37.237],[210.123,-33.989]],"c":true},"ix":2},"nm":"模","mn":"ADBE Vector Shape - Group","hd":false},{"ty":"mm","mm":1,"nm":"合并路径 1","mn":"ADBE Vector Filter - Merge","hd":false},{"ty":"fl","c":{"a":0,"k":[0.596079987171,0.596079987171,0.596079987171,1],"ix":4},"o":{"a":0,"k":100,"ix":5},"r":1,"bm":0,"nm":"填充 1","mn":"ADBE Vector Graphic - Fill","hd":false},{"ty":"tr","p":{"a":0,"k":[0,0],"ix":2},"a":{"a":0,"k":[0,0],"ix":1},"s":{"a":0,"k":[100,100],"ix":3},"r":{"a":0,"k":0,"ix":6},"o":{"a":0,"k":100,"ix":7},"sk":{"a":0,"k":0,"ix":4},"sa":{"a":0,"k":0,"ix":5},"nm":"变换"}],"nm":"模","np":8,"cix":2,"bm":0,"ix":3,"mn":"ADBE Vector Group","hd":false},{"ty":"gr","it":[{"ind":0,"ty":"sh","ix":1,"ks":{"a":0,"k":{"i":[[0,0],[-1.284,-2.719],[0,0],[2.568,3.097],[0,0],[0,0],[0,0],[0,0],[0,0],[0,0],[0,0],[0,0],[0,0],[0,0],[3.928,-6.949],[0,0],[-1.662,5.438],[0,0],[0,0]],"o":[[1.057,2.039],[0,0],[-2.568,-3.777],[0,0],[0,0],[0,0],[0,0],[0,0],[0,0],[0,0],[0,0],[0,0],[0,0],[-1.888,8.913],[0,0],[2.266,-4.532],[0,0],[0,0],[0,0]],"v":[[244.26,-27.191],[247.735,-20.016],[251.965,-26.36],[244.26,-36.633],[244.26,-40.636],[250.605,-40.636],[250.605,-47.962],[244.26,-47.962],[244.26,-62.011],[236.707,-62.011],[236.707,-47.962],[229.079,-47.962],[229.079,-40.636],[235.876,-40.636],[227.115,-16.768],[230.816,-9.97],[236.707,-24.925],[236.707,7.931],[244.26,7.931]],"c":true},"ix":2},"nm":"樣","mn":"ADBE Vector Shape - Group","hd":false},{"ind":1,"ty":"sh","ix":2,"ks":{"a":0,"k":{"i":[[0,0],[0,0],[0,0],[0,0],[0,0],[0,0],[0,0],[0,0],[0,0],[0,0],[0,0],[0,0],[0,0],[0,0],[0,0],[0,0],[0,0],[0,0],[0,0],[0,0],[0,0],[-0.604,2.115],[0,0],[0.906,-2.266],[0,0],[0.831,1.964],[0,0],[-0.831,-2.039]],"o":[[0,0],[0,0],[0,0],[0,0],[0,0],[0,0],[0,0],[0,0],[0,0],[0,0],[0,0],[0,0],[0,0],[0,0],[0,0],[0,0],[0,0],[0,0],[0,0],[0,0],[0.906,-1.813],[0,0],[-0.529,2.417],[0,0],[-0.755,-2.568],[0,0],[0.906,1.737],[0,0]],"v":[[252.644,-55.289],[252.644,-49.397],[270.319,-49.397],[270.319,-46.376],[255.515,-46.376],[255.515,-40.787],[270.319,-40.787],[270.319,-37.539],[251.436,-37.539],[251.436,-31.572],[296.754,-31.572],[296.754,-37.539],[277.947,-37.539],[277.947,-40.787],[292.902,-40.787],[292.902,-46.376],[277.947,-46.376],[277.947,-49.397],[295.319,-49.397],[295.319,-55.289],[286.105,-55.289],[288.371,-61.256],[280.742,-62.313],[278.551,-55.289],[269.714,-55.289],[267.297,-62.162],[259.593,-60.954],[262.237,-55.289]],"c":true},"ix":2},"nm":"樣","mn":"ADBE Vector Shape - Group","hd":false},{"ind":2,"ty":"sh","ix":3,"ks":{"a":0,"k":{"i":[[0,0],[0,0],[0,4.23],[0,0],[-6.118,-3.852],[0,0],[3.777,3.928],[-3.625,3.701],[0,0],[4.079,-1.888],[0.453,0.906],[0,0],[0,0],[0,0],[0,0],[0,0],[1.133,0],[0,0]],"o":[[0,0],[5.061,0],[0,0],[3.777,5.136],[0,0],[-5.665,-2.795],[4.532,-2.115],[0,0],[-3.55,3.625],[-0.529,-0.755],[0,0],[0,0],[0,0],[0,0],[0,0],[0,1.511],[0,0],[0,0]],"v":[[265.636,7.78],[270.923,7.78],[278.551,1.36],[278.551,-6.798],[293.356,6.722],[298.341,0.831],[284.216,-9.29],[296.452,-17.976],[291.543,-22.81],[280.062,-14.502],[278.551,-16.994],[278.551,-23.49],[256.496,-23.49],[256.496,-17.599],[271.149,-17.599],[271.149,-0.906],[269.412,1.36],[263.823,1.057]],"c":true},"ix":2},"nm":"樣","mn":"ADBE Vector Shape - Group","hd":false},{"ind":3,"ty":"sh","ix":4,"ks":{"a":0,"k":{"i":[[6.798,0.906],[0,0],[-6.42,-1.813],[0,0]],"o":[[0,0],[6.873,0.906],[0,0],[-6.269,-1.662]],"v":[[266.769,-31.194],[264.276,-26.436],[284.216,-22.282],[286.331,-27.342]],"c":true},"ix":2},"nm":"樣","mn":"ADBE Vector Shape - Group","hd":false},{"ind":4,"ty":"sh","ix":5,"ks":{"a":0,"k":{"i":[[0,0],[0,0],[0,0],[6.042,-2.493],[0,0],[-2.568,7.553],[0,0]],"o":[[0,0],[0,0],[-2.568,4.381],[0,0],[8.233,-3.928],[0,0],[0,0]],"v":[[251.36,-14.729],[251.36,-8.686],[261.179,-8.686],[248.188,1.586],[252.72,7.553],[268.959,-9.743],[268.959,-14.729]],"c":true},"ix":2},"nm":"樣","mn":"ADBE Vector Shape - Group","hd":false},{"ty":"mm","mm":1,"nm":"合并路径 1","mn":"ADBE Vector Filter - Merge","hd":false},{"ty":"fl","c":{"a":0,"k":[0.596079987171,0.596079987171,0.596079987171,1],"ix":4},"o":{"a":0,"k":100,"ix":5},"r":1,"bm":0,"nm":"填充 1","mn":"ADBE Vector Graphic - Fill","hd":false},{"ty":"tr","p":{"a":0,"k":[0,0],"ix":2},"a":{"a":0,"k":[0,0],"ix":1},"s":{"a":0,"k":[100,100],"ix":3},"r":{"a":0,"k":0,"ix":6},"o":{"a":0,"k":100,"ix":7},"sk":{"a":0,"k":0,"ix":4},"sa":{"a":0,"k":0,"ix":5},"nm":"变换"}],"nm":"樣","np":8,"cix":2,"bm":0,"ix":4,"mn":"ADBE Vector Group","hd":false}],"ip":20,"op":190,"st":20,"bm":0}],"markers":[]}