{
  "ABIRoot": {
    "kind": "Root",
    "name": "GMPaymentSDK",
    "printedName": "GMPaymentSDK",
    "children": [
      {
        "kind": "Import",
        "name": "UIKit",
        "printedName": "UIKit",
        "declKind": "Import",
        "moduleName": "GMPaymentSDK",
        "declAttributes": [
          "RawDocComment"
        ]
      },
      {
        "kind": "Import",
        "name": "Foundation",
        "printedName": "Foundation",
        "declKind": "Import",
        "moduleName": "GMPaymentSDK"
      },
      {
        "kind": "TypeDecl",
        "name": "Co_pay_GMPayStoreKit2Manager",
        "printedName": "Co_pay_GMPayStoreKit2Manager",
        "children": [
          {
            "kind": "Function",
            "name": "storeKit2Test",
            "printedName": "storeKit2Test()",
            "children": [
              {
                "kind": "TypeNominal",
                "name": "Void",
                "printedName": "()"
              }
            ],
            "declKind": "Func",
            "usr": "c:@M@GMPaymentSDK@objc(cs)Co_pay_GMPayStoreKit2Manager(cm)storeKit2Test",
            "mangledName": "$s12GMPaymentSDK28Co_pay_GMPayStoreKit2ManagerC05storeG4TestyyFZ",
            "moduleName": "GMPaymentSDK",
            "static": true,
            "declAttributes": [
              "AccessControl",
              "ObjC"
            ],
            "funcSelfKind": "NonMutating"
          },
          {
            "kind": "Function",
            "name": "callOCMethod",
            "printedName": "callOCMethod()",
            "children": [
              {
                "kind": "TypeNominal",
                "name": "Void",
                "printedName": "()"
              }
            ],
            "declKind": "Func",
            "usr": "c:@M@GMPaymentSDK@objc(cs)Co_pay_GMPayStoreKit2Manager(cm)callOCMethod",
            "mangledName": "$s12GMPaymentSDK28Co_pay_GMPayStoreKit2ManagerC12callOCMethodyyFZ",
            "moduleName": "GMPaymentSDK",
            "static": true,
            "declAttributes": [
              "AccessControl",
              "ObjC"
            ],
            "funcSelfKind": "NonMutating"
          },
          {
            "kind": "Constructor",
            "name": "init",
            "printedName": "init()",
            "children": [
              {
                "kind": "TypeNominal",
                "name": "Co_pay_GMPayStoreKit2Manager",
                "printedName": "GMPaymentSDK.Co_pay_GMPayStoreKit2Manager",
                "usr": "c:@M@GMPaymentSDK@objc(cs)Co_pay_GMPayStoreKit2Manager"
              }
            ],
            "declKind": "Constructor",
            "usr": "c:@M@GMPaymentSDK@objc(cs)Co_pay_GMPayStoreKit2Manager(im)init",
            "mangledName": "$s12GMPaymentSDK28Co_pay_GMPayStoreKit2ManagerCACycfc",
            "moduleName": "GMPaymentSDK",
            "overriding": true,
            "implicit": true,
            "objc_name": "init",
            "declAttributes": [
              "Dynamic",
              "ObjC",
              "Override"
            ],
            "init_kind": "Designated"
          }
        ],
        "declKind": "Class",
        "usr": "c:@M@GMPaymentSDK@objc(cs)Co_pay_GMPayStoreKit2Manager",
        "mangledName": "$s12GMPaymentSDK28Co_pay_GMPayStoreKit2ManagerC",
        "moduleName": "GMPaymentSDK",
        "declAttributes": [
          "AccessControl",
          "ObjC"
        ],
        "superclassUsr": "c:objc(cs)NSObject",
        "inheritsConvenienceInitializers": true,
        "superclassNames": [
          "ObjectiveC.NSObject"
        ],
        "conformances": [
          {
            "kind": "Conformance",
            "name": "Copyable",
            "printedName": "Copyable",
            "usr": "s:s8CopyableP",
            "mangledName": "$ss8CopyableP"
          },
          {
            "kind": "Conformance",
            "name": "Escapable",
            "printedName": "Escapable",
            "usr": "s:s9EscapableP",
            "mangledName": "$ss9EscapableP"
          },
          {
            "kind": "Conformance",
            "name": "Equatable",
            "printedName": "Equatable",
            "usr": "s:SQ",
            "mangledName": "$sSQ"
          },
          {
            "kind": "Conformance",
            "name": "Hashable",
            "printedName": "Hashable",
            "usr": "s:SH",
            "mangledName": "$sSH"
          },
          {
            "kind": "Conformance",
            "name": "CVarArg",
            "printedName": "CVarArg",
            "usr": "s:s7CVarArgP",
            "mangledName": "$ss7CVarArgP"
          },
          {
            "kind": "Conformance",
            "name": "_KeyValueCodingAndObservingPublishing",
            "printedName": "_KeyValueCodingAndObservingPublishing",
            "usr": "s:10Foundation37_KeyValueCodingAndObservingPublishingP",
            "mangledName": "$s10Foundation37_KeyValueCodingAndObservingPublishingP"
          },
          {
            "kind": "Conformance",
            "name": "_KeyValueCodingAndObserving",
            "printedName": "_KeyValueCodingAndObserving",
            "usr": "s:10Foundation27_KeyValueCodingAndObservingP",
            "mangledName": "$s10Foundation27_KeyValueCodingAndObservingP"
          },
          {
            "kind": "Conformance",
            "name": "CustomStringConvertible",
            "printedName": "CustomStringConvertible",
            "usr": "s:s23CustomStringConvertibleP",
            "mangledName": "$ss23CustomStringConvertibleP"
          },
          {
            "kind": "Conformance",
            "name": "CustomDebugStringConvertible",
            "printedName": "CustomDebugStringConvertible",
            "usr": "s:s28CustomDebugStringConvertibleP",
            "mangledName": "$ss28CustomDebugStringConvertibleP"
          }
        ]
      }
    ],
    "json_format_version": 8
  },
  "ConstValues": []
}