{"v":"5.6.8","fr":30,"ip":0,"op":189,"w":1125,"h":1050,"nm":"订阅视频-变性-多语言","ddd":0,"assets":[],"layers":[{"ddd":0,"ind":29,"ty":4,"nm":"“전환”轮廓","sr":1,"ks":{"o":{"a":1,"k":[{"i":{"x":[0.833],"y":[0.833]},"o":{"x":[0.167],"y":[0.167]},"t":20,"s":[0]},{"i":{"x":[0.833],"y":[0.833]},"o":{"x":[0.167],"y":[0.167]},"t":40,"s":[100]},{"i":{"x":[0.833],"y":[0.833]},"o":{"x":[0.167],"y":[0.167]},"t":180,"s":[100]},{"t":189,"s":[0]}],"ix":11},"r":{"a":0,"k":0,"ix":10},"p":{"a":0,"k":[62,688,0],"ix":2},"a":{"a":0,"k":[0,0,0],"ix":1},"s":{"a":0,"k":[100,100,100],"ix":6}},"ao":0,"hasMask":true,"masksProperties":[{"inv":false,"mode":"a","pt":{"a":1,"k":[{"i":{"x":0.667,"y":1},"o":{"x":0.333,"y":0},"t":20,"s":[{"i":[[0,0],[0,0],[0,0],[0,0]],"o":[[0,0],[0,0],[0,0],[0,0]],"v":[[-39,-98],[-444.633,-98],[-444.633,47.395],[-39,47.395]],"c":true}]},{"i":{"x":0.667,"y":1},"o":{"x":0.333,"y":0},"t":40,"s":[{"i":[[0,0],[0,0],[0,0],[0,0]],"o":[[0,0],[0,0],[0,0],[0,0]],"v":[[550,-98],[-52.633,-98],[-52.633,47.395],[550,47.395]],"c":true}]},{"i":{"x":0.667,"y":1},"o":{"x":0.333,"y":0},"t":180,"s":[{"i":[[0,0],[0,0],[0,0],[0,0]],"o":[[0,0],[0,0],[0,0],[0,0]],"v":[[550,-98],[-52.633,-98],[-52.633,47.395],[550,47.395]],"c":true}]},{"t":189,"s":[{"i":[[0,0],[0,0],[0,0],[0,0]],"o":[[0,0],[0,0],[0,0],[0,0]],"v":[[743,-98],[337.367,-98],[337.367,47.395],[743,47.395]],"c":true}]}],"ix":1},"o":{"a":0,"k":100,"ix":3},"x":{"a":0,"k":0,"ix":4},"nm":"蒙版 1"}],"shapes":[{"ty":"gr","it":[{"ind":0,"ty":"sh","ix":1,"ks":{"a":0,"k":{"i":[[0,0],[0,0],[0,0],[7.738,-2.808],[0,0],[-1.917,5.752],[-5.342,-2.123],[0,0],[0,8.492],[0,0],[0,0],[0,0],[0,0]],"o":[[0,0],[0,0],[0,8.355],[0,0],[6.232,-2.534],[2.465,5.479],[0,0],[-6.78,-2.054],[0,0],[0,0],[0,0],[0,0],[0,0]],"v":[[4.246,-44.924],[17.463,-44.924],[17.463,-41.979],[2.465,-22.599],[6.026,-17.805],[20.613,-32.529],[34.241,-19.517],[37.596,-24.379],[23.626,-42.116],[23.626,-44.924],[36.501,-44.924],[36.501,-49.923],[4.246,-49.923]],"c":true},"ix":2},"nm":"전","mn":"ADBE Vector Shape - Group","hd":false},{"ind":1,"ty":"sh","ix":2,"ks":{"a":0,"k":{"i":[[0,0],[0,0],[0,0],[0,0],[0,0],[0,0],[0,0],[0,0]],"o":[[0,0],[0,0],[0,0],[0,0],[0,0],[0,0],[0,0],[0,0]],"v":[[51.703,-11.368],[51.703,-55.059],[45.609,-55.059],[45.609,-38.76],[34.104,-38.76],[34.104,-33.83],[45.609,-33.83],[45.609,-11.368]],"c":true},"ix":2},"nm":"전","mn":"ADBE Vector Shape - Group","hd":false},{"ind":2,"ty":"sh","ix":3,"ks":{"a":0,"k":{"i":[[0,0],[0,0],[0,0],[0,0],[0,0],[0,0]],"o":[[0,0],[0,0],[0,0],[0,0],[0,0],[0,0]],"v":[[53.005,2.945],[53.005,-1.986],[18.353,-1.986],[18.353,-15.614],[12.327,-15.614],[12.327,2.945]],"c":true},"ix":2},"nm":"전","mn":"ADBE Vector Shape - Group","hd":false},{"ty":"mm","mm":1,"nm":"合并路径 1","mn":"ADBE Vector Filter - Merge","hd":false},{"ty":"fl","c":{"a":0,"k":[0.596079987171,0.596079987171,0.596079987171,1],"ix":4},"o":{"a":0,"k":100,"ix":5},"r":1,"bm":0,"nm":"填充 1","mn":"ADBE Vector Graphic - Fill","hd":false},{"ty":"tr","p":{"a":0,"k":[0,0],"ix":2},"a":{"a":0,"k":[0,0],"ix":1},"s":{"a":0,"k":[100,100],"ix":3},"r":{"a":0,"k":0,"ix":6},"o":{"a":0,"k":100,"ix":7},"sk":{"a":0,"k":0,"ix":4},"sa":{"a":0,"k":0,"ix":5},"nm":"变换"}],"nm":"전","np":6,"cix":2,"bm":0,"ix":1,"mn":"ADBE Vector Group","hd":false},{"ty":"gr","it":[{"ind":0,"ty":"sh","ix":1,"ks":{"a":0,"k":{"i":[[-4.383,0.616],[0,0],[5.684,-0.274],[0,0],[0,4.725],[7.738,0],[0,-5.479],[-6.3,-0.685],[0,0],[4.588,0],[0,0],[-6.78,0.342]],"o":[[0,0],[-3.356,0.479],[0,0],[6.163,-0.753],[0,-5.547],[-7.738,0],[0,4.725],[0,0],[-5.752,0.205],[0,0],[4.109,0],[6.848,-0.342]],"v":[[98.744,-15.477],[98.128,-20.065],[82.856,-18.764],[82.856,-22.325],[93.608,-30.611],[79.706,-39.24],[65.873,-30.611],[76.761,-22.325],[76.761,-18.49],[60.12,-18.216],[61.011,-13.217],[79.706,-13.833]],"c":true},"ix":2},"nm":"환","mn":"ADBE Vector Shape - Group","hd":false},{"ind":1,"ty":"sh","ix":2,"ks":{"a":0,"k":{"i":[[0,0],[0,0],[0,0],[0,0],[0,0],[0,0],[0,0],[0,0]],"o":[[0,0],[0,0],[0,0],[0,0],[0,0],[0,0],[0,0],[0,0]],"v":[[116.823,-28.762],[116.823,-33.898],[107.921,-33.898],[107.921,-55.059],[101.963,-55.059],[101.963,-9.108],[107.921,-9.108],[107.921,-28.762]],"c":true},"ix":2},"nm":"환","mn":"ADBE Vector Shape - Group","hd":false},{"ind":2,"ty":"sh","ix":3,"ks":{"a":0,"k":{"i":[[0,0],[0,0],[0,0],[0,0],[0,0],[0,0]],"o":[[0,0],[0,0],[0,0],[0,0],[0,0],[0,0]],"v":[[109.496,3.63],[109.496,-1.233],[75.46,-1.233],[75.46,-10.957],[69.365,-10.957],[69.365,3.63]],"c":true},"ix":2},"nm":"환","mn":"ADBE Vector Shape - Group","hd":false},{"ind":3,"ty":"sh","ix":4,"ks":{"a":0,"k":{"i":[[0,0],[0,0],[0,0],[0,0]],"o":[[0,0],[0,0],[0,0],[0,0]],"v":[[96.895,-41.294],[96.895,-46.02],[62.312,-46.02],[62.312,-41.294]],"c":true},"ix":2},"nm":"환","mn":"ADBE Vector Shape - Group","hd":false},{"ind":4,"ty":"sh","ix":5,"ks":{"a":0,"k":{"i":[[0,-2.534],[4.657,0],[0,2.397],[-4.657,0]],"o":[[0,2.397],[-4.588,0],[0,-2.534],[4.657,0]],"v":[[87.719,-30.611],[79.706,-26.639],[71.762,-30.611],[79.706,-34.652]],"c":true},"ix":2},"nm":"환","mn":"ADBE Vector Shape - Group","hd":false},{"ind":5,"ty":"sh","ix":6,"ks":{"a":0,"k":{"i":[[0,0],[0,0],[0,0],[0,0]],"o":[[0,0],[0,0],[0,0],[0,0]],"v":[[88.335,-48.964],[88.335,-53.758],[71.625,-53.758],[71.625,-48.964]],"c":true},"ix":2},"nm":"환","mn":"ADBE Vector Shape - Group","hd":false},{"ty":"mm","mm":1,"nm":"合并路径 1","mn":"ADBE Vector Filter - Merge","hd":false},{"ty":"fl","c":{"a":0,"k":[0.596079987171,0.596079987171,0.596079987171,1],"ix":4},"o":{"a":0,"k":100,"ix":5},"r":1,"bm":0,"nm":"填充 1","mn":"ADBE Vector Graphic - Fill","hd":false},{"ty":"tr","p":{"a":0,"k":[0,0],"ix":2},"a":{"a":0,"k":[0,0],"ix":1},"s":{"a":0,"k":[100,100],"ix":3},"r":{"a":0,"k":0,"ix":6},"o":{"a":0,"k":100,"ix":7},"sk":{"a":0,"k":0,"ix":4},"sa":{"a":0,"k":0,"ix":5},"nm":"变换"}],"nm":"환","np":9,"cix":2,"bm":0,"ix":2,"mn":"ADBE Vector Group","hd":false}],"ip":20,"op":190,"st":20,"bm":0},{"ddd":0,"ind":31,"ty":4,"nm":"“성별”轮廓","sr":1,"ks":{"o":{"a":1,"k":[{"i":{"x":[0.833],"y":[0.833]},"o":{"x":[0.167],"y":[0.167]},"t":10,"s":[0]},{"i":{"x":[0.833],"y":[0.833]},"o":{"x":[0.167],"y":[0.167]},"t":30,"s":[100]},{"i":{"x":[0.833],"y":[0.833]},"o":{"x":[0.167],"y":[0.167]},"t":180,"s":[100]},{"t":189,"s":[0]}],"ix":11},"r":{"a":0,"k":0,"ix":10},"p":{"a":0,"k":[62,596,0],"ix":2},"a":{"a":0,"k":[0,0,0],"ix":1},"s":{"a":0,"k":[100,100,100],"ix":6}},"ao":0,"hasMask":true,"masksProperties":[{"inv":false,"mode":"a","pt":{"a":1,"k":[{"i":{"x":0.667,"y":1},"o":{"x":0.333,"y":0},"t":10,"s":[{"i":[[0,0],[0,0],[0,0],[0,0]],"o":[[0,0],[0,0],[0,0],[0,0]],"v":[[-48,-101],[-365.648,-101],[-365.648,48.859],[-48,48.859]],"c":true}]},{"i":{"x":0.667,"y":1},"o":{"x":0.333,"y":0},"t":30,"s":[{"i":[[0,0],[0,0],[0,0],[0,0]],"o":[[0,0],[0,0],[0,0],[0,0]],"v":[[520,-101],[-42.648,-101],[-42.648,48.859],[520,48.859]],"c":true}]},{"i":{"x":0.667,"y":1},"o":{"x":0.333,"y":0},"t":180,"s":[{"i":[[0,0],[0,0],[0,0],[0,0]],"o":[[0,0],[0,0],[0,0],[0,0]],"v":[[520,-101],[-42.648,-101],[-42.648,48.859],[520,48.859]],"c":true}]},{"t":189,"s":[{"i":[[0,0],[0,0],[0,0],[0,0]],"o":[[0,0],[0,0],[0,0],[0,0]],"v":[[587,-102],[269.352,-102],[269.352,47.859],[587,47.859]],"c":true}]}],"ix":1},"o":{"a":0,"k":100,"ix":3},"x":{"a":0,"k":0,"ix":4},"nm":"蒙版 1"}],"shapes":[{"ty":"gr","it":[{"ind":0,"ty":"sh","ix":1,"ks":{"a":0,"k":{"i":[[0,0],[0,0],[0,0],[0,0],[0,0],[0,0],[0,0],[0,0]],"o":[[0,0],[0,0],[0,0],[0,0],[0,0],[0,0],[0,0],[0,0]],"v":[[45.609,-36.706],[45.609,-18.49],[51.703,-18.49],[51.703,-55.059],[45.609,-55.059],[45.609,-41.637],[34.104,-41.637],[34.104,-36.706]],"c":true},"ix":2},"nm":"성","mn":"ADBE Vector Shape - Group","hd":false},{"ind":1,"ty":"sh","ix":2,"ks":{"a":0,"k":{"i":[[0,7.122],[12.943,0],[0,-7.122],[-12.806,0]],"o":[[0,-7.122],[-12.806,0],[0,7.122],[12.943,0]],"v":[[52.183,-6.78],[31.981,-18.422],[11.847,-6.78],[31.981,4.794]],"c":true},"ix":2},"nm":"성","mn":"ADBE Vector Shape - Group","hd":false},{"ind":2,"ty":"sh","ix":3,"ks":{"a":0,"k":{"i":[[-8.766,0],[0,-4.177],[8.903,0],[0,4.177]],"o":[[8.903,0],[0,4.177],[-8.766,0],[0,-4.177]],"v":[[31.981,-13.559],[46.02,-6.78],[31.981,-0.068],[18.011,-6.78]],"c":true},"ix":2},"nm":"성","mn":"ADBE Vector Shape - Group","hd":false},{"ind":3,"ty":"sh","ix":4,"ks":{"a":0,"k":{"i":[[0,0],[0,9.45],[0,0],[0,0],[0,0],[8.629,-3.698],[0,0],[-1.849,6.232],[-5.342,-2.397]],"o":[[-6.848,-2.397],[0,0],[0,0],[0,0],[0,9.382],[0,0],[6.437,-2.945],[2.397,5.958],[0,0]],"v":[[36.911,-27.187],[22.804,-45.951],[22.804,-51.703],[16.641,-51.703],[16.641,-45.677],[1.644,-25.407],[5.41,-20.681],[19.791,-35.679],[33.35,-22.462]],"c":true},"ix":2},"nm":"성","mn":"ADBE Vector Shape - Group","hd":false},{"ty":"mm","mm":1,"nm":"合并路径 1","mn":"ADBE Vector Filter - Merge","hd":false},{"ty":"fl","c":{"a":0,"k":[0.596079987171,0.596079987171,0.596079987171,1],"ix":4},"o":{"a":0,"k":100,"ix":5},"r":1,"bm":0,"nm":"填充 1","mn":"ADBE Vector Graphic - Fill","hd":false},{"ty":"tr","p":{"a":0,"k":[0,0],"ix":2},"a":{"a":0,"k":[0,0],"ix":1},"s":{"a":0,"k":[100,100],"ix":3},"r":{"a":0,"k":0,"ix":6},"o":{"a":0,"k":100,"ix":7},"sk":{"a":0,"k":0,"ix":4},"sa":{"a":0,"k":0,"ix":5},"nm":"变换"}],"nm":"성","np":7,"cix":2,"bm":0,"ix":1,"mn":"ADBE Vector Group","hd":false},{"ty":"gr","it":[{"ind":0,"ty":"sh","ix":1,"ks":{"a":0,"k":{"i":[[0,0],[0,0],[0,0],[0,0],[0,0],[0,0],[0,0],[0,0]],"o":[[0,0],[0,0],[0,0],[0,0],[0,0],[0,0],[0,0],[0,0]],"v":[[91.006,-25.201],[91.006,-52.388],[84.979,-52.388],[84.979,-43.554],[69.913,-43.554],[69.913,-52.32],[63.818,-52.32],[63.818,-25.201]],"c":true},"ix":2},"nm":"별","mn":"ADBE Vector Shape - Group","hd":false},{"ind":1,"ty":"sh","ix":2,"ks":{"a":0,"k":{"i":[[0,0],[0,0],[0,0],[0,0],[0,0],[0,0],[0,0],[0,0],[0,0],[0,0],[0,0],[0,0]],"o":[[0,0],[0,0],[0,0],[0,0],[0,0],[0,0],[0,0],[0,0],[0,0],[0,0],[0,0],[0,0]],"v":[[112.646,4.383],[112.646,-0.616],[77.583,-0.616],[77.583,-6.369],[110.523,-6.369],[110.523,-21.024],[71.488,-21.024],[71.488,-16.162],[104.428,-16.162],[104.428,-10.957],[71.557,-10.957],[71.557,4.383]],"c":true},"ix":2},"nm":"별","mn":"ADBE Vector Shape - Group","hd":false},{"ind":2,"ty":"sh","ix":3,"ks":{"a":0,"k":{"i":[[0,0],[0,0],[0,0],[0,0],[0,0],[0,0],[0,0],[0,0],[0,0],[0,0],[0,0],[0,0]],"o":[[0,0],[0,0],[0,0],[0,0],[0,0],[0,0],[0,0],[0,0],[0,0],[0,0],[0,0],[0,0]],"v":[[110.523,-55.059],[104.428,-55.059],[104.428,-46.91],[94.156,-46.91],[94.156,-42.116],[104.428,-42.116],[104.428,-35.816],[94.156,-35.816],[94.156,-31.022],[104.428,-31.022],[104.428,-23.9],[110.523,-23.9]],"c":true},"ix":2},"nm":"별","mn":"ADBE Vector Shape - Group","hd":false},{"ind":3,"ty":"sh","ix":4,"ks":{"a":0,"k":{"i":[[0,0],[0,0],[0,0],[0,0]],"o":[[0,0],[0,0],[0,0],[0,0]],"v":[[84.979,-30.063],[69.913,-30.063],[69.913,-38.76],[84.979,-38.76]],"c":true},"ix":2},"nm":"별","mn":"ADBE Vector Shape - Group","hd":false},{"ty":"mm","mm":1,"nm":"合并路径 1","mn":"ADBE Vector Filter - Merge","hd":false},{"ty":"fl","c":{"a":0,"k":[0.596079987171,0.596079987171,0.596079987171,1],"ix":4},"o":{"a":0,"k":100,"ix":5},"r":1,"bm":0,"nm":"填充 1","mn":"ADBE Vector Graphic - Fill","hd":false},{"ty":"tr","p":{"a":0,"k":[0,0],"ix":2},"a":{"a":0,"k":[0,0],"ix":1},"s":{"a":0,"k":[100,100],"ix":3},"r":{"a":0,"k":0,"ix":6},"o":{"a":0,"k":100,"ix":7},"sk":{"a":0,"k":0,"ix":4},"sa":{"a":0,"k":0,"ix":5},"nm":"变换"}],"nm":"별","np":7,"cix":2,"bm":0,"ix":2,"mn":"ADBE Vector Group","hd":false}],"ip":10,"op":190,"st":10,"bm":0},{"ddd":0,"ind":33,"ty":4,"nm":"“ERSTAUNLICHER ”轮廓","sr":1,"ks":{"o":{"a":1,"k":[{"i":{"x":[0.833],"y":[0.833]},"o":{"x":[0.167],"y":[0.167]},"t":0,"s":[0]},{"i":{"x":[0.833],"y":[0.833]},"o":{"x":[0.167],"y":[0.167]},"t":20,"s":[100]},{"i":{"x":[0.833],"y":[0.833]},"o":{"x":[0.167],"y":[0.167]},"t":180,"s":[100]},{"t":189,"s":[0]}],"ix":11},"r":{"a":0,"k":0,"ix":10},"p":{"a":0,"k":[62,504,0],"ix":2},"a":{"a":0,"k":[0,0,0],"ix":1},"s":{"a":0,"k":[100,100,100],"ix":6}},"ao":0,"hasMask":true,"masksProperties":[{"inv":false,"mode":"a","pt":{"a":1,"k":[{"i":{"x":0.667,"y":1},"o":{"x":0.333,"y":0},"t":0,"s":[{"i":[[0,0],[0,0],[0,0],[0,0]],"o":[[0,0],[0,0],[0,0],[0,0]],"v":[[-46,-113],[-450.445,-113],[-450.445,58.684],[-46,58.684]],"c":true}]},{"i":{"x":0.667,"y":1},"o":{"x":0.333,"y":0},"t":20,"s":[{"i":[[0,0],[0,0],[0,0],[0,0]],"o":[[0,0],[0,0],[0,0],[0,0]],"v":[[538,-113],[-53.445,-113],[-53.445,58.684],[538,58.684]],"c":true}]},{"i":{"x":0.667,"y":1},"o":{"x":0.333,"y":0},"t":180,"s":[{"i":[[0,0],[0,0],[0,0],[0,0]],"o":[[0,0],[0,0],[0,0],[0,0]],"v":[[538,-113],[-53.445,-113],[-53.445,58.684],[538,58.684]],"c":true}]},{"t":189,"s":[{"i":[[0,0],[0,0],[0,0],[0,0]],"o":[[0,0],[0,0],[0,0],[0,0]],"v":[[741,-114],[336.555,-114],[336.555,57.684],[741,57.684]],"c":true}]}],"ix":1},"o":{"a":0,"k":100,"ix":3},"x":{"a":0,"k":0,"ix":4},"nm":"蒙版 1"}],"shapes":[{"ty":"gr","it":[{"ind":0,"ty":"sh","ix":1,"ks":{"a":0,"k":{"i":[[0,0],[0,0],[0,0],[0,0],[0,0],[0,0],[0,0],[0,0],[0,0],[0,0],[0,0],[0,0]],"o":[[0,0],[0,0],[0,0],[0,0],[0,0],[0,0],[0,0],[0,0],[0,0],[0,0],[0,0],[0,0]],"v":[[51.84,4.383],[51.84,-0.616],[14.929,-0.616],[14.929,-5.684],[49.581,-5.684],[49.581,-20.065],[8.697,-20.065],[8.697,-15.134],[43.486,-15.134],[43.486,-10.204],[8.903,-10.204],[8.903,4.383]],"c":true},"ix":2},"nm":"놀","mn":"ADBE Vector Shape - Group","hd":false},{"ind":1,"ty":"sh","ix":2,"ks":{"a":0,"k":{"i":[[0,0],[0,0],[0,0],[0,0],[0,0],[0,0],[0,0],[0,0],[0,0],[0,0],[0,0],[0,0],[0,0],[0,0]],"o":[[0,0],[0,0],[0,0],[0,0],[0,0],[0,0],[0,0],[0,0],[0,0],[0,0],[0,0],[0,0],[0,0],[0,0]],"v":[[50.06,-36.021],[50.06,-40.883],[16.025,-40.883],[16.025,-54.169],[9.998,-54.169],[9.998,-36.021],[26.434,-36.021],[26.434,-29.721],[2.602,-29.721],[2.602,-24.79],[56.634,-24.79],[56.634,-29.721],[32.529,-29.721],[32.529,-36.021]],"c":true},"ix":2},"nm":"놀","mn":"ADBE Vector Shape - Group","hd":false},{"ty":"mm","mm":1,"nm":"合并路径 1","mn":"ADBE Vector Filter - Merge","hd":false},{"ty":"fl","c":{"a":0,"k":[0.596079987171,0.596079987171,0.596079987171,1],"ix":4},"o":{"a":0,"k":100,"ix":5},"r":1,"bm":0,"nm":"填充 1","mn":"ADBE Vector Graphic - Fill","hd":false},{"ty":"tr","p":{"a":0,"k":[0,0],"ix":2},"a":{"a":0,"k":[0,0],"ix":1},"s":{"a":0,"k":[100,100],"ix":3},"r":{"a":0,"k":0,"ix":6},"o":{"a":0,"k":100,"ix":7},"sk":{"a":0,"k":0,"ix":4},"sa":{"a":0,"k":0,"ix":5},"nm":"变换"}],"nm":"놀","np":5,"cix":2,"bm":0,"ix":1,"mn":"ADBE Vector Group","hd":false},{"ty":"gr","it":[{"ind":0,"ty":"sh","ix":1,"ks":{"a":0,"k":{"i":[[0,0],[8.629,0.068],[0,0],[0,0],[0,0],[0,0],[0,0],[0,0],[0,0],[0,0],[0,0],[0,0],[-6.437,1.096]],"o":[[-8.012,1.575],[0,0],[0,0],[0,0],[0,0],[0,0],[0,0],[0,0],[0,0],[0,0],[0,0],[9.45,0],[0,0]],"v":[[96.895,-16.436],[69.639,-14.381],[69.639,-28.009],[91.143,-28.009],[91.143,-49.649],[63.408,-49.649],[63.408,-44.718],[85.116,-44.718],[85.116,-32.871],[63.613,-32.871],[63.613,-9.382],[70.804,-9.382],[97.511,-11.368]],"c":true},"ix":2},"nm":"라","mn":"ADBE Vector Shape - Group","hd":false},{"ind":1,"ty":"sh","ix":2,"ks":{"a":0,"k":{"i":[[0,0],[0,0],[0,0],[0,0],[0,0],[0,0],[0,0],[0,0]],"o":[[0,0],[0,0],[0,0],[0,0],[0,0],[0,0],[0,0],[0,0]],"v":[[107.647,-55.059],[101.62,-55.059],[101.62,4.794],[107.647,4.794],[107.647,-26.297],[116.96,-26.297],[116.96,-31.296],[107.647,-31.296]],"c":true},"ix":2},"nm":"라","mn":"ADBE Vector Shape - Group","hd":false},{"ty":"mm","mm":1,"nm":"合并路径 1","mn":"ADBE Vector Filter - Merge","hd":false},{"ty":"fl","c":{"a":0,"k":[0.596079987171,0.596079987171,0.596079987171,1],"ix":4},"o":{"a":0,"k":100,"ix":5},"r":1,"bm":0,"nm":"填充 1","mn":"ADBE Vector Graphic - Fill","hd":false},{"ty":"tr","p":{"a":0,"k":[0,0],"ix":2},"a":{"a":0,"k":[0,0],"ix":1},"s":{"a":0,"k":[100,100],"ix":3},"r":{"a":0,"k":0,"ix":6},"o":{"a":0,"k":100,"ix":7},"sk":{"a":0,"k":0,"ix":4},"sa":{"a":0,"k":0,"ix":5},"nm":"变换"}],"nm":"라","np":5,"cix":2,"bm":0,"ix":2,"mn":"ADBE Vector Group","hd":false},{"ty":"gr","it":[{"ind":0,"ty":"sh","ix":1,"ks":{"a":0,"k":{"i":[[0,7.396],[12.875,0],[0,-7.259],[-12.943,0]],"o":[[0,-7.259],[-12.943,0],[0,7.396],[12.875,0]],"v":[[167.836,-41.363],[147.223,-53.073],[126.747,-41.363],[147.223,-29.584]],"c":true},"ix":2},"nm":"운","mn":"ADBE Vector Shape - Group","hd":false},{"ind":1,"ty":"sh","ix":2,"ks":{"a":0,"k":{"i":[[0,0],[0,0],[0,0],[0,0],[0,0],[0,0],[0,0],[0,0]],"o":[[0,0],[0,0],[0,0],[0,0],[0,0],[0,0],[0,0],[0,0]],"v":[[150.578,-8.149],[150.578,-19.791],[174.273,-19.791],[174.273,-24.722],[120.241,-24.722],[120.241,-19.791],[144.552,-19.791],[144.552,-8.149]],"c":true},"ix":2},"nm":"운","mn":"ADBE Vector Shape - Group","hd":false},{"ind":2,"ty":"sh","ix":3,"ks":{"a":0,"k":{"i":[[-8.697,0],[0,-4.383],[8.766,0],[0,4.383]],"o":[[8.766,0],[0,4.383],[-8.629,0],[0,-4.383]],"v":[[147.223,-48.074],[161.672,-41.294],[147.154,-34.515],[132.91,-41.294]],"c":true},"ix":2},"nm":"운","mn":"ADBE Vector Shape - Group","hd":false},{"ind":3,"ty":"sh","ix":4,"ks":{"a":0,"k":{"i":[[0,0],[0,0],[0,0],[0,0],[0,0],[0,0]],"o":[[0,0],[0,0],[0,0],[0,0],[0,0],[0,0]],"v":[[167.836,3.013],[167.836,-1.917],[133.321,-1.917],[133.321,-14.381],[127.295,-14.381],[127.295,3.013]],"c":true},"ix":2},"nm":"운","mn":"ADBE Vector Shape - Group","hd":false},{"ty":"mm","mm":1,"nm":"合并路径 1","mn":"ADBE Vector Filter - Merge","hd":false},{"ty":"fl","c":{"a":0,"k":[0.596079987171,0.596079987171,0.596079987171,1],"ix":4},"o":{"a":0,"k":100,"ix":5},"r":1,"bm":0,"nm":"填充 1","mn":"ADBE Vector Graphic - Fill","hd":false},{"ty":"tr","p":{"a":0,"k":[0,0],"ix":2},"a":{"a":0,"k":[0,0],"ix":1},"s":{"a":0,"k":[100,100],"ix":3},"r":{"a":0,"k":0,"ix":6},"o":{"a":0,"k":100,"ix":7},"sk":{"a":0,"k":0,"ix":4},"sa":{"a":0,"k":0,"ix":5},"nm":"变换"}],"nm":"운","np":7,"cix":2,"bm":0,"ix":3,"mn":"ADBE Vector Group","hd":false}],"ip":0,"op":190,"st":0,"bm":0}],"markers":[]}