{"v":"5.6.8","fr":30,"ip":0,"op":189,"w":1125,"h":1050,"nm":"订阅视频-变老-多语言","ddd":0,"assets":[],"layers":[{"ddd":0,"ind":31,"ty":4,"nm":"“WAS WÜRDE ICH”轮廓","sr":1,"ks":{"o":{"a":1,"k":[{"i":{"x":[0.833],"y":[0.833]},"o":{"x":[0.167],"y":[0.167]},"t":0,"s":[0]},{"i":{"x":[0.833],"y":[0.833]},"o":{"x":[0.167],"y":[0.167]},"t":20,"s":[100]},{"i":{"x":[0.833],"y":[0.833]},"o":{"x":[0.167],"y":[0.167]},"t":180,"s":[100]},{"t":189,"s":[0]}],"ix":11},"r":{"a":0,"k":0,"ix":10},"p":{"a":0,"k":[66,498,0],"ix":2},"a":{"a":0,"k":[0,0,0],"ix":1},"s":{"a":0,"k":[100,100,100],"ix":6}},"ao":0,"hasMask":true,"masksProperties":[{"inv":false,"mode":"a","pt":{"a":1,"k":[{"i":{"x":0.667,"y":1},"o":{"x":0.333,"y":0},"t":0,"s":[{"i":[[0,0],[0,0],[0,0],[0,0]],"o":[[0,0],[0,0],[0,0],[0,0]],"v":[[-46,-113],[-450.445,-113],[-450.445,58.684],[-46,58.684]],"c":true}]},{"i":{"x":0.667,"y":1},"o":{"x":0.333,"y":0},"t":20,"s":[{"i":[[0,0],[0,0],[0,0],[0,0]],"o":[[0,0],[0,0],[0,0],[0,0]],"v":[[538,-113],[-53.445,-113],[-53.445,58.684],[538,58.684]],"c":true}]},{"i":{"x":0.667,"y":1},"o":{"x":0.333,"y":0},"t":180,"s":[{"i":[[0,0],[0,0],[0,0],[0,0]],"o":[[0,0],[0,0],[0,0],[0,0]],"v":[[538,-113],[-53.445,-113],[-53.445,58.684],[538,58.684]],"c":true}]},{"t":189,"s":[{"i":[[0,0],[0,0],[0,0],[0,0]],"o":[[0,0],[0,0],[0,0],[0,0]],"v":[[741,-114],[336.555,-114],[336.555,57.684],[741,57.684]],"c":true}]}],"ix":1},"o":{"a":0,"k":100,"ix":3},"x":{"a":0,"k":0,"ix":4},"nm":"蒙版 1"}],"shapes":[{"ty":"gr","it":[{"ind":0,"ty":"sh","ix":1,"ks":{"a":0,"k":{"i":[[1.29,0],[0.921,-0.86],[0,-1.413],[-0.921,-0.86],[-1.413,0],[-0.921,0.86],[0,1.352],[0.921,0.86]],"o":[[-1.352,0],[-0.921,0.86],[0,1.352],[0.86,0.86],[1.29,0],[0.921,-0.86],[0,-1.352],[-0.921,-0.86]],"v":[[17.57,-31.76],[14.129,-30.47],[12.778,-27.091],[14.129,-23.774],[17.57,-22.484],[20.887,-23.774],[22.3,-27.091],[20.887,-30.47]],"c":true},"ix":2},"nm":"¿","mn":"ADBE Vector Shape - Group","hd":false},{"ind":1,"ty":"sh","ix":2,"ks":{"a":0,"k":{"i":[[0,0],[0,0],[0.614,-1.229],[1.044,-0.921],[0.491,-0.676],[0,-3.072],[-2.457,-2.212],[-4.055,0],[-2.703,2.58],[0,4.546],[0,0],[0.983,-1.474],[2.58,0],[1.106,1.167],[0,1.966],[-1.106,1.352],[-2.089,1.843],[-0.86,1.659],[0,2.334],[0,0]],"o":[[0,0],[0,1.413],[-0.614,1.106],[-3.01,2.58],[-1.536,1.966],[0,3.686],[2.457,2.15],[4.485,0],[2.642,-2.58],[0,0],[0,2.58],[-1.229,1.597],[-2.15,0],[-1.167,-1.167],[0,-1.597],[0.491,-0.614],[1.904,-1.72],[0.799,-1.659],[0,0],[0,0]],"v":[[14.006,-19.474],[14.006,-18.552],[13.085,-14.559],[10.628,-11.549],[5.345,-6.696],[3.072,0.86],[6.758,9.706],[16.464,12.962],[27.214,9.092],[31.207,-1.597],[24.204,-1.597],[22.668,4.485],[16.894,6.942],[11.979,5.16],[10.259,0.43],[11.918,-3.932],[15.727,-7.556],[19.842,-12.655],[21.071,-18.614],[21.071,-19.474]],"c":true},"ix":2},"nm":"¿","mn":"ADBE Vector Shape - Group","hd":false},{"ty":"mm","mm":1,"nm":"合并路径 1","mn":"ADBE Vector Filter - Merge","hd":false},{"ty":"fl","c":{"a":0,"k":[0.596079987171,0.596079987171,0.596079987171,1],"ix":4},"o":{"a":0,"k":100,"ix":5},"r":1,"bm":0,"nm":"填充 1","mn":"ADBE Vector Graphic - Fill","hd":false},{"ty":"tr","p":{"a":0,"k":[0,0],"ix":2},"a":{"a":0,"k":[0,0],"ix":1},"s":{"a":0,"k":[100,100],"ix":3},"r":{"a":0,"k":0,"ix":6},"o":{"a":0,"k":100,"ix":7},"sk":{"a":0,"k":0,"ix":4},"sa":{"a":0,"k":0,"ix":5},"nm":"变换"}],"nm":"¿","np":5,"cix":2,"bm":0,"ix":1,"mn":"ADBE Vector Group","hd":false},{"ty":"gr","it":[{"ind":0,"ty":"sh","ix":1,"ks":{"a":0,"k":{"i":[[6.696,0],[3.809,-4.423],[0,-6.696],[-3.686,-4.177],[-6.758,0],[-3.194,1.843],[-1.659,-2.396],[0,0],[1.597,2.089],[0,6.573],[3.686,4.116]],"o":[[-6.758,0],[-3.686,4.177],[0,6.635],[3.809,4.3],[4.423,0],[1.597,2.089],[0,0],[-1.597,-2.334],[3.44,-4.055],[0,-6.758],[-3.87,-4.362]],"v":[[57.812,-44.722],[41.963,-38.149],[36.495,-21.87],[41.963,-5.652],[57.812,0.86],[69.3,-1.966],[74.153,4.792],[78.822,0.737],[73.969,-5.897],[79.19,-21.87],[73.661,-38.211]],"c":true},"ix":2},"nm":"Q","mn":"ADBE Vector Shape - Group","hd":false},{"ind":1,"ty":"sh","ix":2,"ks":{"a":0,"k":{"i":[[-4.546,0],[-2.457,-2.949],[0,-5.16],[1.597,-2.703],[2.15,2.273],[0,0],[-2.212,-2.703],[2.887,0],[2.457,3.01],[0,4.976],[-2.396,2.949]],"o":[[4.546,0],[2.396,2.949],[0,4.239],[-2.089,-2.457],[0,0],[2.027,2.15],[-2.089,1.167],[-4.546,0],[-2.396,-2.949],[0,-5.037],[2.519,-3.072]],"v":[[57.812,-38.395],[68.317,-34.033],[71.941,-21.87],[69.484,-11.426],[63.095,-18.552],[58.918,-14.498],[65.245,-7.249],[57.812,-5.467],[47.246,-10.013],[43.683,-21.87],[47.246,-33.788]],"c":true},"ix":2},"nm":"Q","mn":"ADBE Vector Shape - Group","hd":false},{"ty":"mm","mm":1,"nm":"合并路径 1","mn":"ADBE Vector Filter - Merge","hd":false},{"ty":"fl","c":{"a":0,"k":[0.596079987171,0.596079987171,0.596079987171,1],"ix":4},"o":{"a":0,"k":100,"ix":5},"r":1,"bm":0,"nm":"填充 1","mn":"ADBE Vector Graphic - Fill","hd":false},{"ty":"tr","p":{"a":0,"k":[0,0],"ix":2},"a":{"a":0,"k":[0,0],"ix":1},"s":{"a":0,"k":[100,100],"ix":3},"r":{"a":0,"k":0,"ix":6},"o":{"a":0,"k":100,"ix":7},"sk":{"a":0,"k":0,"ix":4},"sa":{"a":0,"k":0,"ix":5},"nm":"变换"}],"nm":"Q","np":5,"cix":2,"bm":0,"ix":2,"mn":"ADBE Vector Group","hd":false},{"ty":"gr","it":[{"ind":0,"ty":"sh","ix":1,"ks":{"a":0,"k":{"i":[[0,0],[0,0],[-3.256,-3.072],[-5.836,0],[-3.194,2.949],[0,5.713],[0,0],[0,0],[0,0],[1.72,-1.843],[3.809,0],[1.72,1.782],[0,3.809],[0,0]],"o":[[0,0],[0,5.713],[3.072,2.887],[5.775,0],[3.194,-3.01],[0,0],[0,0],[0,0],[0,3.809],[-1.782,1.782],[-3.87,0],[-1.782,-1.843],[0,0],[0,0]],"v":[[85.613,-43.862],[85.613,-16.648],[90.466,-3.502],[103.858,0.86],[117.312,-3.563],[122.103,-16.648],[122.103,-43.862],[114.916,-43.862],[114.916,-16.525],[112.274,-8.109],[103.858,-5.406],[95.442,-8.109],[92.8,-16.525],[92.8,-43.862]],"c":true},"ix":2},"nm":"u","mn":"ADBE Vector Shape - Group","hd":false},{"ty":"fl","c":{"a":0,"k":[0.596079987171,0.596079987171,0.596079987171,1],"ix":4},"o":{"a":0,"k":100,"ix":5},"r":1,"bm":0,"nm":"填充 1","mn":"ADBE Vector Graphic - Fill","hd":false},{"ty":"tr","p":{"a":0,"k":[0,0],"ix":2},"a":{"a":0,"k":[0,0],"ix":1},"s":{"a":0,"k":[100,100],"ix":3},"r":{"a":0,"k":0,"ix":6},"o":{"a":0,"k":100,"ix":7},"sk":{"a":0,"k":0,"ix":4},"sa":{"a":0,"k":0,"ix":5},"nm":"变换"}],"nm":"u","np":3,"cix":2,"bm":0,"ix":3,"mn":"ADBE Vector Group","hd":false},{"ty":"gr","it":[{"ind":0,"ty":"sh","ix":1,"ks":{"a":0,"k":{"i":[[0,0],[0,0],[0,0],[0,0]],"o":[[0,0],[0,0],[0,0],[0,0]],"v":[[146.912,-55.35],[141.198,-46.381],[145.744,-46.381],[154.591,-55.35]],"c":true},"ix":2},"nm":"é","mn":"ADBE Vector Shape - Group","hd":false},{"ind":1,"ty":"sh","ix":2,"ks":{"a":0,"k":{"i":[[0,0],[0,0],[0,0],[0,0],[0,0],[0,0],[0,0],[0,0],[0,0],[0,0],[0,0],[0,0]],"o":[[0,0],[0,0],[0,0],[0,0],[0,0],[0,0],[0,0],[0,0],[0,0],[0,0],[0,0],[0,0]],"v":[[130.386,-43.862],[130.386,0],[163.068,0],[163.068,-6.143],[137.574,-6.143],[137.574,-19.412],[160.549,-19.412],[160.549,-25.556],[137.574,-25.556],[137.574,-37.719],[162.024,-37.719],[162.024,-43.862]],"c":true},"ix":2},"nm":"é","mn":"ADBE Vector Shape - Group","hd":false},{"ty":"mm","mm":1,"nm":"合并路径 1","mn":"ADBE Vector Filter - Merge","hd":false},{"ty":"fl","c":{"a":0,"k":[0.596079987171,0.596079987171,0.596079987171,1],"ix":4},"o":{"a":0,"k":100,"ix":5},"r":1,"bm":0,"nm":"填充 1","mn":"ADBE Vector Graphic - Fill","hd":false},{"ty":"tr","p":{"a":0,"k":[0,0],"ix":2},"a":{"a":0,"k":[0,0],"ix":1},"s":{"a":0,"k":[100,100],"ix":3},"r":{"a":0,"k":0,"ix":6},"o":{"a":0,"k":100,"ix":7},"sk":{"a":0,"k":0,"ix":4},"sa":{"a":0,"k":0,"ix":5},"nm":"变换"}],"nm":"é","np":5,"cix":2,"bm":0,"ix":4,"mn":"ADBE Vector Group","hd":false},{"ty":"gr","it":[{"ind":0,"ty":"sh","ix":1,"ks":{"a":0,"k":{"i":[[0,0],[0,0],[0,0],[0,0],[0,0],[0,0],[0,0],[0,0]],"o":[[0,0],[0,0],[0,0],[0,0],[0,0],[0,0],[0,0],[0,0]],"v":[[186.482,-43.862],[186.482,-37.719],[200.857,-37.719],[200.857,0],[208.045,0],[208.045,-37.719],[222.42,-37.719],[222.42,-43.862]],"c":true},"ix":2},"nm":"t","mn":"ADBE Vector Shape - Group","hd":false},{"ty":"fl","c":{"a":0,"k":[0.596079987171,0.596079987171,0.596079987171,1],"ix":4},"o":{"a":0,"k":100,"ix":5},"r":1,"bm":0,"nm":"填充 1","mn":"ADBE Vector Graphic - Fill","hd":false},{"ty":"tr","p":{"a":0,"k":[0,0],"ix":2},"a":{"a":0,"k":[0,0],"ix":1},"s":{"a":0,"k":[100,100],"ix":3},"r":{"a":0,"k":0,"ix":6},"o":{"a":0,"k":100,"ix":7},"sk":{"a":0,"k":0,"ix":4},"sa":{"a":0,"k":0,"ix":5},"nm":"变换"}],"nm":"t","np":3,"cix":2,"bm":0,"ix":5,"mn":"ADBE Vector Group","hd":false},{"ty":"gr","it":[{"ind":0,"ty":"sh","ix":1,"ks":{"a":0,"k":{"i":[[0,0],[0,0],[0,0],[0,0],[0,0],[0,0],[0,0],[0,0],[0,0],[0,0],[0,0],[0,0]],"o":[[0,0],[0,0],[0,0],[0,0],[0,0],[0,0],[0,0],[0,0],[0,0],[0,0],[0,0],[0,0]],"v":[[227.375,-43.862],[227.375,0],[260.057,0],[260.057,-6.143],[234.563,-6.143],[234.563,-19.412],[257.538,-19.412],[257.538,-25.556],[234.563,-25.556],[234.563,-37.719],[259.013,-37.719],[259.013,-43.862]],"c":true},"ix":2},"nm":"e","mn":"ADBE Vector Shape - Group","hd":false},{"ty":"fl","c":{"a":0,"k":[0.596079987171,0.596079987171,0.596079987171,1],"ix":4},"o":{"a":0,"k":100,"ix":5},"r":1,"bm":0,"nm":"填充 1","mn":"ADBE Vector Graphic - Fill","hd":false},{"ty":"tr","p":{"a":0,"k":[0,0],"ix":2},"a":{"a":0,"k":[0,0],"ix":1},"s":{"a":0,"k":[100,100],"ix":3},"r":{"a":0,"k":0,"ix":6},"o":{"a":0,"k":100,"ix":7},"sk":{"a":0,"k":0,"ix":4},"sa":{"a":0,"k":0,"ix":5},"nm":"变换"}],"nm":"e","np":3,"cix":2,"bm":0,"ix":6,"mn":"ADBE Vector Group","hd":false},{"ty":"gr","it":[{"ind":0,"ty":"sh","ix":1,"ks":{"a":0,"k":{"i":[[0,0],[0,0],[0,0],[0,0],[0,0],[0,9.03],[10.566,0]],"o":[[0,0],[0,0],[0,0],[0,0],[10.689,0],[0,-8.969],[0,0]],"v":[[286.85,-43.862],[286.85,0],[294.037,0],[294.037,-16.832],[304.911,-16.832],[320.944,-30.409],[305.034,-43.862]],"c":true},"ix":2},"nm":"p","mn":"ADBE Vector Shape - Group","hd":false},{"ind":1,"ty":"sh","ix":2,"ks":{"a":0,"k":{"i":[[0,0],[0,0],[-1.474,-1.167],[0,-2.642],[1.474,-1.167],[3.194,0],[0,0]],"o":[[0,0],[3.133,0],[1.474,1.106],[0,2.642],[-1.474,1.106],[0,0],[0,0]],"v":[[294.037,-37.719],[304.481,-37.719],[311.422,-35.999],[313.695,-30.409],[311.484,-24.696],[304.481,-22.976],[294.037,-22.976]],"c":true},"ix":2},"nm":"p","mn":"ADBE Vector Shape - Group","hd":false},{"ty":"mm","mm":1,"nm":"合并路径 1","mn":"ADBE Vector Filter - Merge","hd":false},{"ty":"fl","c":{"a":0,"k":[0.596079987171,0.596079987171,0.596079987171,1],"ix":4},"o":{"a":0,"k":100,"ix":5},"r":1,"bm":0,"nm":"填充 1","mn":"ADBE Vector Graphic - Fill","hd":false},{"ty":"tr","p":{"a":0,"k":[0,0],"ix":2},"a":{"a":0,"k":[0,0],"ix":1},"s":{"a":0,"k":[100,100],"ix":3},"r":{"a":0,"k":0,"ix":6},"o":{"a":0,"k":100,"ix":7},"sk":{"a":0,"k":0,"ix":4},"sa":{"a":0,"k":0,"ix":5},"nm":"变换"}],"nm":"p","np":5,"cix":2,"bm":0,"ix":7,"mn":"ADBE Vector Group","hd":false},{"ty":"gr","it":[{"ind":0,"ty":"sh","ix":1,"ks":{"a":0,"k":{"i":[[0,0],[0,0],[0,0],[0,0],[0,0],[0,0],[0,0],[0,0]],"o":[[0,0],[0,0],[0,0],[0,0],[0,0],[0,0],[0,0],[0,0]],"v":[[339.275,-43.862],[322.504,0],[330.183,0],[334.176,-10.996],[352.545,-10.996],[356.538,0],[364.217,0],[347.446,-43.862]],"c":true},"ix":2},"nm":"a","mn":"ADBE Vector Shape - Group","hd":false},{"ind":1,"ty":"sh","ix":2,"ks":{"a":0,"k":{"i":[[0,0],[0,0],[0,0],[0,0]],"o":[[0,0],[0,0],[0,0],[0,0]],"v":[[336.327,-16.894],[343.268,-36.122],[343.514,-36.122],[350.394,-16.894]],"c":true},"ix":2},"nm":"a","mn":"ADBE Vector Shape - Group","hd":false},{"ty":"mm","mm":1,"nm":"合并路径 1","mn":"ADBE Vector Filter - Merge","hd":false},{"ty":"fl","c":{"a":0,"k":[0.596079987171,0.596079987171,0.596079987171,1],"ix":4},"o":{"a":0,"k":100,"ix":5},"r":1,"bm":0,"nm":"填充 1","mn":"ADBE Vector Graphic - Fill","hd":false},{"ty":"tr","p":{"a":0,"k":[0,0],"ix":2},"a":{"a":0,"k":[0,0],"ix":1},"s":{"a":0,"k":[100,100],"ix":3},"r":{"a":0,"k":0,"ix":6},"o":{"a":0,"k":100,"ix":7},"sk":{"a":0,"k":0,"ix":4},"sa":{"a":0,"k":0,"ix":5},"nm":"变换"}],"nm":"a","np":5,"cix":2,"bm":0,"ix":8,"mn":"ADBE Vector Group","hd":false},{"ty":"gr","it":[{"ind":0,"ty":"sh","ix":1,"ks":{"a":0,"k":{"i":[[5.16,0],[3.072,-2.15],[0,-3.87],[-3.379,-2.027],[-5.406,-1.72],[-0.86,-0.43],[0,-2.334],[1.843,-1.106],[3.194,0],[1.72,1.229],[0.491,3.317],[0,0],[-3.686,-2.58],[-5.406,0],[-3.072,2.212],[0,3.932],[3.809,2.273],[5.959,1.843],[0.921,0.491],[0,1.843],[-1.843,0.921],[-2.764,0],[-1.597,-1.229],[-0.614,-2.703],[0,0],[3.072,2.273]],"o":[[-4.73,0],[-3.317,2.212],[0,3.87],[1.29,0.737],[4.853,1.474],[2.703,1.352],[0,1.843],[-1.843,1.044],[-3.624,0],[-1.904,-1.413],[0,0],[0.307,5.59],[3.01,2.089],[5.59,0],[3.072,-2.273],[0,-4.055],[-1.72,-0.983],[-4.055,-1.29],[-2.089,-1.106],[0,-2.089],[1.474,-0.799],[3.194,0],[1.597,1.167],[0,0],[-0.43,-4.792],[-2.887,-2.15]],"v":[[383.704,-44.722],[372.031,-41.528],[367.117,-32.375],[372.154,-23.528],[382.229,-19.842],[390.768,-16.955],[394.884,-11.426],[392.058,-7.065],[384.441,-5.467],[376.455,-7.372],[372.892,-14.498],[365.765,-14.498],[371.786,-2.273],[384.441,0.86],[397.464,-2.519],[402.072,-11.856],[396.359,-21.317],[384.871,-25.617],[377.376,-28.32],[374.304,-32.805],[377.007,-37.351],[383.335,-38.518],[390.584,-36.736],[393.963,-30.9],[401.089,-30.9],[395.806,-41.528]],"c":true},"ix":2},"nm":"s","mn":"ADBE Vector Shape - Group","hd":false},{"ty":"fl","c":{"a":0,"k":[0.596079987171,0.596079987171,0.596079987171,1],"ix":4},"o":{"a":0,"k":100,"ix":5},"r":1,"bm":0,"nm":"填充 1","mn":"ADBE Vector Graphic - Fill","hd":false},{"ty":"tr","p":{"a":0,"k":[0,0],"ix":2},"a":{"a":0,"k":[0,0],"ix":1},"s":{"a":0,"k":[100,100],"ix":3},"r":{"a":0,"k":0,"ix":6},"o":{"a":0,"k":100,"ix":7},"sk":{"a":0,"k":0,"ix":4},"sa":{"a":0,"k":0,"ix":5},"nm":"变换"}],"nm":"s","np":3,"cix":2,"bm":0,"ix":9,"mn":"ADBE Vector Group","hd":false},{"ty":"gr","it":[{"ind":0,"ty":"sh","ix":1,"ks":{"a":0,"k":{"i":[[0,0],[0,0],[0,0],[0,0],[0,0],[0,0],[0,0],[0,0]],"o":[[0,0],[0,0],[0,0],[0,0],[0,0],[0,0],[0,0],[0,0]],"v":[[420.404,-43.862],[403.633,0],[411.312,0],[415.305,-10.996],[433.673,-10.996],[437.666,0],[445.345,0],[428.574,-43.862]],"c":true},"ix":2},"nm":"a","mn":"ADBE Vector Shape - Group","hd":false},{"ind":1,"ty":"sh","ix":2,"ks":{"a":0,"k":{"i":[[0,0],[0,0],[0,0],[0,0]],"o":[[0,0],[0,0],[0,0],[0,0]],"v":[[417.455,-16.894],[424.397,-36.122],[424.642,-36.122],[431.523,-16.894]],"c":true},"ix":2},"nm":"a","mn":"ADBE Vector Shape - Group","hd":false},{"ty":"mm","mm":1,"nm":"合并路径 1","mn":"ADBE Vector Filter - Merge","hd":false},{"ty":"fl","c":{"a":0,"k":[0.596079987171,0.596079987171,0.596079987171,1],"ix":4},"o":{"a":0,"k":100,"ix":5},"r":1,"bm":0,"nm":"填充 1","mn":"ADBE Vector Graphic - Fill","hd":false},{"ty":"tr","p":{"a":0,"k":[0,0],"ix":2},"a":{"a":0,"k":[0,0],"ix":1},"s":{"a":0,"k":[100,100],"ix":3},"r":{"a":0,"k":0,"ix":6},"o":{"a":0,"k":100,"ix":7},"sk":{"a":0,"k":0,"ix":4},"sa":{"a":0,"k":0,"ix":5},"nm":"变换"}],"nm":"a","np":5,"cix":2,"bm":0,"ix":10,"mn":"ADBE Vector Group","hd":false},{"ty":"gr","it":[{"ind":0,"ty":"sh","ix":1,"ks":{"a":0,"k":{"i":[[0,0],[0,0],[0,0],[0,0],[0,0],[-1.29,-1.106],[-0.246,-2.396],[0,0],[-1.044,-1.352],[0,0],[0.246,2.703],[0,0],[3.809,0.86],[0,0],[-1.352,1.966],[0,2.273],[2.703,2.212],[4.485,0]],"o":[[0,0],[0,0],[0,0],[0,0],[2.457,0],[1.229,1.044],[0,0],[0.246,2.457],[0,0],[-1.474,-1.597],[0,0],[-0.491,-4.3],[0,0],[2.334,-0.614],[1.229,-1.782],[0,-4.177],[-2.58,-2.027],[0,0]],"v":[[449.351,-43.862],[449.351,0],[456.539,0],[456.539,-17.877],[467.903,-17.877],[473.555,-16.279],[475.767,-11.119],[476.32,-5.713],[478.224,0],[486.026,0],[483.384,-6.45],[482.647,-13.515],[476.197,-21.194],[476.197,-21.317],[481.787,-25.187],[483.63,-31.269],[479.514,-40.852],[468.886,-43.862]],"c":true},"ix":2},"nm":"r","mn":"ADBE Vector Shape - Group","hd":false},{"ind":1,"ty":"sh","ix":2,"ks":{"a":0,"k":{"i":[[0,0],[0,0],[-1.352,-1.106],[0,-2.396],[1.352,-1.229],[2.826,0],[0,0]],"o":[[0,0],[2.949,0],[1.352,1.044],[0,2.212],[-1.474,1.167],[0,0],[0,0]],"v":[[456.539,-37.719],[467.903,-37.719],[474.354,-36.122],[476.381,-30.962],[474.354,-25.801],[467.903,-24.02],[456.539,-24.02]],"c":true},"ix":2},"nm":"r","mn":"ADBE Vector Shape - Group","hd":false},{"ty":"mm","mm":1,"nm":"合并路径 1","mn":"ADBE Vector Filter - Merge","hd":false},{"ty":"fl","c":{"a":0,"k":[0.596079987171,0.596079987171,0.596079987171,1],"ix":4},"o":{"a":0,"k":100,"ix":5},"r":1,"bm":0,"nm":"填充 1","mn":"ADBE Vector Graphic - Fill","hd":false},{"ty":"tr","p":{"a":0,"k":[0,0],"ix":2},"a":{"a":0,"k":[0,0],"ix":1},"s":{"a":0,"k":[100,100],"ix":3},"r":{"a":0,"k":0,"ix":6},"o":{"a":0,"k":100,"ix":7},"sk":{"a":0,"k":0,"ix":4},"sa":{"a":0,"k":0,"ix":5},"nm":"变换"}],"nm":"r","np":5,"cix":2,"bm":0,"ix":11,"mn":"ADBE Vector Group","hd":false},{"ty":"gr","it":[{"ind":0,"ty":"sh","ix":1,"ks":{"a":0,"k":{"i":[[0,0],[0,0],[0,0],[0,0]],"o":[[0,0],[0,0],[0,0],[0,0]],"v":[[509.744,-55.35],[504.031,-46.381],[508.577,-46.381],[517.423,-55.35]],"c":true},"ix":2},"nm":"á","mn":"ADBE Vector Shape - Group","hd":false},{"ind":1,"ty":"sh","ix":2,"ks":{"a":0,"k":{"i":[[0,0],[0,0],[0,0],[0,0],[0,0],[0,0],[0,0],[0,0]],"o":[[0,0],[0,0],[0,0],[0,0],[0,0],[0,0],[0,0],[0,0]],"v":[[504.338,-43.862],[487.567,0],[495.246,0],[499.239,-10.996],[517.607,-10.996],[521.6,0],[529.279,0],[512.509,-43.862]],"c":true},"ix":2},"nm":"á","mn":"ADBE Vector Shape - Group","hd":false},{"ind":2,"ty":"sh","ix":3,"ks":{"a":0,"k":{"i":[[0,0],[0,0],[0,0],[0,0]],"o":[[0,0],[0,0],[0,0],[0,0]],"v":[[501.389,-16.894],[508.331,-36.122],[508.577,-36.122],[515.457,-16.894]],"c":true},"ix":2},"nm":"á","mn":"ADBE Vector Shape - Group","hd":false},{"ty":"mm","mm":1,"nm":"合并路径 1","mn":"ADBE Vector Filter - Merge","hd":false},{"ty":"fl","c":{"a":0,"k":[0.596079987171,0.596079987171,0.596079987171,1],"ix":4},"o":{"a":0,"k":100,"ix":5},"r":1,"bm":0,"nm":"填充 1","mn":"ADBE Vector Graphic - Fill","hd":false},{"ty":"tr","p":{"a":0,"k":[0,0],"ix":2},"a":{"a":0,"k":[0,0],"ix":1},"s":{"a":0,"k":[100,100],"ix":3},"r":{"a":0,"k":0,"ix":6},"o":{"a":0,"k":100,"ix":7},"sk":{"a":0,"k":0,"ix":4},"sa":{"a":0,"k":0,"ix":5},"nm":"变换"}],"nm":"á","np":6,"cix":2,"bm":0,"ix":12,"mn":"ADBE Vector Group","hd":false}],"ip":0,"op":190,"st":0,"bm":0},{"ddd":0,"ind":33,"ty":4,"nm":"“en 30 años?”轮廓","sr":1,"ks":{"o":{"a":1,"k":[{"i":{"x":[0.833],"y":[0.833]},"o":{"x":[0.167],"y":[0.167]},"t":10,"s":[0]},{"i":{"x":[0.833],"y":[0.833]},"o":{"x":[0.167],"y":[0.167]},"t":30,"s":[100]},{"i":{"x":[0.833],"y":[0.833]},"o":{"x":[0.167],"y":[0.167]},"t":180,"s":[100]},{"t":189,"s":[0]}],"ix":11},"r":{"a":0,"k":0,"ix":10},"p":{"a":0,"k":[66,596,0],"ix":2},"a":{"a":0,"k":[0,0,0],"ix":1},"s":{"a":0,"k":[100,100,100],"ix":6}},"ao":0,"hasMask":true,"masksProperties":[{"inv":false,"mode":"a","pt":{"a":1,"k":[{"i":{"x":0.667,"y":1},"o":{"x":0.333,"y":0},"t":10,"s":[{"i":[[0,0],[0,0],[0,0],[0,0]],"o":[[0,0],[0,0],[0,0],[0,0]],"v":[[-48,-101],[-365.648,-101],[-365.648,48.859],[-48,48.859]],"c":true}]},{"i":{"x":0.667,"y":1},"o":{"x":0.333,"y":0},"t":30,"s":[{"i":[[0,0],[0,0],[0,0],[0,0]],"o":[[0,0],[0,0],[0,0],[0,0]],"v":[[520,-101],[-42.648,-101],[-42.648,48.859],[520,48.859]],"c":true}]},{"i":{"x":0.667,"y":1},"o":{"x":0.333,"y":0},"t":180,"s":[{"i":[[0,0],[0,0],[0,0],[0,0]],"o":[[0,0],[0,0],[0,0],[0,0]],"v":[[520,-101],[-42.648,-101],[-42.648,48.859],[520,48.859]],"c":true}]},{"t":189,"s":[{"i":[[0,0],[0,0],[0,0],[0,0]],"o":[[0,0],[0,0],[0,0],[0,0]],"v":[[587,-102],[269.352,-102],[269.352,47.859],[587,47.859]],"c":true}]}],"ix":1},"o":{"a":0,"k":100,"ix":3},"x":{"a":0,"k":0,"ix":4},"nm":"蒙版 1"}],"shapes":[{"ty":"gr","it":[{"ind":0,"ty":"sh","ix":1,"ks":{"a":0,"k":{"i":[[0,0],[0,0],[0,0],[0,0],[0,0],[0,0],[0,0],[0,0],[0,0],[0,0],[0,0],[0,0]],"o":[[0,0],[0,0],[0,0],[0,0],[0,0],[0,0],[0,0],[0,0],[0,0],[0,0],[0,0],[0,0]],"v":[[4.3,-43.862],[4.3,0],[36.982,0],[36.982,-6.143],[11.488,-6.143],[11.488,-19.412],[34.463,-19.412],[34.463,-25.556],[11.488,-25.556],[11.488,-37.719],[35.938,-37.719],[35.938,-43.862]],"c":true},"ix":2},"nm":"e","mn":"ADBE Vector Shape - Group","hd":false},{"ty":"fl","c":{"a":0,"k":[0.596079987171,0.596079987171,0.596079987171,1],"ix":4},"o":{"a":0,"k":100,"ix":5},"r":1,"bm":0,"nm":"填充 1","mn":"ADBE Vector Graphic - Fill","hd":false},{"ty":"tr","p":{"a":0,"k":[0,0],"ix":2},"a":{"a":0,"k":[0,0],"ix":1},"s":{"a":0,"k":[100,100],"ix":3},"r":{"a":0,"k":0,"ix":6},"o":{"a":0,"k":100,"ix":7},"sk":{"a":0,"k":0,"ix":4},"sa":{"a":0,"k":0,"ix":5},"nm":"变换"}],"nm":"e","np":3,"cix":2,"bm":0,"ix":1,"mn":"ADBE Vector Group","hd":false},{"ty":"gr","it":[{"ind":0,"ty":"sh","ix":1,"ks":{"a":0,"k":{"i":[[0,0],[0,0],[0,0],[0,0],[0,0],[0,0],[0,0],[0,0],[0,0],[0,0],[0,0],[0,0]],"o":[[0,0],[0,0],[0,0],[0,0],[0,0],[0,0],[0,0],[0,0],[0,0],[0,0],[0,0],[0,0]],"v":[[43.462,-43.862],[43.462,0],[50.65,0],[50.65,-32.067],[50.895,-32.067],[72.827,0],[79.83,0],[79.83,-43.862],[72.581,-43.862],[72.581,-12.225],[72.335,-12.225],[50.65,-43.862]],"c":true},"ix":2},"nm":"n","mn":"ADBE Vector Shape - Group","hd":false},{"ty":"fl","c":{"a":0,"k":[0.596079987171,0.596079987171,0.596079987171,1],"ix":4},"o":{"a":0,"k":100,"ix":5},"r":1,"bm":0,"nm":"填充 1","mn":"ADBE Vector Graphic - Fill","hd":false},{"ty":"tr","p":{"a":0,"k":[0,0],"ix":2},"a":{"a":0,"k":[0,0],"ix":1},"s":{"a":0,"k":[100,100],"ix":3},"r":{"a":0,"k":0,"ix":6},"o":{"a":0,"k":100,"ix":7},"sk":{"a":0,"k":0,"ix":4},"sa":{"a":0,"k":0,"ix":5},"nm":"变换"}],"nm":"n","np":3,"cix":2,"bm":0,"ix":2,"mn":"ADBE Vector Group","hd":false},{"ty":"gr","it":[{"ind":0,"ty":"sh","ix":1,"ks":{"a":0,"k":{"i":[[4.423,0],[2.764,-2.457],[0.369,-4.423],[0,0],[-1.474,1.29],[-2.58,0],[-1.29,-1.106],[0,-2.15],[1.29,-1.106],[2.58,0],[0,0],[0,0],[0,0],[-1.474,-1.229],[0,-2.519],[1.413,-1.413],[2.764,0],[1.536,1.413],[0.123,2.826],[0,0],[-3.072,-2.58],[-4.546,0],[-2.949,2.642],[0,4.055],[1.474,1.659],[2.58,0.799],[0,4.792],[2.642,2.15]],"o":[[-4.3,0],[-2.949,2.457],[0,0],[0.246,-2.642],[1.413,-1.29],[2.519,0],[1.167,1.106],[0,2.15],[-1.352,1.106],[0,0],[0,0],[0,0],[2.826,0],[1.474,1.167],[0,2.089],[-1.597,1.536],[-2.519,0],[-1.72,-1.536],[0,0],[0.369,4.915],[2.764,2.334],[4.792,0],[2.826,-2.58],[0,-2.58],[-1.352,-1.597],[4.853,-1.597],[0,-3.809],[-2.703,-2.15]],"v":[[122.986,-44.722],[112.358,-41.098],[107.443,-30.777],[114.508,-30.777],[117.088,-36.675],[123.047,-38.579],[128.76,-36.921],[130.542,-32.067],[128.576,-27.153],[122.679,-25.494],[119.607,-25.494],[119.607,-20.088],[122.679,-20.088],[129.129,-18.307],[131.402,-12.778],[129.252,-7.556],[122.679,-5.222],[116.597,-7.372],[113.894,-13.945],[106.583,-13.945],[111.744,-2.642],[122.74,0.86],[134.351,-3.133],[138.589,-13.085],[136.378,-19.474],[130.419,-23.037],[137.729,-32.62],[133.736,-41.528]],"c":true},"ix":2},"nm":"3","mn":"ADBE Vector Shape - Group","hd":false},{"ty":"fl","c":{"a":0,"k":[0.596079987171,0.596079987171,0.596079987171,1],"ix":4},"o":{"a":0,"k":100,"ix":5},"r":1,"bm":0,"nm":"填充 1","mn":"ADBE Vector Graphic - Fill","hd":false},{"ty":"tr","p":{"a":0,"k":[0,0],"ix":2},"a":{"a":0,"k":[0,0],"ix":1},"s":{"a":0,"k":[100,100],"ix":3},"r":{"a":0,"k":0,"ix":6},"o":{"a":0,"k":100,"ix":7},"sk":{"a":0,"k":0,"ix":4},"sa":{"a":0,"k":0,"ix":5},"nm":"变换"}],"nm":"3","np":3,"cix":2,"bm":0,"ix":3,"mn":"ADBE Vector Group","hd":false},{"ty":"gr","it":[{"ind":0,"ty":"sh","ix":1,"ks":{"a":0,"k":{"i":[[5.099,0],[2.826,-4.3],[0,-6.88],[-2.703,-4.055],[-5.16,0],[-2.887,4.239],[0,6.88],[2.703,4.055]],"o":[[-5.16,0],[-2.703,4.055],[0,6.88],[2.826,4.239],[5.099,0],[2.703,-4.055],[0,-6.88],[-2.887,-4.3]],"v":[[159.155,-44.722],[147.176,-38.333],[143.121,-21.931],[147.176,-5.529],[159.155,0.86],[171.134,-5.529],[175.189,-21.931],[171.134,-38.333]],"c":true},"ix":2},"nm":"0","mn":"ADBE Vector Shape - Group","hd":false},{"ind":1,"ty":"sh","ix":2,"ks":{"a":0,"k":{"i":[[-3.502,0],[-1.474,-3.932],[0,-4.607],[0.983,-2.703],[3.44,0],[1.413,3.87],[0,4.546],[-0.983,2.642]],"o":[[3.44,0],[0.983,2.642],[0,4.546],[-1.474,3.87],[-3.502,0],[-0.983,-2.703],[0,-4.607],[1.413,-3.932]],"v":[[159.155,-38.641],[166.527,-32.805],[168.001,-21.931],[166.527,-11.058],[159.155,-5.222],[151.783,-11.058],[150.309,-21.931],[151.783,-32.805]],"c":true},"ix":2},"nm":"0","mn":"ADBE Vector Shape - Group","hd":false},{"ty":"mm","mm":1,"nm":"合并路径 1","mn":"ADBE Vector Filter - Merge","hd":false},{"ty":"fl","c":{"a":0,"k":[0.596079987171,0.596079987171,0.596079987171,1],"ix":4},"o":{"a":0,"k":100,"ix":5},"r":1,"bm":0,"nm":"填充 1","mn":"ADBE Vector Graphic - Fill","hd":false},{"ty":"tr","p":{"a":0,"k":[0,0],"ix":2},"a":{"a":0,"k":[0,0],"ix":1},"s":{"a":0,"k":[100,100],"ix":3},"r":{"a":0,"k":0,"ix":6},"o":{"a":0,"k":100,"ix":7},"sk":{"a":0,"k":0,"ix":4},"sa":{"a":0,"k":0,"ix":5},"nm":"变换"}],"nm":"0","np":5,"cix":2,"bm":0,"ix":4,"mn":"ADBE Vector Group","hd":false},{"ty":"gr","it":[{"ind":0,"ty":"sh","ix":1,"ks":{"a":0,"k":{"i":[[0,0],[0,0],[0,0],[0,0],[0,0],[0,0],[0,0],[0,0]],"o":[[0,0],[0,0],[0,0],[0,0],[0,0],[0,0],[0,0],[0,0]],"v":[[214.408,-43.862],[197.638,0],[205.317,0],[209.31,-10.996],[227.678,-10.996],[231.671,0],[239.35,0],[222.579,-43.862]],"c":true},"ix":2},"nm":"a","mn":"ADBE Vector Shape - Group","hd":false},{"ind":1,"ty":"sh","ix":2,"ks":{"a":0,"k":{"i":[[0,0],[0,0],[0,0],[0,0]],"o":[[0,0],[0,0],[0,0],[0,0]],"v":[[211.46,-16.894],[218.402,-36.122],[218.647,-36.122],[225.528,-16.894]],"c":true},"ix":2},"nm":"a","mn":"ADBE Vector Shape - Group","hd":false},{"ty":"mm","mm":1,"nm":"合并路径 1","mn":"ADBE Vector Filter - Merge","hd":false},{"ty":"fl","c":{"a":0,"k":[0.596079987171,0.596079987171,0.596079987171,1],"ix":4},"o":{"a":0,"k":100,"ix":5},"r":1,"bm":0,"nm":"填充 1","mn":"ADBE Vector Graphic - Fill","hd":false},{"ty":"tr","p":{"a":0,"k":[0,0],"ix":2},"a":{"a":0,"k":[0,0],"ix":1},"s":{"a":0,"k":[100,100],"ix":3},"r":{"a":0,"k":0,"ix":6},"o":{"a":0,"k":100,"ix":7},"sk":{"a":0,"k":0,"ix":4},"sa":{"a":0,"k":0,"ix":5},"nm":"变换"}],"nm":"a","np":5,"cix":2,"bm":0,"ix":5,"mn":"ADBE Vector Group","hd":false},{"ty":"gr","it":[{"ind":0,"ty":"sh","ix":1,"ks":{"a":0,"k":{"i":[[1.229,0],[1.72,-2.58],[0,0],[-0.737,0],[-1.72,-0.737],[-1.229,0],[-1.72,2.457],[0,0],[0.614,0],[1.659,0.737]],"o":[[-1.904,0],[0,0],[1.106,-1.352],[0.86,0],[1.72,0.737],[1.904,0],[0,0],[-1.167,1.352],[-0.983,0],[-1.72,-0.737]],"v":[[257.301,-54.306],[251.833,-50.436],[254.721,-48.04],[257.547,-50.067],[261.417,-49.023],[265.84,-47.917],[271.307,-51.664],[268.297,-54.121],[265.594,-52.094],[261.663,-53.2]],"c":true},"ix":2},"nm":"ñ","mn":"ADBE Vector Shape - Group","hd":false},{"ind":1,"ty":"sh","ix":2,"ks":{"a":0,"k":{"i":[[0,0],[0,0],[0,0],[0,0],[0,0],[0,0],[0,0],[0,0],[0,0],[0,0],[0,0],[0,0]],"o":[[0,0],[0,0],[0,0],[0,0],[0,0],[0,0],[0,0],[0,0],[0,0],[0,0],[0,0],[0,0]],"v":[[243.356,-43.862],[243.356,0],[250.543,0],[250.543,-32.067],[250.789,-32.067],[272.72,0],[279.724,0],[279.724,-43.862],[272.475,-43.862],[272.475,-12.225],[272.229,-12.225],[250.543,-43.862]],"c":true},"ix":2},"nm":"ñ","mn":"ADBE Vector Shape - Group","hd":false},{"ty":"mm","mm":1,"nm":"合并路径 1","mn":"ADBE Vector Filter - Merge","hd":false},{"ty":"fl","c":{"a":0,"k":[0.596079987171,0.596079987171,0.596079987171,1],"ix":4},"o":{"a":0,"k":100,"ix":5},"r":1,"bm":0,"nm":"填充 1","mn":"ADBE Vector Graphic - Fill","hd":false},{"ty":"tr","p":{"a":0,"k":[0,0],"ix":2},"a":{"a":0,"k":[0,0],"ix":1},"s":{"a":0,"k":[100,100],"ix":3},"r":{"a":0,"k":0,"ix":6},"o":{"a":0,"k":100,"ix":7},"sk":{"a":0,"k":0,"ix":4},"sa":{"a":0,"k":0,"ix":5},"nm":"变换"}],"nm":"ñ","np":5,"cix":2,"bm":0,"ix":6,"mn":"ADBE Vector Group","hd":false},{"ty":"gr","it":[{"ind":0,"ty":"sh","ix":1,"ks":{"a":0,"k":{"i":[[6.696,0],[3.809,-4.423],[0,-6.696],[-3.686,-4.177],[-6.758,0],[-3.87,4.3],[0,6.758],[3.686,4.116]],"o":[[-6.758,0],[-3.686,4.177],[0,6.635],[3.809,4.3],[6.696,0],[3.686,-4.116],[0,-6.758],[-3.87,-4.362]],"v":[[307.481,-44.722],[291.632,-38.149],[286.165,-21.87],[291.632,-5.652],[307.481,0.86],[323.331,-5.59],[328.86,-21.87],[323.331,-38.211]],"c":true},"ix":2},"nm":"o","mn":"ADBE Vector Shape - Group","hd":false},{"ind":1,"ty":"sh","ix":2,"ks":{"a":0,"k":{"i":[[-4.546,0],[-2.457,-2.949],[0,-5.16],[2.396,-2.887],[4.546,0],[2.457,3.01],[0,4.976],[-2.396,2.949]],"o":[[4.546,0],[2.396,2.949],[0,5.16],[-2.457,2.887],[-4.546,0],[-2.396,-2.949],[0,-5.037],[2.519,-3.072]],"v":[[307.481,-38.395],[317.986,-34.033],[321.611,-21.87],[317.986,-9.829],[307.481,-5.467],[296.915,-10.013],[293.352,-21.87],[296.915,-33.788]],"c":true},"ix":2},"nm":"o","mn":"ADBE Vector Shape - Group","hd":false},{"ty":"mm","mm":1,"nm":"合并路径 1","mn":"ADBE Vector Filter - Merge","hd":false},{"ty":"fl","c":{"a":0,"k":[0.596079987171,0.596079987171,0.596079987171,1],"ix":4},"o":{"a":0,"k":100,"ix":5},"r":1,"bm":0,"nm":"填充 1","mn":"ADBE Vector Graphic - Fill","hd":false},{"ty":"tr","p":{"a":0,"k":[0,0],"ix":2},"a":{"a":0,"k":[0,0],"ix":1},"s":{"a":0,"k":[100,100],"ix":3},"r":{"a":0,"k":0,"ix":6},"o":{"a":0,"k":100,"ix":7},"sk":{"a":0,"k":0,"ix":4},"sa":{"a":0,"k":0,"ix":5},"nm":"变换"}],"nm":"o","np":5,"cix":2,"bm":0,"ix":7,"mn":"ADBE Vector Group","hd":false},{"ty":"gr","it":[{"ind":0,"ty":"sh","ix":1,"ks":{"a":0,"k":{"i":[[5.16,0],[3.072,-2.15],[0,-3.87],[-3.379,-2.027],[-5.406,-1.72],[-0.86,-0.43],[0,-2.334],[1.843,-1.106],[3.194,0],[1.72,1.229],[0.491,3.317],[0,0],[-3.686,-2.58],[-5.406,0],[-3.072,2.212],[0,3.932],[3.809,2.273],[5.959,1.843],[0.921,0.491],[0,1.843],[-1.843,0.921],[-2.764,0],[-1.597,-1.229],[-0.614,-2.703],[0,0],[3.072,2.273]],"o":[[-4.73,0],[-3.317,2.212],[0,3.87],[1.29,0.737],[4.853,1.474],[2.703,1.352],[0,1.843],[-1.843,1.044],[-3.624,0],[-1.904,-1.413],[0,0],[0.307,5.59],[3.01,2.089],[5.59,0],[3.072,-2.273],[0,-4.055],[-1.72,-0.983],[-4.055,-1.29],[-2.089,-1.106],[0,-2.089],[1.474,-0.799],[3.194,0],[1.597,1.167],[0,0],[-0.43,-4.792],[-2.887,-2.15]],"v":[[350.763,-44.722],[339.091,-41.528],[334.176,-32.375],[339.214,-23.528],[349.289,-19.842],[357.828,-16.955],[361.944,-11.426],[359.118,-7.065],[351.5,-5.467],[343.514,-7.372],[339.951,-14.498],[332.825,-14.498],[338.845,-2.273],[351.5,0.86],[364.524,-2.519],[369.131,-11.856],[363.418,-21.317],[351.93,-25.617],[344.436,-28.32],[341.364,-32.805],[344.067,-37.351],[350.394,-38.518],[357.643,-36.736],[361.022,-30.9],[368.148,-30.9],[362.865,-41.528]],"c":true},"ix":2},"nm":"s","mn":"ADBE Vector Shape - Group","hd":false},{"ty":"fl","c":{"a":0,"k":[0.596079987171,0.596079987171,0.596079987171,1],"ix":4},"o":{"a":0,"k":100,"ix":5},"r":1,"bm":0,"nm":"填充 1","mn":"ADBE Vector Graphic - Fill","hd":false},{"ty":"tr","p":{"a":0,"k":[0,0],"ix":2},"a":{"a":0,"k":[0,0],"ix":1},"s":{"a":0,"k":[100,100],"ix":3},"r":{"a":0,"k":0,"ix":6},"o":{"a":0,"k":100,"ix":7},"sk":{"a":0,"k":0,"ix":4},"sa":{"a":0,"k":0,"ix":5},"nm":"变换"}],"nm":"s","np":3,"cix":2,"bm":0,"ix":8,"mn":"ADBE Vector Group","hd":false},{"ty":"gr","it":[{"ind":0,"ty":"sh","ix":1,"ks":{"a":0,"k":{"i":[[3.993,0],[2.642,-2.58],[0,-4.546],[0,0],[-1.044,1.413],[-2.642,0],[-1.167,-1.167],[0,-2.027],[1.106,-1.352],[0,0],[0.799,-1.659],[0,-2.334],[0,0],[0,0],[0,0],[-0.614,1.229],[-1.106,0.86],[-0.553,0.614],[0,3.072],[2.457,2.15]],"o":[[-4.546,0],[-2.703,2.58],[0,0],[0,-2.642],[1.229,-1.659],[2.089,0],[1.106,1.167],[0,1.536],[0,0],[-3.993,3.563],[-0.86,1.659],[0,0],[0,0],[0,0],[0,-1.474],[0.553,-1.106],[2.949,-2.58],[1.474,-1.966],[0,-3.747],[-2.457,-2.212]],"v":[[388.507,-44.722],[377.757,-40.852],[373.764,-30.163],[380.767,-30.163],[382.303,-36.245],[388.077,-38.702],[392.992,-36.982],[394.712,-32.19],[393.053,-27.829],[392.316,-26.969],[385.129,-19.167],[383.9,-13.146],[383.9,-12.286],[390.965,-12.286],[390.965,-13.146],[391.886,-17.201],[394.343,-20.211],[399.626,-25.064],[401.899,-32.62],[398.214,-41.467]],"c":true},"ix":2},"nm":"?","mn":"ADBE Vector Shape - Group","hd":false},{"ind":1,"ty":"sh","ix":2,"ks":{"a":0,"k":{"i":[[1.352,0],[0.86,-0.86],[0,-1.352],[-0.983,-0.86],[-1.352,0],[-0.983,0.86],[0,1.352],[0.86,0.86]],"o":[[-1.352,0],[-0.983,0.86],[0,1.352],[0.86,0.86],[1.352,0],[0.86,-0.86],[0,-1.352],[-0.921,-0.86]],"v":[[387.402,-9.276],[384.084,-7.986],[382.671,-4.669],[384.084,-1.352],[387.402,0],[390.842,-1.29],[392.193,-4.669],[390.842,-7.986]],"c":true},"ix":2},"nm":"?","mn":"ADBE Vector Shape - Group","hd":false},{"ty":"mm","mm":1,"nm":"合并路径 1","mn":"ADBE Vector Filter - Merge","hd":false},{"ty":"fl","c":{"a":0,"k":[0.596079987171,0.596079987171,0.596079987171,1],"ix":4},"o":{"a":0,"k":100,"ix":5},"r":1,"bm":0,"nm":"填充 1","mn":"ADBE Vector Graphic - Fill","hd":false},{"ty":"tr","p":{"a":0,"k":[0,0],"ix":2},"a":{"a":0,"k":[0,0],"ix":1},"s":{"a":0,"k":[100,100],"ix":3},"r":{"a":0,"k":0,"ix":6},"o":{"a":0,"k":100,"ix":7},"sk":{"a":0,"k":0,"ix":4},"sa":{"a":0,"k":0,"ix":5},"nm":"变换"}],"nm":"?","np":5,"cix":2,"bm":0,"ix":9,"mn":"ADBE Vector Group","hd":false}],"ip":10,"op":190,"st":10,"bm":0}],"markers":[]}