{"v":"5.6.8","fr":30,"ip":0,"op":189,"w":1125,"h":1050,"nm":"订阅视频-变老-多语言","ddd":0,"assets":[],"layers":[{"ddd":0,"ind":25,"ty":4,"nm":"“私は30年”轮廓","sr":1,"ks":{"o":{"a":1,"k":[{"i":{"x":[0.833],"y":[0.833]},"o":{"x":[0.167],"y":[0.167]},"t":0,"s":[0]},{"i":{"x":[0.833],"y":[0.833]},"o":{"x":[0.167],"y":[0.167]},"t":20,"s":[100]},{"i":{"x":[0.833],"y":[0.833]},"o":{"x":[0.167],"y":[0.167]},"t":180,"s":[100]},{"t":189,"s":[0]}],"ix":11},"r":{"a":0,"k":0,"ix":10},"p":{"a":0,"k":[58,506,0],"ix":2},"a":{"a":0,"k":[0,0,0],"ix":1},"s":{"a":0,"k":[100,100,100],"ix":6}},"ao":0,"hasMask":true,"masksProperties":[{"inv":false,"mode":"a","pt":{"a":1,"k":[{"i":{"x":0.667,"y":1},"o":{"x":0.333,"y":0},"t":0,"s":[{"i":[[0,0],[0,0],[0,0],[0,0]],"o":[[0,0],[0,0],[0,0],[0,0]],"v":[[-46,-113],[-450.445,-113],[-450.445,58.684],[-46,58.684]],"c":true}]},{"i":{"x":0.667,"y":1},"o":{"x":0.333,"y":0},"t":20,"s":[{"i":[[0,0],[0,0],[0,0],[0,0]],"o":[[0,0],[0,0],[0,0],[0,0]],"v":[[538,-113],[-53.445,-113],[-53.445,58.684],[538,58.684]],"c":true}]},{"i":{"x":0.667,"y":1},"o":{"x":0.333,"y":0},"t":180,"s":[{"i":[[0,0],[0,0],[0,0],[0,0]],"o":[[0,0],[0,0],[0,0],[0,0]],"v":[[538,-113],[-53.445,-113],[-53.445,58.684],[538,58.684]],"c":true}]},{"t":189,"s":[{"i":[[0,0],[0,0],[0,0],[0,0]],"o":[[0,0],[0,0],[0,0],[0,0]],"v":[[741,-114],[336.555,-114],[336.555,57.684],[741,57.684]],"c":true}]}],"ix":1},"o":{"a":0,"k":100,"ix":3},"x":{"a":0,"k":0,"ix":4},"nm":"蒙版 1"}],"shapes":[{"ty":"gr","it":[{"ind":0,"ty":"sh","ix":1,"ks":{"a":0,"k":{"i":[[3.807,10.151],[0,0],[-1.833,-7.191],[7.614,-1.128],[0,0],[0,0],[0,0],[1.833,-0.493],[0,0],[-9.164,1.762],[-0.564,-2.538],[0,0]],"o":[[0,0],[2.326,6.697],[-5.569,1.128],[0,0],[0,0],[0,0],[-0.282,0.987],[0,0],[10.645,-1.551],[0.564,2.397],[0,0],[-2.961,-13.112]],"v":[[57.383,-29.256],[51.462,-27.211],[57.665,-6.415],[37.927,-3.102],[52.519,-54.987],[45.822,-55.903],[31.371,-3.877],[28.198,-1.621],[29.467,4.794],[59.216,-0.141],[60.838,7.261],[67.464,5.569]],"c":true},"ix":2},"nm":"私","mn":"ADBE Vector Shape - Group","hd":false},{"ind":1,"ty":"sh","ix":2,"ks":{"a":0,"k":{"i":[[0,0],[0,0],[0,0],[5.922,-5.64],[0,0],[-2.749,5.992],[0,0],[0,0],[0,0],[-2.538,-4.089],[0,0],[3.384,3.172],[0,0],[0,0],[0,0],[0,0],[0,0],[-3.454,0.846],[0,0],[10.151,-0.705],[0,0],[-3.313,0.423],[0,0]],"o":[[0,0],[0,0],[-2.679,7.12],[0,0],[4.23,-5.005],[0,0],[0,0],[0,0],[1.833,2.538],[0,0],[-3.454,-3.948],[0,0],[0,0],[0,0],[0,0],[0,0],[3.877,-0.705],[0,0],[-7.896,2.115],[0,0],[3.525,-0.282],[0,0],[0,0]],"v":[[4.441,-39.337],[4.441,-32.921],[15.932,-32.921],[2.961,-13.817],[5.992,-6.204],[16.425,-22.7],[16.425,7.05],[23.123,7.05],[23.123,-24.391],[29.608,-14.381],[33.415,-20.021],[23.123,-30.666],[23.123,-32.921],[33.979,-32.921],[33.979,-39.337],[23.123,-39.337],[23.123,-49.065],[34.12,-51.391],[31.794,-57.595],[4.723,-53.365],[6.133,-46.95],[16.425,-48.078],[16.425,-39.337]],"c":true},"ix":2},"nm":"私","mn":"ADBE Vector Shape - Group","hd":false},{"ty":"mm","mm":1,"nm":"合并路径 1","mn":"ADBE Vector Filter - Merge","hd":false},{"ty":"fl","c":{"a":0,"k":[0.596079987171,0.596079987171,0.596079987171,1],"ix":4},"o":{"a":0,"k":100,"ix":5},"r":1,"bm":0,"nm":"填充 1","mn":"ADBE Vector Graphic - Fill","hd":false},{"ty":"tr","p":{"a":0,"k":[0,0],"ix":2},"a":{"a":0,"k":[0,0],"ix":1},"s":{"a":0,"k":[100,100],"ix":3},"r":{"a":0,"k":0,"ix":6},"o":{"a":0,"k":100,"ix":7},"sk":{"a":0,"k":0,"ix":4},"sa":{"a":0,"k":0,"ix":5},"nm":"变换"}],"nm":"私","np":5,"cix":2,"bm":0,"ix":1,"mn":"ADBE Vector Group","hd":false},{"ty":"gr","it":[{"ind":0,"ty":"sh","ix":1,"ks":{"a":0,"k":{"i":[[0,0],[4.441,-0.282],[0.211,4.23],[0,0],[-0.141,-3.736],[2.961,0],[4.512,0.211],[0,0],[-5.499,0],[-2.82,0.07],[-0.141,-4.23],[2.82,0],[2.679,-2.115],[0,-3.595],[-3.031,-1.974],[-4.23,0],[-2.749,3.384],[-0.564,2.397],[-4.018,-3.525],[0,0],[4.371,2.326],[0.352,8.741],[-3.525,0.423]],"o":[[-3.666,0.493],[-0.141,-3.666],[0,0],[0.211,4.371],[-2.82,0.07],[-4.794,0],[0,0],[3.807,0.141],[3.102,0],[0.282,7.191],[-2.961,-0.916],[-4.3,0],[-2.679,2.115],[0,3.807],[2.679,1.692],[5.499,0],[1.269,-1.762],[2.538,1.692],[0,0],[-4.653,-4.3],[-0.141,-4.935],[4.371,-0.282],[0,0]],"v":[[135.561,-43.989],[123.436,-42.861],[122.872,-54.705],[115.822,-54.705],[116.386,-42.579],[107.715,-42.438],[93.757,-42.791],[93.828,-36.023],[107.715,-35.741],[116.668,-35.882],[117.303,-18.681],[108.632,-20.021],[98.128,-16.919],[94.109,-8.389],[98.621,0.282],[108.914,2.89],[121.25,-2.185],[124,-8.459],[133.869,-0.564],[138.028,-5.781],[124.423,-15.721],[123.718,-36.164],[135.631,-37.222]],"c":true},"ix":2},"nm":"は","mn":"ADBE Vector Shape - Group","hd":false},{"ind":1,"ty":"sh","ix":2,"ks":{"a":0,"k":{"i":[[-2.961,-1.128],[0.916,-1.41],[2.961,0],[1.198,0.564],[0,1.833],[-1.339,0.987],[-2.397,0]],"o":[[-0.282,2.185],[-1.41,1.974],[-2.115,0],[-1.833,-0.775],[0,-1.551],[1.198,-0.987],[2.82,0]],"v":[[117.303,-11.984],[115.54,-6.627],[108.914,-3.666],[103.979,-4.512],[101.3,-8.389],[103.274,-12.196],[108.632,-13.676]],"c":true},"ix":2},"nm":"は","mn":"ADBE Vector Shape - Group","hd":false},{"ind":2,"ty":"sh","ix":3,"ks":{"a":0,"k":{"i":[[0,0],[0,-11.914],[-3.102,-7.05],[0,0],[0,8.177],[-2.115,9.728]],"o":[[-2.185,10.292],[0,9.305],[0,0],[-2.749,-6.627],[0,-11.843],[0,0]],"v":[[81.491,-54.352],[78.248,-21.008],[82.83,3.525],[89.386,1.198],[85.298,-21.008],[88.47,-53.295]],"c":true},"ix":2},"nm":"は","mn":"ADBE Vector Shape - Group","hd":false},{"ty":"mm","mm":1,"nm":"合并路径 1","mn":"ADBE Vector Filter - Merge","hd":false},{"ty":"fl","c":{"a":0,"k":[0.596079987171,0.596079987171,0.596079987171,1],"ix":4},"o":{"a":0,"k":100,"ix":5},"r":1,"bm":0,"nm":"填充 1","mn":"ADBE Vector Graphic - Fill","hd":false},{"ty":"tr","p":{"a":0,"k":[0,0],"ix":2},"a":{"a":0,"k":[0,0],"ix":1},"s":{"a":0,"k":[100,100],"ix":3},"r":{"a":0,"k":0,"ix":6},"o":{"a":0,"k":100,"ix":7},"sk":{"a":0,"k":0,"ix":4},"sa":{"a":0,"k":0,"ix":5},"nm":"变换"}],"nm":"は","np":6,"cix":2,"bm":0,"ix":2,"mn":"ADBE Vector Group","hd":false},{"ty":"gr","it":[{"ind":0,"ty":"sh","ix":1,"ks":{"a":0,"k":{"i":[[5.076,0],[3.102,-2.82],[0.423,-5.005],[0,0],[-1.692,1.551],[-3.031,0],[-1.551,-1.41],[0,-2.538],[1.551,-1.339],[3.102,0],[0,0],[0,0],[0,0],[-1.692,-1.41],[0,-2.961],[1.692,-1.692],[3.243,0],[1.833,1.692],[0.141,3.384],[0,0],[-3.525,-2.961],[-5.146,0],[-3.384,2.961],[0,4.653],[1.692,1.903],[2.961,0.916],[0,5.499],[2.961,2.467]],"o":[[-4.935,0],[-3.313,2.82],[0,0],[0.282,-3.102],[1.692,-1.551],[2.961,0],[1.41,1.339],[0,2.538],[-1.551,1.339],[0,0],[0,0],[0,0],[3.313,0],[1.833,1.41],[0,2.538],[-1.974,1.833],[-2.961,0],[-2.115,-1.833],[0,0],[0.423,5.64],[3.102,2.608],[5.358,0],[3.172,-2.961],[0,-2.961],[-1.551,-1.833],[5.499,-1.833],[0,-4.3],[-3.102,-2.467]],"v":[[161.642,-51.321],[149.587,-47.162],[144.018,-35.459],[151.561,-35.459],[154.593,-42.438],[161.713,-44.765],[168.551,-42.72],[170.736,-36.94],[168.339,-31.089],[161.36,-29.044],[157.765,-29.044],[157.765,-23.264],[161.431,-23.264],[168.974,-21.149],[171.723,-14.593],[169.115,-8.318],[161.29,-5.499],[154.099,-8.036],[150.786,-15.862],[143.031,-15.862],[148.953,-2.961],[161.36,0.987],[174.543,-3.525],[179.337,-14.945],[176.799,-22.277],[170.031,-26.436],[178.35,-37.504],[173.838,-47.655]],"c":true},"ix":2},"nm":"3","mn":"ADBE Vector Shape - Group","hd":false},{"ty":"fl","c":{"a":0,"k":[0.596079987171,0.596079987171,0.596079987171,1],"ix":4},"o":{"a":0,"k":100,"ix":5},"r":1,"bm":0,"nm":"填充 1","mn":"ADBE Vector Graphic - Fill","hd":false},{"ty":"tr","p":{"a":0,"k":[0,0],"ix":2},"a":{"a":0,"k":[0,0],"ix":1},"s":{"a":0,"k":[100,100],"ix":3},"r":{"a":0,"k":0,"ix":6},"o":{"a":0,"k":100,"ix":7},"sk":{"a":0,"k":0,"ix":4},"sa":{"a":0,"k":0,"ix":5},"nm":"变换"}],"nm":"3","np":3,"cix":2,"bm":0,"ix":3,"mn":"ADBE Vector Group","hd":false},{"ty":"gr","it":[{"ind":0,"ty":"sh","ix":1,"ks":{"a":0,"k":{"i":[[5.922,0],[3.243,-5.005],[0,-7.896],[-2.961,-4.653],[-5.922,0],[-3.243,4.935],[0,7.755],[2.961,4.653]],"o":[[-5.922,0],[-2.961,4.582],[0,7.825],[3.243,4.935],[5.922,0],[2.961,-4.653],[0,-7.825],[-3.243,-5.005]],"v":[[203.148,-51.321],[189.401,-43.848],[184.96,-25.167],[189.401,-6.486],[203.148,0.987],[216.895,-6.486],[221.336,-25.167],[216.895,-43.848]],"c":true},"ix":2},"nm":"0","mn":"ADBE Vector Shape - Group","hd":false},{"ind":1,"ty":"sh","ix":2,"ks":{"a":0,"k":{"i":[[-4.159,0],[-1.692,-4.582],[0,-5.428],[1.198,-3.172],[4.089,0],[1.692,4.512],[0,5.358],[-1.269,3.102]],"o":[[4.089,0],[1.198,3.102],[0,5.358],[-1.692,4.512],[-4.159,0],[-1.269,-3.172],[0,-5.428],[1.692,-4.582]],"v":[[203.148,-44.835],[211.889,-37.997],[213.722,-25.167],[211.889,-12.337],[203.148,-5.499],[194.407,-12.337],[192.574,-25.167],[194.407,-37.997]],"c":true},"ix":2},"nm":"0","mn":"ADBE Vector Shape - Group","hd":false},{"ty":"mm","mm":1,"nm":"合并路径 1","mn":"ADBE Vector Filter - Merge","hd":false},{"ty":"fl","c":{"a":0,"k":[0.596079987171,0.596079987171,0.596079987171,1],"ix":4},"o":{"a":0,"k":100,"ix":5},"r":1,"bm":0,"nm":"填充 1","mn":"ADBE Vector Graphic - Fill","hd":false},{"ty":"tr","p":{"a":0,"k":[0,0],"ix":2},"a":{"a":0,"k":[0,0],"ix":1},"s":{"a":0,"k":[100,100],"ix":3},"r":{"a":0,"k":0,"ix":6},"o":{"a":0,"k":100,"ix":7},"sk":{"a":0,"k":0,"ix":4},"sa":{"a":0,"k":0,"ix":5},"nm":"变换"}],"nm":"0","np":5,"cix":2,"bm":0,"ix":4,"mn":"ADBE Vector Group","hd":false},{"ty":"gr","it":[{"ind":0,"ty":"sh","ix":1,"ks":{"a":0,"k":{"i":[[-2.961,4.935],[0,0],[0,0],[0,0],[0,0],[0,0],[0,0],[0,0],[0,0],[0,0],[0,0],[0,0],[0,0],[0,0],[0,0],[0,0],[0,0],[0,0],[0,0],[0,0],[0,0],[0,0],[-0.705,2.397],[0,0],[7.05,-5.287],[0,0]],"o":[[0,0],[0,0],[0,0],[0,0],[0,0],[0,0],[0,0],[0,0],[0,0],[0,0],[0,0],[0,0],[0,0],[0,0],[0,0],[0,0],[0,0],[0,0],[0,0],[0,0],[0,0],[0.846,-2.115],[0,0],[-2.397,8.882],[0,0],[4.441,-3.384]],"v":[[242.187,-43.989],[259.951,-43.989],[259.951,-34.261],[239.014,-34.261],[239.014,-14.311],[227.946,-14.311],[227.946,-7.755],[259.951,-7.755],[259.951,7.473],[266.649,7.473],[266.649,-7.755],[290.476,-7.755],[290.476,-14.311],[266.649,-14.311],[266.649,-27.987],[285.823,-27.987],[285.823,-34.261],[266.649,-34.261],[266.649,-43.989],[288.291,-43.989],[288.291,-50.475],[245.429,-50.475],[247.685,-57.172],[240.777,-58.441],[226.607,-37.222],[231.119,-31.582]],"c":true},"ix":2},"nm":"年","mn":"ADBE Vector Shape - Group","hd":false},{"ind":1,"ty":"sh","ix":2,"ks":{"a":0,"k":{"i":[[0,0],[0,0],[0,0],[0,0]],"o":[[0,0],[0,0],[0,0],[0,0]],"v":[[245.782,-14.311],[245.782,-27.987],[259.951,-27.987],[259.951,-14.311]],"c":true},"ix":2},"nm":"年","mn":"ADBE Vector Shape - Group","hd":false},{"ty":"mm","mm":1,"nm":"合并路径 1","mn":"ADBE Vector Filter - Merge","hd":false},{"ty":"fl","c":{"a":0,"k":[0.596079987171,0.596079987171,0.596079987171,1],"ix":4},"o":{"a":0,"k":100,"ix":5},"r":1,"bm":0,"nm":"填充 1","mn":"ADBE Vector Graphic - Fill","hd":false},{"ty":"tr","p":{"a":0,"k":[0,0],"ix":2},"a":{"a":0,"k":[0,0],"ix":1},"s":{"a":0,"k":[100,100],"ix":3},"r":{"a":0,"k":0,"ix":6},"o":{"a":0,"k":100,"ix":7},"sk":{"a":0,"k":0,"ix":4},"sa":{"a":0,"k":0,"ix":5},"nm":"变换"}],"nm":"年","np":5,"cix":2,"bm":0,"ix":5,"mn":"ADBE Vector Group","hd":false}],"ip":0,"op":190,"st":0,"bm":0},{"ddd":0,"ind":27,"ty":4,"nm":"“でどのように”轮廓","sr":1,"ks":{"o":{"a":1,"k":[{"i":{"x":[0.833],"y":[0.833]},"o":{"x":[0.167],"y":[0.167]},"t":10,"s":[0]},{"i":{"x":[0.833],"y":[0.833]},"o":{"x":[0.167],"y":[0.167]},"t":30,"s":[100]},{"i":{"x":[0.833],"y":[0.833]},"o":{"x":[0.167],"y":[0.167]},"t":180,"s":[100]},{"t":189,"s":[0]}],"ix":11},"r":{"a":0,"k":0,"ix":10},"p":{"a":0,"k":[58,606,0],"ix":2},"a":{"a":0,"k":[0,0,0],"ix":1},"s":{"a":0,"k":[100,100,100],"ix":6}},"ao":0,"hasMask":true,"masksProperties":[{"inv":false,"mode":"a","pt":{"a":1,"k":[{"i":{"x":0.667,"y":1},"o":{"x":0.333,"y":0},"t":10,"s":[{"i":[[0,0],[0,0],[0,0],[0,0]],"o":[[0,0],[0,0],[0,0],[0,0]],"v":[[-48,-101],[-365.648,-101],[-365.648,48.859],[-48,48.859]],"c":true}]},{"i":{"x":0.667,"y":1},"o":{"x":0.333,"y":0},"t":30,"s":[{"i":[[0,0],[0,0],[0,0],[0,0]],"o":[[0,0],[0,0],[0,0],[0,0]],"v":[[520,-101],[-42.648,-101],[-42.648,48.859],[520,48.859]],"c":true}]},{"i":{"x":0.667,"y":1},"o":{"x":0.333,"y":0},"t":180,"s":[{"i":[[0,0],[0,0],[0,0],[0,0]],"o":[[0,0],[0,0],[0,0],[0,0]],"v":[[520,-101],[-42.648,-101],[-42.648,48.859],[520,48.859]],"c":true}]},{"t":189,"s":[{"i":[[0,0],[0,0],[0,0],[0,0]],"o":[[0,0],[0,0],[0,0],[0,0]],"v":[[587,-102],[269.352,-102],[269.352,47.859],[587,47.859]],"c":true}]}],"ix":1},"o":{"a":0,"k":100,"ix":3},"x":{"a":0,"k":0,"ix":4},"nm":"蒙版 1"}],"shapes":[{"ty":"gr","it":[{"ind":0,"ty":"sh","ix":1,"ks":{"a":0,"k":{"i":[[3.313,3.031],[0,0],[-2.044,-3.525],[0,0]],"o":[[0,0],[2.89,2.749],[0,0],[-1.833,-3.243]],"v":[[58.229,-40.042],[54.705,-37.222],[62.107,-27.775],[65.984,-30.595]],"c":true},"ix":2},"nm":"で","mn":"ADBE Vector Shape - Group","hd":false},{"ind":1,"ty":"sh","ix":2,"ks":{"a":0,"k":{"i":[[3.102,2.82],[0,0],[-2.044,-3.454],[0,0]],"o":[[0,0],[2.961,2.82],[0,0],[-1.974,-3.525]],"v":[[51.391,-35.248],[47.726,-32.428],[55.269,-22.982],[59.075,-25.66]],"c":true},"ix":2},"nm":"で","mn":"ADBE Vector Shape - Group","hd":false},{"ind":2,"ty":"sh","ix":3,"ks":{"a":0,"k":{"i":[[0,0],[21.572,-2.326],[0,0],[-11.138,0.846],[2.679,-3.666],[0,-5.358],[-5.146,-3.666],[-10.997,-0.141],[0,0],[4.512,2.89],[0,4.371],[-2.749,4.018],[-3.454,2.538],[-1.974,0],[0,0]],"o":[[-17.06,0.141],[0,0],[10.433,-1.269],[-4.512,2.82],[-3.454,4.512],[0,6.486],[5.499,3.948],[0,0],[-9.023,-0.282],[-4.159,-2.679],[0,-4.089],[2.256,-3.384],[3.172,-2.256],[0,0],[0,0]],"v":[[63.658,-50.193],[5.71,-46.527],[6.627,-39.901],[38.984,-43.073],[28.198,-33.344],[23.052,-18.47],[30.736,-3.243],[55.551,2.89],[56.819,-3.525],[36.446,-8.318],[30.243,-18.893],[34.331,-31.089],[42.932,-39.971],[50.616,-43.425],[63.799,-43.919]],"c":true},"ix":2},"nm":"で","mn":"ADBE Vector Shape - Group","hd":false},{"ty":"mm","mm":1,"nm":"合并路径 1","mn":"ADBE Vector Filter - Merge","hd":false},{"ty":"fl","c":{"a":0,"k":[0.596079987171,0.596079987171,0.596079987171,1],"ix":4},"o":{"a":0,"k":100,"ix":5},"r":1,"bm":0,"nm":"填充 1","mn":"ADBE Vector Graphic - Fill","hd":false},{"ty":"tr","p":{"a":0,"k":[0,0],"ix":2},"a":{"a":0,"k":[0,0],"ix":1},"s":{"a":0,"k":[100,100],"ix":3},"r":{"a":0,"k":0,"ix":6},"o":{"a":0,"k":100,"ix":7},"sk":{"a":0,"k":0,"ix":4},"sa":{"a":0,"k":0,"ix":5},"nm":"变换"}],"nm":"で","np":6,"cix":2,"bm":0,"ix":1,"mn":"ADBE Vector Group","hd":false},{"ty":"gr","it":[{"ind":0,"ty":"sh","ix":1,"ks":{"a":0,"k":{"i":[[3.313,3.031],[0,0],[-2.115,-3.595],[0,0]],"o":[[0,0],[2.89,2.749],[0,0],[-1.833,-3.243]],"v":[[130.415,-57.313],[126.819,-54.493],[134.292,-44.976],[138.169,-47.867]],"c":true},"ix":2},"nm":"ど","mn":"ADBE Vector Shape - Group","hd":false},{"ind":1,"ty":"sh","ix":2,"ks":{"a":0,"k":{"i":[[3.102,2.89],[0,0],[-2.044,-3.454],[0,0]],"o":[[0,0],[2.961,2.82],[0,0],[-1.974,-3.525]],"v":[[122.66,-54.352],[118.994,-51.532],[126.537,-42.086],[130.344,-44.765]],"c":true},"ix":2},"nm":"ど","mn":"ADBE Vector Shape - Group","hd":false},{"ind":2,"ty":"sh","ix":3,"ks":{"a":0,"k":{"i":[[0.141,6.627],[0,0],[-0.564,-3.525],[-1.41,-3.102],[1.198,-0.705],[0,-6.697],[-4.512,-2.397],[-9.446,0],[-6.274,0.775],[0,0],[8.459,0],[0,5.64],[-9.517,4.089],[-11.209,2.608],[0,0],[5.781,-2.115],[0.423,2.326]],"o":[[0,0],[0.141,6.133],[0.564,3.666],[-1.48,0.564],[-9.164,4.935],[0,5.217],[4.371,2.326],[8.53,0],[0,0],[-5.922,0.987],[-13.465,0],[0,-4.794],[6.486,-2.961],[0,0],[-8.248,2.044],[-0.987,-2.185],[-0.705,-3.595]],"v":[[101.512,-56.115],[94.25,-55.903],[95.308,-41.451],[98.269,-31.3],[94.25,-29.397],[80.504,-11.984],[87.271,-0.564],[107.997,2.961],[130.203,1.762],[129.569,-5.217],[107.997,-3.736],[87.835,-12.196],[102.076,-25.59],[128.652,-33.908],[126.044,-40.253],[105.036,-33.979],[102.851,-40.746]],"c":true},"ix":2},"nm":"ど","mn":"ADBE Vector Shape - Group","hd":false},{"ty":"mm","mm":1,"nm":"合并路径 1","mn":"ADBE Vector Filter - Merge","hd":false},{"ty":"fl","c":{"a":0,"k":[0.596079987171,0.596079987171,0.596079987171,1],"ix":4},"o":{"a":0,"k":100,"ix":5},"r":1,"bm":0,"nm":"填充 1","mn":"ADBE Vector Graphic - Fill","hd":false},{"ty":"tr","p":{"a":0,"k":[0,0],"ix":2},"a":{"a":0,"k":[0,0],"ix":1},"s":{"a":0,"k":[100,100],"ix":3},"r":{"a":0,"k":0,"ix":6},"o":{"a":0,"k":100,"ix":7},"sk":{"a":0,"k":0,"ix":4},"sa":{"a":0,"k":0,"ix":5},"nm":"变换"}],"nm":"ど","np":6,"cix":2,"bm":0,"ix":2,"mn":"ADBE Vector Group","hd":false},{"ty":"gr","it":[{"ind":0,"ty":"sh","ix":1,"ks":{"a":0,"k":{"i":[[8.036,0],[5.922,-6.204],[0,-7.755],[-2.538,-3.595],[-4.441,0],[-3.102,6.415],[-1.198,7.896],[0,0],[-3.525,-2.82],[0,-5.64],[3.525,-3.243],[8.318,-1.551],[0,0],[-4.371,3.807],[0,8.036],[5.358,4.794]],"o":[[-9.446,0],[-5.499,5.569],[0,5.076],[2.749,3.736],[5.076,0],[2.256,-4.512],[0,0],[4.653,0.423],[4.441,3.525],[0,5.992],[-3.666,3.243],[0,0],[9.305,-1.974],[4.935,-4.512],[0,-7.191],[-5.499,-4.794]],"v":[[176.728,-49.417],[153.676,-40.182],[145.499,-20.232],[149.305,-7.191],[160.091,-1.551],[172.357,-11.209],[177.504,-29.749],[179.055,-42.861],[191.321,-37.997],[198.018,-24.25],[192.66,-10.363],[174.684,-3.102],[176.94,3.313],[197.524,-5.358],[204.997,-24.25],[196.96,-42.227]],"c":true},"ix":2},"nm":"の","mn":"ADBE Vector Shape - Group","hd":false},{"ind":1,"ty":"sh","ix":2,"ks":{"a":0,"k":{"i":[[3.948,0],[1.41,2.115],[0,3.666],[-4.864,4.371],[-4.794,0.705],[1.128,-5.428]],"o":[[-2.115,0],[-1.551,-2.326],[0,-6.486],[3.595,-3.384],[-0.564,6.133],[-2.467,11.561]],"v":[[160.091,-7.966],[154.804,-11.209],[152.478,-20.232],[159.739,-36.587],[172.287,-42.72],[169.749,-25.378]],"c":true},"ix":2},"nm":"の","mn":"ADBE Vector Shape - Group","hd":false},{"ty":"mm","mm":1,"nm":"合并路径 1","mn":"ADBE Vector Filter - Merge","hd":false},{"ty":"fl","c":{"a":0,"k":[0.596079987171,0.596079987171,0.596079987171,1],"ix":4},"o":{"a":0,"k":100,"ix":5},"r":1,"bm":0,"nm":"填充 1","mn":"ADBE Vector Graphic - Fill","hd":false},{"ty":"tr","p":{"a":0,"k":[0,0],"ix":2},"a":{"a":0,"k":[0,0],"ix":1},"s":{"a":0,"k":[100,100],"ix":3},"r":{"a":0,"k":0,"ix":6},"o":{"a":0,"k":100,"ix":7},"sk":{"a":0,"k":0,"ix":4},"sa":{"a":0,"k":0,"ix":5},"nm":"变换"}],"nm":"の","np":5,"cix":2,"bm":0,"ix":3,"mn":"ADBE Vector Group","hd":false},{"ty":"gr","it":[{"ind":0,"ty":"sh","ix":1,"ks":{"a":0,"k":{"i":[[0,0],[0,0],[0.423,4.794],[0,0],[-0.282,-8.671],[2.256,0],[3.031,-2.538],[0,-3.525],[-2.679,-2.044],[-4.653,0],[-2.679,2.538],[-0.423,4.23],[-1.128,-0.564],[-4.159,-3.313],[0,0],[6.274,2.961],[1.621,0.634],[0.352,6.274],[0,0]],"o":[[0,0],[-0.352,-4.3],[0,0],[1.339,14.804],[-2.538,-0.564],[-5.781,0],[-2.679,2.185],[0,3.384],[2.749,1.974],[5.217,0],[2.326,-2.185],[0.987,0.423],[5.922,2.89],[0,0],[-5.005,-4.089],[-1.833,-0.846],[-0.141,-5.217],[0,0],[0,0]],"v":[[267.665,-42.227],[248.561,-41.099],[247.433,-54.705],[240.313,-54.705],[242.71,-19.527],[235.59,-20.373],[222.407,-16.637],[218.389,-8.036],[222.407,0.141],[233.546,3.102],[245.389,-0.775],[249.548,-10.363],[252.65,-8.953],[267.736,0.352],[271.754,-4.794],[254.835,-15.298],[249.689,-17.483],[248.984,-34.684],[267.665,-35.882]],"c":true},"ix":2},"nm":"よ","mn":"ADBE Vector Shape - Group","hd":false},{"ind":1,"ty":"sh","ix":2,"ks":{"a":0,"k":{"i":[[-2.679,-0.775],[0.987,-1.551],[3.384,0],[1.41,0.987],[0,1.339],[-1.692,0.987],[-3.525,0]],"o":[[-0.211,2.679],[-1.551,2.256],[-2.749,0],[-1.41,-0.916],[0,-1.974],[1.762,-1.057],[2.044,0]],"v":[[242.71,-12.901],[240.948,-6.627],[233.546,-3.172],[227.271,-4.653],[225.227,-8.036],[227.694,-12.478],[235.59,-14.029]],"c":true},"ix":2},"nm":"よ","mn":"ADBE Vector Shape - Group","hd":false},{"ty":"mm","mm":1,"nm":"合并路径 1","mn":"ADBE Vector Filter - Merge","hd":false},{"ty":"fl","c":{"a":0,"k":[0.596079987171,0.596079987171,0.596079987171,1],"ix":4},"o":{"a":0,"k":100,"ix":5},"r":1,"bm":0,"nm":"填充 1","mn":"ADBE Vector Graphic - Fill","hd":false},{"ty":"tr","p":{"a":0,"k":[0,0],"ix":2},"a":{"a":0,"k":[0,0],"ix":1},"s":{"a":0,"k":[100,100],"ix":3},"r":{"a":0,"k":0,"ix":6},"o":{"a":0,"k":100,"ix":7},"sk":{"a":0,"k":0,"ix":4},"sa":{"a":0,"k":0,"ix":5},"nm":"变换"}],"nm":"よ","np":5,"cix":2,"bm":0,"ix":4,"mn":"ADBE Vector Group","hd":false},{"ty":"gr","it":[{"ind":0,"ty":"sh","ix":1,"ks":{"a":0,"k":{"i":[[11.702,0.987],[0,0],[-9.376,-2.397],[0,0]],"o":[[0,0],[10.786,0.846],[0,0],[-9.023,-2.397]],"v":[[300.585,-55.41],[299.527,-48.783],[329.77,-43.919],[331.673,-50.334]],"c":true},"ix":2},"nm":"う","mn":"ADBE Vector Shape - Group","hd":false},{"ind":1,"ty":"sh","ix":2,"ks":{"a":0,"k":{"i":[[6.345,0],[6.345,-1.339],[5.358,-1.551],[0,0],[-5.851,0],[-2.115,-1.974],[0,-3.243],[5.64,-3.525],[9.305,-1.339],[0,0],[-5.71,4.371],[0,7.473],[3.313,2.89]],"o":[[-3.666,0],[-4.371,0.846],[0,0],[12.689,-3.666],[3.948,0],[1.903,1.833],[0,5.71],[-4.935,3.172],[0,0],[11.068,-1.833],[6.063,-4.723],[0,-5.358],[-3.384,-2.961]],"v":[[320.182,-39.76],[305.167,-37.786],[290.504,-34.19],[292.478,-27.705],[320.323,-33.203],[329.417,-30.243],[332.308,-22.7],[323.848,-8.812],[302.488,-2.044],[305.449,4.653],[330.616,-4.653],[339.78,-22.982],[334.775,-35.318]],"c":true},"ix":2},"nm":"う","mn":"ADBE Vector Shape - Group","hd":false},{"ty":"mm","mm":1,"nm":"合并路径 1","mn":"ADBE Vector Filter - Merge","hd":false},{"ty":"fl","c":{"a":0,"k":[0.596079987171,0.596079987171,0.596079987171,1],"ix":4},"o":{"a":0,"k":100,"ix":5},"r":1,"bm":0,"nm":"填充 1","mn":"ADBE Vector Graphic - Fill","hd":false},{"ty":"tr","p":{"a":0,"k":[0,0],"ix":2},"a":{"a":0,"k":[0,0],"ix":1},"s":{"a":0,"k":[100,100],"ix":3},"r":{"a":0,"k":0,"ix":6},"o":{"a":0,"k":100,"ix":7},"sk":{"a":0,"k":0,"ix":4},"sa":{"a":0,"k":0,"ix":5},"nm":"变换"}],"nm":"う","np":5,"cix":2,"bm":0,"ix":5,"mn":"ADBE Vector Group","hd":false},{"ty":"gr","it":[{"ind":0,"ty":"sh","ix":1,"ks":{"a":0,"k":{"i":[[0,0],[12.196,-0.846],[0,0],[-12.83,0]],"o":[[-12.337,0],[0,0],[10.715,-0.775],[0,0]],"v":[[412.6,-46.88],[375.801,-45.611],[376.859,-38.843],[412.177,-39.971]],"c":true},"ix":2},"nm":"に","mn":"ADBE Vector Shape - Group","hd":false},{"ind":1,"ty":"sh","ix":2,"ks":{"a":0,"k":{"i":[[0,0],[0,-3.525],[-4.159,-2.044],[-8.177,0],[-7.05,0.564],[0,0],[4.723,0],[2.679,0.846],[0,2.115],[-2.679,4.089]],"o":[[-3.172,5.428],[0,4.441],[3.877,1.833],[3.595,0],[0,0],[-5.64,0.634],[-5.428,0],[-3.172,-0.987],[0,-2.467],[0,0]],"v":[[379.749,-25.237],[375.026,-11.843],[381.23,-2.115],[399.276,0.705],[415.208,-0.141],[414.856,-7.12],[399.276,-6.133],[387.081,-7.473],[382.357,-12.196],[386.376,-21.995]],"c":true},"ix":2},"nm":"に","mn":"ADBE Vector Shape - Group","hd":false},{"ind":2,"ty":"sh","ix":3,"ks":{"a":0,"k":{"i":[[0,0],[0,-10.363],[-3.172,-7.896],[0,0],[0,9.023],[-2.679,10.01]],"o":[[-2.82,10.715],[0,9.728],[0,0],[-2.82,-6.909],[0,-10.01],[0,0]],"v":[[363.676,-54.423],[359.446,-22.77],[364.17,3.666],[370.867,1.198],[366.637,-22.77],[370.585,-52.801]],"c":true},"ix":2},"nm":"に","mn":"ADBE Vector Shape - Group","hd":false},{"ty":"mm","mm":1,"nm":"合并路径 1","mn":"ADBE Vector Filter - Merge","hd":false},{"ty":"fl","c":{"a":0,"k":[0.596079987171,0.596079987171,0.596079987171,1],"ix":4},"o":{"a":0,"k":100,"ix":5},"r":1,"bm":0,"nm":"填充 1","mn":"ADBE Vector Graphic - Fill","hd":false},{"ty":"tr","p":{"a":0,"k":[0,0],"ix":2},"a":{"a":0,"k":[0,0],"ix":1},"s":{"a":0,"k":[100,100],"ix":3},"r":{"a":0,"k":0,"ix":6},"o":{"a":0,"k":100,"ix":7},"sk":{"a":0,"k":0,"ix":4},"sa":{"a":0,"k":0,"ix":5},"nm":"变换"}],"nm":"に","np":6,"cix":2,"bm":0,"ix":6,"mn":"ADBE Vector Group","hd":false}],"ip":10,"op":190,"st":10,"bm":0},{"ddd":0,"ind":29,"ty":4,"nm":"“見えるでしょう”轮廓","sr":1,"ks":{"o":{"a":1,"k":[{"i":{"x":[0.833],"y":[0.833]},"o":{"x":[0.167],"y":[0.167]},"t":20,"s":[0]},{"i":{"x":[0.833],"y":[0.833]},"o":{"x":[0.167],"y":[0.167]},"t":40,"s":[100]},{"i":{"x":[0.833],"y":[0.833]},"o":{"x":[0.167],"y":[0.167]},"t":180,"s":[100]},{"t":189,"s":[0]}],"ix":11},"r":{"a":0,"k":0,"ix":10},"p":{"a":0,"k":[58,704,0],"ix":2},"a":{"a":0,"k":[0,0,0],"ix":1},"s":{"a":0,"k":[100,100,100],"ix":6}},"ao":0,"hasMask":true,"masksProperties":[{"inv":false,"mode":"a","pt":{"a":1,"k":[{"i":{"x":0.667,"y":1},"o":{"x":0.333,"y":0},"t":20,"s":[{"i":[[0,0],[0,0],[0,0],[0,0]],"o":[[0,0],[0,0],[0,0],[0,0]],"v":[[-39,-98],[-444.633,-98],[-444.633,47.395],[-39,47.395]],"c":true}]},{"i":{"x":0.667,"y":1},"o":{"x":0.333,"y":0},"t":40,"s":[{"i":[[0,0],[0,0],[0,0],[0,0]],"o":[[0,0],[0,0],[0,0],[0,0]],"v":[[550,-98],[-52.633,-98],[-52.633,47.395],[550,47.395]],"c":true}]},{"i":{"x":0.667,"y":1},"o":{"x":0.333,"y":0},"t":180,"s":[{"i":[[0,0],[0,0],[0,0],[0,0]],"o":[[0,0],[0,0],[0,0],[0,0]],"v":[[550,-98],[-52.633,-98],[-52.633,47.395],[550,47.395]],"c":true}]},{"t":189,"s":[{"i":[[0,0],[0,0],[0,0],[0,0]],"o":[[0,0],[0,0],[0,0],[0,0]],"v":[[743,-98],[337.367,-98],[337.367,47.395],[743,47.395]],"c":true}]}],"ix":1},"o":{"a":0,"k":100,"ix":3},"x":{"a":0,"k":0,"ix":4},"nm":"蒙版 1"}],"shapes":[{"ty":"gr","it":[{"ind":0,"ty":"sh","ix":1,"ks":{"a":0,"k":{"i":[[0,0],[0,0],[0,0],[2.679,-2.82],[8.036,-1.833],[0,0],[-3.666,3.595],[-0.423,6.204],[0,0],[0,0],[-4.935,0],[0,0],[-1.41,1.128],[-0.564,6.486],[0,0],[0.705,-0.846],[1.41,0],[0,0],[0,1.833],[0,0],[0,0],[0,0]],"o":[[0,0],[0,0],[-0.423,4.3],[-2.961,2.82],[0,0],[8.248,-1.974],[3.595,-3.736],[0,0],[0,0],[0,5.146],[0,0],[2.82,0],[1.48,-1.269],[0,0],[-0.282,4.441],[-0.634,0.775],[0,0],[-1.974,0],[0,0],[0,0],[0,0],[0,0]],"v":[[11.632,-55.48],[11.632,-15.862],[23.969,-15.862],[19.386,-5.217],[2.89,1.762],[6.556,7.402],[24.462,-0.987],[30.454,-15.862],[39.266,-15.862],[39.266,-2.115],[46.668,5.64],[58.582,5.64],[64.997,3.877],[68.099,-7.825],[61.895,-9.799],[60.344,-1.833],[57.313,-0.634],[48.712,-0.634],[45.822,-3.454],[45.822,-15.862],[58.864,-15.862],[58.864,-55.48]],"c":true},"ix":2},"nm":"見","mn":"ADBE Vector Shape - Group","hd":false},{"ind":1,"ty":"sh","ix":2,"ks":{"a":0,"k":{"i":[[0,0],[0,0],[0,0],[0,0]],"o":[[0,0],[0,0],[0,0],[0,0]],"v":[[52.167,-21.783],[18.329,-21.783],[18.329,-27.705],[52.167,-27.705]],"c":true},"ix":2},"nm":"見","mn":"ADBE Vector Shape - Group","hd":false},{"ind":2,"ty":"sh","ix":3,"ks":{"a":0,"k":{"i":[[0,0],[0,0],[0,0],[0,0]],"o":[[0,0],[0,0],[0,0],[0,0]],"v":[[18.329,-33.344],[18.329,-38.843],[52.167,-38.843],[52.167,-33.344]],"c":true},"ix":2},"nm":"見","mn":"ADBE Vector Shape - Group","hd":false},{"ind":3,"ty":"sh","ix":4,"ks":{"a":0,"k":{"i":[[0,0],[0,0],[0,0],[0,0]],"o":[[0,0],[0,0],[0,0],[0,0]],"v":[[18.329,-44.412],[18.329,-49.699],[52.167,-49.699],[52.167,-44.412]],"c":true},"ix":2},"nm":"見","mn":"ADBE Vector Shape - Group","hd":false},{"ty":"mm","mm":1,"nm":"合并路径 1","mn":"ADBE Vector Filter - Merge","hd":false},{"ty":"fl","c":{"a":0,"k":[0.596079987171,0.596079987171,0.596079987171,1],"ix":4},"o":{"a":0,"k":100,"ix":5},"r":1,"bm":0,"nm":"填充 1","mn":"ADBE Vector Graphic - Fill","hd":false},{"ty":"tr","p":{"a":0,"k":[0,0],"ix":2},"a":{"a":0,"k":[0,0],"ix":1},"s":{"a":0,"k":[100,100],"ix":3},"r":{"a":0,"k":0,"ix":6},"o":{"a":0,"k":100,"ix":7},"sk":{"a":0,"k":0,"ix":4},"sa":{"a":0,"k":0,"ix":5},"nm":"变换"}],"nm":"見","np":7,"cix":2,"bm":0,"ix":1,"mn":"ADBE Vector Group","hd":false},{"ty":"gr","it":[{"ind":0,"ty":"sh","ix":1,"ks":{"a":0,"k":{"i":[[5.64,0.282],[0,0],[-5.358,-0.705],[-4.864,-1.128],[0,0],[5.64,0.775]],"o":[[0,0],[5.781,0.282],[5.992,0.705],[0,0],[-5.499,-1.128],[-5.992,-0.775]],"v":[[86.848,-55.198],[86.355,-48.36],[103.133,-46.809],[119.417,-44.13],[121.039,-50.757],[104.261,-53.647]],"c":true},"ix":2},"nm":"え","mn":"ADBE Vector Shape - Group","hd":false},{"ind":1,"ty":"sh","ix":2,"ks":{"a":0,"k":{"i":[[0,0],[14.734,-0.282],[0,0],[-7.755,1.128],[8.036,-7.825],[0,0],[0,0],[-2.326,1.128],[-1.762,0],[-0.564,-1.339],[0,-2.397],[-2.115,-2.044],[-4.653,0],[-4.653,0.634],[0,0],[3.454,0],[0.846,1.128],[0.07,2.82],[0.846,1.762],[2.82,0],[1.551,-0.705],[-5.358,4.794]],"o":[[-11.279,1.41],[0,0],[12.619,-0.282],[-15.368,14.593],[0,0],[0,0],[1.551,-1.551],[2.256,-1.198],[1.269,0],[0.352,0.987],[0,4.512],[1.974,1.974],[4.441,0],[0,0],[-4.794,0.634],[-2.749,0],[-0.634,-0.987],[-0.141,-3.736],[-1.128,-2.397],[-1.41,0],[5.64,-5.287],[0,0]],"v":[[118.571,-41.451],[79.587,-38.914],[79.587,-32.076],[110.112,-34.261],[75.005,-0.634],[80.222,4.089],[95.731,-10.997],[101.512,-14.945],[107.574,-16.707],[110.253,-14.734],[110.817,-9.587],[113.919,0.282],[123.859,3.243],[137.464,2.256],[136.477,-4.371],[124.141,-3.384],[118.783,-5.076],[117.726,-10.786],[116.316,-19.034],[110.323,-22.629],[105.882,-21.572],[122.378,-36.728]],"c":true},"ix":2},"nm":"え","mn":"ADBE Vector Shape - Group","hd":false},{"ty":"mm","mm":1,"nm":"合并路径 1","mn":"ADBE Vector Filter - Merge","hd":false},{"ty":"fl","c":{"a":0,"k":[0.596079987171,0.596079987171,0.596079987171,1],"ix":4},"o":{"a":0,"k":100,"ix":5},"r":1,"bm":0,"nm":"填充 1","mn":"ADBE Vector Graphic - Fill","hd":false},{"ty":"tr","p":{"a":0,"k":[0,0],"ix":2},"a":{"a":0,"k":[0,0],"ix":1},"s":{"a":0,"k":[100,100],"ix":3},"r":{"a":0,"k":0,"ix":6},"o":{"a":0,"k":100,"ix":7},"sk":{"a":0,"k":0,"ix":4},"sa":{"a":0,"k":0,"ix":5},"nm":"变换"}],"nm":"え","np":5,"cix":2,"bm":0,"ix":2,"mn":"ADBE Vector Group","hd":false},{"ty":"gr","it":[{"ind":0,"ty":"sh","ix":1,"ks":{"a":0,"k":{"i":[[0,0],[0,0],[0,0],[0,0],[0,0],[0,0],[-4.512,2.115],[-5.217,0],[-2.185,-1.48],[0,-3.454],[4.653,-2.467],[0,0],[1.974,1.974],[4.935,0],[2.256,-2.256],[0,-2.89],[-2.961,-1.903],[-5.076,0],[-5.005,3.384],[0,5.64],[3.313,2.961],[6.063,0],[4.089,-1.974],[-7.473,5.851]],"o":[[0,0],[0,0],[0,0],[0,0],[0,0],[4.23,-3.736],[5.287,-2.397],[4.089,0],[2.397,1.692],[0,4.159],[0,0],[-0.987,-3.454],[-2.82,-3.031],[-3.807,0],[-2.115,1.974],[0,3.243],[2.89,1.903],[7.755,0],[4.935,-3.454],[0,-4.935],[-3.384,-2.961],[-3.948,0],[8.036,-6.486],[0,0]],"v":[[190.263,-52.519],[154.029,-51.391],[154.381,-44.906],[182.227,-46.386],[148.6,-18.258],[152.901,-13.676],[166.013,-22.418],[181.804,-26.013],[191.18,-23.828],[194.846,-16.073],[187.796,-6.133],[187.373,-5.922],[182.932,-14.099],[171.23,-18.611],[162.065,-15.298],[158.893,-7.966],[163.334,-0.211],[175.318,2.679],[194.423,-2.397],[201.825,-16.073],[196.819,-27.846],[182.579,-32.216],[170.595,-29.326],[193.929,-47.867]],"c":true},"ix":2},"nm":"る","mn":"ADBE Vector Shape - Group","hd":false},{"ind":1,"ty":"sh","ix":2,"ks":{"a":0,"k":{"i":[[0,-0.141],[1.974,0],[1.692,1.128],[0,1.128],[-0.987,0.846],[-1.692,0],[-1.551,-5.64]],"o":[[-1.833,0.282],[-3.525,0],[-1.269,-0.846],[0,-1.269],[0.987,-0.916],[5.005,0],[0,0.07]],"v":[[181.099,-3.807],[175.318,-3.313],[167.493,-5.076],[165.66,-8.036],[167.141,-11.209],[171.23,-12.548],[181.028,-4.159]],"c":true},"ix":2},"nm":"る","mn":"ADBE Vector Shape - Group","hd":false},{"ty":"mm","mm":1,"nm":"合并路径 1","mn":"ADBE Vector Filter - Merge","hd":false},{"ty":"fl","c":{"a":0,"k":[0.596079987171,0.596079987171,0.596079987171,1],"ix":4},"o":{"a":0,"k":100,"ix":5},"r":1,"bm":0,"nm":"填充 1","mn":"ADBE Vector Graphic - Fill","hd":false},{"ty":"tr","p":{"a":0,"k":[0,0],"ix":2},"a":{"a":0,"k":[0,0],"ix":1},"s":{"a":0,"k":[100,100],"ix":3},"r":{"a":0,"k":0,"ix":6},"o":{"a":0,"k":100,"ix":7},"sk":{"a":0,"k":0,"ix":4},"sa":{"a":0,"k":0,"ix":5},"nm":"变换"}],"nm":"る","np":5,"cix":2,"bm":0,"ix":3,"mn":"ADBE Vector Group","hd":false},{"ty":"gr","it":[{"ind":0,"ty":"sh","ix":1,"ks":{"a":0,"k":{"i":[[3.313,3.031],[0,0],[-2.044,-3.525],[0,0]],"o":[[0,0],[2.89,2.749],[0,0],[-1.833,-3.243]],"v":[[268.229,-40.042],[264.705,-37.222],[272.107,-27.775],[275.984,-30.595]],"c":true},"ix":2},"nm":"で","mn":"ADBE Vector Shape - Group","hd":false},{"ind":1,"ty":"sh","ix":2,"ks":{"a":0,"k":{"i":[[3.102,2.82],[0,0],[-2.044,-3.454],[0,0]],"o":[[0,0],[2.961,2.82],[0,0],[-1.974,-3.525]],"v":[[261.391,-35.248],[257.726,-32.428],[265.269,-22.982],[269.075,-25.66]],"c":true},"ix":2},"nm":"で","mn":"ADBE Vector Shape - Group","hd":false},{"ind":2,"ty":"sh","ix":3,"ks":{"a":0,"k":{"i":[[0,0],[21.572,-2.326],[0,0],[-11.138,0.846],[2.679,-3.666],[0,-5.358],[-5.146,-3.666],[-10.997,-0.141],[0,0],[4.512,2.89],[0,4.371],[-2.749,4.018],[-3.454,2.538],[-1.974,0],[0,0]],"o":[[-17.06,0.141],[0,0],[10.433,-1.269],[-4.512,2.82],[-3.454,4.512],[0,6.486],[5.499,3.948],[0,0],[-9.023,-0.282],[-4.159,-2.679],[0,-4.089],[2.256,-3.384],[3.172,-2.256],[0,0],[0,0]],"v":[[273.658,-50.193],[215.71,-46.527],[216.627,-39.901],[248.984,-43.073],[238.198,-33.344],[233.052,-18.47],[240.736,-3.243],[265.551,2.89],[266.819,-3.525],[246.446,-8.318],[240.243,-18.893],[244.331,-31.089],[252.932,-39.971],[260.616,-43.425],[273.799,-43.919]],"c":true},"ix":2},"nm":"で","mn":"ADBE Vector Shape - Group","hd":false},{"ty":"mm","mm":1,"nm":"合并路径 1","mn":"ADBE Vector Filter - Merge","hd":false},{"ty":"fl","c":{"a":0,"k":[0.596079987171,0.596079987171,0.596079987171,1],"ix":4},"o":{"a":0,"k":100,"ix":5},"r":1,"bm":0,"nm":"填充 1","mn":"ADBE Vector Graphic - Fill","hd":false},{"ty":"tr","p":{"a":0,"k":[0,0],"ix":2},"a":{"a":0,"k":[0,0],"ix":1},"s":{"a":0,"k":[100,100],"ix":3},"r":{"a":0,"k":0,"ix":6},"o":{"a":0,"k":100,"ix":7},"sk":{"a":0,"k":0,"ix":4},"sa":{"a":0,"k":0,"ix":5},"nm":"变换"}],"nm":"で","np":6,"cix":2,"bm":0,"ix":4,"mn":"ADBE Vector Group","hd":false},{"ty":"gr","it":[{"ind":0,"ty":"sh","ix":1,"ks":{"a":0,"k":{"i":[[0,0],[0,0],[-13.535,0],[-5.358,5.71],[-2.89,7.755],[0,0],[9.869,0],[0,7.966],[0,0]],"o":[[0,0],[0,11.984],[7.825,0],[3.948,-4.23],[0,0],[-5.569,14.663],[-8.6,0],[0,0],[0,0]],"v":[[295.58,-54.141],[295.58,-14.522],[315.812,3.454],[335.621,-5.146],[345.843,-23.052],[339.005,-25.59],[315.812,-3.525],[302.911,-15.509],[302.911,-54.141]],"c":true},"ix":2},"nm":"し","mn":"ADBE Vector Shape - Group","hd":false},{"ty":"fl","c":{"a":0,"k":[0.596079987171,0.596079987171,0.596079987171,1],"ix":4},"o":{"a":0,"k":100,"ix":5},"r":1,"bm":0,"nm":"填充 1","mn":"ADBE Vector Graphic - Fill","hd":false},{"ty":"tr","p":{"a":0,"k":[0,0],"ix":2},"a":{"a":0,"k":[0,0],"ix":1},"s":{"a":0,"k":[100,100],"ix":3},"r":{"a":0,"k":0,"ix":6},"o":{"a":0,"k":100,"ix":7},"sk":{"a":0,"k":0,"ix":4},"sa":{"a":0,"k":0,"ix":5},"nm":"变换"}],"nm":"し","np":3,"cix":2,"bm":0,"ix":5,"mn":"ADBE Vector Group","hd":false},{"ty":"gr","it":[{"ind":0,"ty":"sh","ix":1,"ks":{"a":0,"k":{"i":[[0,0],[4.371,-0.423],[0,0],[0,0],[-0.282,-5.358],[1.551,0],[2.256,-2.115],[0,-2.679],[-2.256,-1.762],[-3.666,0],[-2.256,2.538],[-0.423,2.397],[0,0],[-2.961,-2.679],[0,0],[5.217,2.326],[0.987,0.352],[0.282,4.371],[0,0]],"o":[[-4.582,0.282],[0,0],[0,0],[0.846,11.279],[-1.833,-0.423],[-4.371,0],[-1.974,1.762],[0,2.749],[2.115,1.692],[4.371,0],[1.41,-1.692],[0,0],[4.794,2.185],[0,0],[-3.595,-3.031],[-1.057,-0.493],[-0.07,-3.102],[0,0],[0,0]],"v":[[401.885,-31.371],[388.42,-30.313],[387.645,-39.971],[380.877,-39.971],[382.569,-15.016],[377.423,-15.58],[367.483,-12.478],[364.522,-5.851],[367.835,0.916],[376.506,3.525],[386.517,-0.282],[389.196,-6.415],[389.266,-6.415],[400.898,0.846],[405.621,-3.666],[392.438,-11.702],[389.337,-12.971],[388.843,-24.18],[401.885,-25.026]],"c":true},"ix":2},"nm":"ょ","mn":"ADBE Vector Shape - Group","hd":false},{"ind":1,"ty":"sh","ix":2,"ks":{"a":0,"k":{"i":[[-1.974,-0.564],[3.807,0],[0.987,0.775],[0,0.705],[-0.846,0.705],[-2.115,0]],"o":[[-0.282,4.159],[-1.692,0],[-0.775,-0.634],[0,-0.987],[1.057,-0.916],[1.48,0]],"v":[[382.639,-8.882],[376.506,-2.608],[372.488,-3.807],[371.36,-5.851],[372.629,-8.389],[377.423,-9.728]],"c":true},"ix":2},"nm":"ょ","mn":"ADBE Vector Shape - Group","hd":false},{"ty":"mm","mm":1,"nm":"合并路径 1","mn":"ADBE Vector Filter - Merge","hd":false},{"ty":"fl","c":{"a":0,"k":[0.596079987171,0.596079987171,0.596079987171,1],"ix":4},"o":{"a":0,"k":100,"ix":5},"r":1,"bm":0,"nm":"填充 1","mn":"ADBE Vector Graphic - Fill","hd":false},{"ty":"tr","p":{"a":0,"k":[0,0],"ix":2},"a":{"a":0,"k":[0,0],"ix":1},"s":{"a":0,"k":[100,100],"ix":3},"r":{"a":0,"k":0,"ix":6},"o":{"a":0,"k":100,"ix":7},"sk":{"a":0,"k":0,"ix":4},"sa":{"a":0,"k":0,"ix":5},"nm":"变换"}],"nm":"ょ","np":5,"cix":2,"bm":0,"ix":6,"mn":"ADBE Vector Group","hd":false},{"ty":"gr","it":[{"ind":0,"ty":"sh","ix":1,"ks":{"a":0,"k":{"i":[[11.702,0.987],[0,0],[-9.376,-2.397],[0,0]],"o":[[0,0],[10.786,0.846],[0,0],[-9.023,-2.397]],"v":[[440.585,-55.41],[439.527,-48.783],[469.77,-43.919],[471.673,-50.334]],"c":true},"ix":2},"nm":"う","mn":"ADBE Vector Shape - Group","hd":false},{"ind":1,"ty":"sh","ix":2,"ks":{"a":0,"k":{"i":[[6.345,0],[6.345,-1.339],[5.358,-1.551],[0,0],[-5.851,0],[-2.115,-1.974],[0,-3.243],[5.64,-3.525],[9.305,-1.339],[0,0],[-5.71,4.371],[0,7.473],[3.313,2.89]],"o":[[-3.666,0],[-4.371,0.846],[0,0],[12.689,-3.666],[3.948,0],[1.903,1.833],[0,5.71],[-4.935,3.172],[0,0],[11.068,-1.833],[6.063,-4.723],[0,-5.358],[-3.384,-2.961]],"v":[[460.182,-39.76],[445.167,-37.786],[430.504,-34.19],[432.478,-27.705],[460.323,-33.203],[469.417,-30.243],[472.308,-22.7],[463.848,-8.812],[442.488,-2.044],[445.449,4.653],[470.616,-4.653],[479.78,-22.982],[474.775,-35.318]],"c":true},"ix":2},"nm":"う","mn":"ADBE Vector Shape - Group","hd":false},{"ty":"mm","mm":1,"nm":"合并路径 1","mn":"ADBE Vector Filter - Merge","hd":false},{"ty":"fl","c":{"a":0,"k":[0.596079987171,0.596079987171,0.596079987171,1],"ix":4},"o":{"a":0,"k":100,"ix":5},"r":1,"bm":0,"nm":"填充 1","mn":"ADBE Vector Graphic - Fill","hd":false},{"ty":"tr","p":{"a":0,"k":[0,0],"ix":2},"a":{"a":0,"k":[0,0],"ix":1},"s":{"a":0,"k":[100,100],"ix":3},"r":{"a":0,"k":0,"ix":6},"o":{"a":0,"k":100,"ix":7},"sk":{"a":0,"k":0,"ix":4},"sa":{"a":0,"k":0,"ix":5},"nm":"变换"}],"nm":"う","np":5,"cix":2,"bm":0,"ix":7,"mn":"ADBE Vector Group","hd":false}],"ip":20,"op":190,"st":20,"bm":0}],"markers":[]}