{"v":"5.6.8","fr":30,"ip":0,"op":330,"w":1125,"h":1050,"nm":"订阅视频-手相","ddd":0,"assets":[],"layers":[{"ddd":0,"ind":12,"ty":4,"nm":"“生命 : 2”轮廓","parent":74,"sr":1,"ks":{"o":{"a":1,"k":[{"i":{"x":[0.833],"y":[0.833]},"o":{"x":[0.167],"y":[0.167]},"t":230,"s":[0]},{"t":240,"s":[100]}],"ix":11},"r":{"a":0,"k":0,"ix":10},"p":{"a":0,"k":[265.592,-198.054,0],"ix":2},"a":{"a":0,"k":[-0.81,-13.716,0],"ix":1},"s":{"a":0,"k":[100,100,100],"ix":6}},"ao":0,"shapes":[{"ty":"gr","it":[{"ind":0,"ty":"sh","ix":1,"ks":{"a":0,"k":{"i":[[0,0],[0,0],[0,0],[0,0],[0,0],[0,0],[0,0],[0,0],[0,0],[0,0],[0,0],[0,0],[0,0],[-0.508,1.74],[0,0],[2.828,-3.045],[-0.87,-0.689],[-1.051,1.994],[0,0],[0,0],[0,0],[0,0],[0,0],[0,0],[0,0],[0,0],[0,0],[0,0]],"o":[[0,0],[0,0],[0,0],[0,0],[0,0],[0,0],[0,0],[0,0],[0,0],[0,0],[0,0],[0,0],[0.616,-1.668],[0,0],[-1.233,4.931],[1.088,0.58],[1.196,-1.414],[0,0],[0,0],[0,0],[0,0],[0,0],[0,0],[0,0],[0,0],[0,0],[0,0],[0,0]],"v":[[20.448,-2.103],[20.448,-9.39],[31.288,-9.39],[31.288,-13.559],[20.448,-13.559],[20.448,-19.94],[32.666,-19.94],[32.666,-24.146],[20.448,-24.146],[20.448,-30.672],[15.916,-30.672],[15.916,-24.146],[10.333,-24.146],[12.037,-29.258],[7.577,-30.237],[1.16,-17.257],[5.039,-14.683],[8.411,-19.94],[15.916,-19.94],[15.916,-13.559],[6.091,-13.559],[6.091,-9.39],[15.916,-9.39],[15.916,-2.103],[1.922,-2.103],[1.922,2.139],[34.515,2.139],[34.515,-2.103]],"c":true},"ix":2},"nm":"生","mn":"ADBE Vector Shape - Group","hd":false},{"ty":"fl","c":{"a":0,"k":[1,1,1,1],"ix":4},"o":{"a":0,"k":100,"ix":5},"r":1,"bm":0,"nm":"填充 1","mn":"ADBE Vector Graphic - Fill","hd":false},{"ty":"st","c":{"a":0,"k":[0.098040008545,0.098040008545,0.098040008545,1],"ix":3},"o":{"a":0,"k":100,"ix":4},"w":{"a":0,"k":0.01,"ix":5},"lc":1,"lj":1,"ml":4,"bm":0,"nm":"描边 1","mn":"ADBE Vector Graphic - Stroke","hd":false},{"ty":"tr","p":{"a":0,"k":[0,0],"ix":2},"a":{"a":0,"k":[0,0],"ix":1},"s":{"a":0,"k":[100,100],"ix":3},"r":{"a":0,"k":0,"ix":6},"o":{"a":0,"k":100,"ix":7},"sk":{"a":0,"k":0,"ix":4},"sa":{"a":0,"k":0,"ix":5},"nm":"变换"}],"nm":"生","np":3,"cix":2,"bm":0,"ix":1,"mn":"ADBE Vector Group","hd":false},{"ty":"gr","it":[{"ind":0,"ty":"sh","ix":1,"ks":{"a":0,"k":{"i":[[0,0],[0,0],[0,0],[0,0]],"o":[[0,0],[0,0],[0,0],[0,0]],"v":[[48.109,-11.638],[48.109,-6.091],[44.049,-6.091],[44.049,-11.638]],"c":true},"ix":2},"nm":"命","mn":"ADBE Vector Shape - Group","hd":false},{"ind":1,"ty":"sh","ix":2,"ks":{"a":0,"k":{"i":[[0,0],[0,0],[0,0],[0,0],[0,0],[0,0]],"o":[[0,0],[0,0],[0,0],[0,0],[0,0],[0,0]],"v":[[52.133,-15.372],[40.133,-15.372],[40.133,0.58],[44.049,0.58],[44.049,-2.32],[52.133,-2.32]],"c":true},"ix":2},"nm":"命","mn":"ADBE Vector Shape - Group","hd":false},{"ind":2,"ty":"sh","ix":3,"ks":{"a":0,"k":{"i":[[0,0],[0,0],[0,0],[0,0],[0,0],[0,0],[0,0],[0.471,0],[1.341,0.036],[-0.109,-1.16],[-1.233,0.653],[0,1.885]],"o":[[0,0],[0,0],[0,0],[0,0],[0,0],[0,0],[0,0.399],[-0.435,0],[0.435,1.124],[2.357,0],[1.305,-0.653],[0,0]],"v":[[68.303,-15.336],[54.925,-15.336],[54.925,3.227],[59.167,3.227],[59.167,-11.529],[64.17,-11.529],[64.17,-5.511],[63.554,-4.967],[60.291,-5.003],[61.378,-1.124],[66.708,-1.776],[68.303,-5.402]],"c":true},"ix":2},"nm":"命","mn":"ADBE Vector Shape - Group","hd":false},{"ind":3,"ty":"sh","ix":4,"ks":{"a":0,"k":{"i":[[0,0],[-1.631,1.414],[-1.776,-1.196]],"o":[[1.958,-1.196],[1.414,1.45],[0,0]],"v":[[48.87,-21.318],[54.345,-25.27],[59.094,-21.318]],"c":true},"ix":2},"nm":"命","mn":"ADBE Vector Shape - Group","hd":false},{"ind":4,"ty":"sh","ix":5,"ks":{"a":0,"k":{"i":[[0,0],[6.888,-1.595],[-0.544,-1.269],[-2.248,1.196],[0,0],[0,0],[0,0],[-2.284,-0.653],[-1.088,0.979],[3.263,3.082],[-0.218,0.29]],"o":[[-3.48,4.532],[0.979,1.16],[2.32,-0.761],[0,0],[0,0],[0,0],[2.067,1.124],[0.689,-1.269],[-5.656,-1.16],[0.254,-0.29],[0,0]],"v":[[54.345,-31.288],[36.798,-21.064],[39.299,-16.895],[46.224,-19.831],[46.224,-17.475],[61.741,-17.475],[61.741,-19.723],[68.339,-17.076],[71.421,-21.173],[57.064,-27.953],[57.789,-28.823]],"c":true},"ix":2},"nm":"命","mn":"ADBE Vector Shape - Group","hd":false},{"ty":"mm","mm":1,"nm":"合并路径 1","mn":"ADBE Vector Filter - Merge","hd":false},{"ty":"fl","c":{"a":0,"k":[1,1,1,1],"ix":4},"o":{"a":0,"k":100,"ix":5},"r":1,"bm":0,"nm":"填充 1","mn":"ADBE Vector Graphic - Fill","hd":false},{"ty":"st","c":{"a":0,"k":[0.098040008545,0.098040008545,0.098040008545,1],"ix":3},"o":{"a":0,"k":100,"ix":4},"w":{"a":0,"k":0.01,"ix":5},"lc":1,"lj":1,"ml":4,"bm":0,"nm":"描边 1","mn":"ADBE Vector Graphic - Stroke","hd":false},{"ty":"tr","p":{"a":0,"k":[0,0],"ix":2},"a":{"a":0,"k":[0,0],"ix":1},"s":{"a":0,"k":[100,100],"ix":3},"r":{"a":0,"k":0,"ix":6},"o":{"a":0,"k":100,"ix":7},"sk":{"a":0,"k":0,"ix":4},"sa":{"a":0,"k":0,"ix":5},"nm":"变换"}],"nm":"命","np":8,"cix":2,"bm":0,"ix":2,"mn":"ADBE Vector Group","hd":false},{"ty":"gr","it":[{"ind":0,"ty":"sh","ix":1,"ks":{"a":0,"k":{"i":[[-1.885,0],[0,1.958],[1.922,0],[0,-1.994]],"o":[[1.922,0],[0,-1.994],[-1.885,0],[0,1.958]],"v":[[86.045,-13.269],[89.38,-16.714],[86.045,-20.194],[82.746,-16.714]],"c":true},"ix":2},"nm":":","mn":"ADBE Vector Shape - Group","hd":false},{"ind":1,"ty":"sh","ix":2,"ks":{"a":0,"k":{"i":[[-1.885,0],[0,1.958],[1.922,0],[0,-1.958]],"o":[[1.922,0],[0,-1.958],[-1.885,0],[0,1.958]],"v":[[86.045,0.508],[89.38,-2.973],[86.045,-6.453],[82.746,-2.973]],"c":true},"ix":2},"nm":":","mn":"ADBE Vector Shape - Group","hd":false},{"ty":"mm","mm":1,"nm":"合并路径 1","mn":"ADBE Vector Filter - Merge","hd":false},{"ty":"fl","c":{"a":0,"k":[1,1,1,1],"ix":4},"o":{"a":0,"k":100,"ix":5},"r":1,"bm":0,"nm":"填充 1","mn":"ADBE Vector Graphic - Fill","hd":false},{"ty":"st","c":{"a":0,"k":[0.098040008545,0.098040008545,0.098040008545,1],"ix":3},"o":{"a":0,"k":100,"ix":4},"w":{"a":0,"k":0.01,"ix":5},"lc":1,"lj":1,"ml":4,"bm":0,"nm":"描边 1","mn":"ADBE Vector Graphic - Stroke","hd":false},{"ty":"tr","p":{"a":0,"k":[0,0],"ix":2},"a":{"a":0,"k":[0,0],"ix":1},"s":{"a":0,"k":[100,100],"ix":3},"r":{"a":0,"k":0,"ix":6},"o":{"a":0,"k":100,"ix":7},"sk":{"a":0,"k":0,"ix":4},"sa":{"a":0,"k":0,"ix":5},"nm":"变换"}],"nm":":","np":5,"cix":2,"bm":0,"ix":3,"mn":"ADBE Vector Group","hd":false}],"ip":220,"op":400,"st":40,"bm":0},{"ddd":0,"ind":14,"ty":4,"nm":"“愛 :”轮廓","parent":78,"sr":1,"ks":{"o":{"a":1,"k":[{"i":{"x":[0.833],"y":[0.833]},"o":{"x":[0.167],"y":[0.167]},"t":195,"s":[0]},{"t":205,"s":[100]}],"ix":11},"r":{"a":0,"k":0,"ix":10},"p":{"a":0,"k":[272.915,-200.368,0],"ix":2},"a":{"a":0,"k":[-0.81,-13.716,0],"ix":1},"s":{"a":0,"k":[100,100,100],"ix":6}},"ao":0,"shapes":[{"ty":"gr","it":[{"ind":0,"ty":"sh","ix":1,"ks":{"a":0,"k":{"i":[[0,0],[0,0],[0.725,1.015],[-1.233,0.073],[-0.326,-1.088]],"o":[[0,0],[-0.29,-0.834],[1.233,-0.036],[0.689,1.124],[0,0]],"v":[[12,-22.297],[12.907,-22.696],[11.275,-25.668],[14.973,-25.85],[16.641,-22.297]],"c":true},"ix":2},"nm":"愛","mn":"ADBE Vector Shape - Group","hd":false},{"ind":1,"ty":"sh","ix":2,"ks":{"a":0,"k":{"i":[[0,0],[0,0],[0.653,1.088],[-2.248,0.29],[0.834,-1.341]],"o":[[0,0],[-0.218,-0.906],[2.429,-0.218],[-0.653,1.414],[0,0]],"v":[[18.744,-22.297],[20.448,-22.949],[18.998,-26.14],[26.031,-26.865],[23.493,-22.297]],"c":true},"ix":2},"nm":"愛","mn":"ADBE Vector Shape - Group","hd":false},{"ind":2,"ty":"sh","ix":3,"ks":{"a":0,"k":{"i":[[0,0],[0,0],[0,0],[-1.088,-1.015],[0,0],[0.979,0.544],[0,0],[0,0],[0.834,0.616],[0,0],[-1.051,-1.74],[0,0],[0.979,0.979],[0,0],[0,0],[0,0],[-0.87,1.196],[0,0],[-1.486,0.29],[0,0],[8.955,-0.181],[-0.073,-0.906],[-0.906,0.036],[0,0],[-0.471,-1.015],[0,0],[0,0],[0,0]],"o":[[0,0],[0,0],[1.813,0.798],[0,0],[-0.616,-0.508],[0,0],[0,0],[-0.834,-0.761],[0,0],[2.139,1.704],[0,0],[-0.58,-0.834],[0,0],[0,0],[0,0],[0.798,-1.051],[0,0],[1.704,-0.218],[0,0],[-5.982,1.196],[0.363,0.798],[0.906,0],[0,0],[0.725,0.943],[0,0],[0,0],[0,0],[0,0]],"v":[[6.707,-18.998],[15.445,-18.998],[14.574,-18.091],[19.759,-14.973],[21.934,-17.366],[19.433,-18.998],[29.294,-18.998],[29.294,-15.952],[26.72,-18.091],[23.783,-16.061],[29.403,-10.151],[32.484,-12.435],[30.055,-15.227],[33.536,-15.227],[33.536,-22.297],[27.735,-22.297],[30.309,-25.777],[27.01,-27.01],[31.796,-27.807],[29.004,-30.708],[3.662,-28.569],[4.496,-25.451],[7.215,-25.523],[6.997,-25.415],[8.882,-22.297],[2.647,-22.297],[2.647,-15.662],[6.707,-15.662]],"c":true},"ix":2},"nm":"愛","mn":"ADBE Vector Shape - Group","hd":false},{"ind":3,"ty":"sh","ix":4,"ks":{"a":0,"k":{"i":[[0,0],[-1.051,2.357],[0,0],[2.103,-1.124]],"o":[[2.429,-1.523],[0,0],[-0.906,1.994],[0,0]],"v":[[6.49,-9.789],[11.457,-16.025],[8.23,-17.366],[3.589,-12.218]],"c":true},"ix":2},"nm":"愛","mn":"ADBE Vector Shape - Group","hd":false},{"ind":4,"ty":"sh","ix":5,"ks":{"a":0,"k":{"i":[[0,0],[1.595,-0.761],[1.233,1.051]],"o":[[-1.124,1.051],[-1.776,-0.761],[0,0]],"v":[[22.224,-6.308],[18.127,-3.625],[13.596,-6.308]],"c":true},"ix":2},"nm":"愛","mn":"ADBE Vector Shape - Group","hd":false},{"ind":5,"ty":"sh","ix":6,"ks":{"a":0,"k":{"i":[[0,0],[0,0],[0,0],[-0.399,0.508],[0,0],[-0.399,2.864],[0.798,0.508],[0.943,0],[0,0],[0,0.834],[0,0],[0,0],[0,0],[-1.45,-0.508],[4.133,-1.233],[-0.616,-0.761],[-1.631,0.906],[-1.233,-0.798],[4.278,-0.29],[-0.399,-1.015],[-4.169,1.668],[-5.257,-0.471],[-0.834,0.943],[3.48,0.906],[-1.414,2.248]],"o":[[0,0],[0,0],[0.471,-0.471],[0,0],[2.683,0],[-1.051,-0.218],[-0.109,1.486],[0,0],[-1.233,0],[0,0],[0,0],[0,0],[0,2.067],[-2.574,2.574],[0.87,0.653],[1.595,-0.653],[1.015,0.979],[-3.517,0.979],[0.725,0.87],[5.039,-0.58],[4.024,1.668],[0.508,-1.124],[-4.314,-0.254],[2.32,-1.486],[0,0]],"v":[[25.777,-9.426],[25.088,-9.281],[16.605,-9.281],[17.946,-10.768],[21.1,-10.768],[25.27,-14.393],[21.898,-15.626],[20.629,-13.849],[16.967,-13.849],[15.517,-14.792],[15.517,-17.33],[11.529,-17.33],[11.529,-14.792],[13.378,-11.13],[2.538,-5.184],[5.474,-2.32],[10.369,-4.641],[13.704,-1.994],[1.885,-0.109],[4.024,3.48],[18.091,0.254],[32.122,3.372],[34.551,-0.435],[22.768,-2.103],[28.46,-7.686]],"c":true},"ix":2},"nm":"愛","mn":"ADBE Vector Shape - Group","hd":false},{"ty":"mm","mm":1,"nm":"合并路径 1","mn":"ADBE Vector Filter - Merge","hd":false},{"ty":"fl","c":{"a":0,"k":[1,1,1,1],"ix":4},"o":{"a":0,"k":100,"ix":5},"r":1,"bm":0,"nm":"填充 1","mn":"ADBE Vector Graphic - Fill","hd":false},{"ty":"st","c":{"a":0,"k":[0.098040008545,0.098040008545,0.098040008545,1],"ix":3},"o":{"a":0,"k":100,"ix":4},"w":{"a":0,"k":0.01,"ix":5},"lc":1,"lj":1,"ml":4,"bm":0,"nm":"描边 1","mn":"ADBE Vector Graphic - Stroke","hd":false},{"ty":"tr","p":{"a":0,"k":[0,0],"ix":2},"a":{"a":0,"k":[0,0],"ix":1},"s":{"a":0,"k":[100,100],"ix":3},"r":{"a":0,"k":0,"ix":6},"o":{"a":0,"k":100,"ix":7},"sk":{"a":0,"k":0,"ix":4},"sa":{"a":0,"k":0,"ix":5},"nm":"变换"}],"nm":"愛","np":9,"cix":2,"bm":0,"ix":1,"mn":"ADBE Vector Group","hd":false},{"ty":"gr","it":[{"ind":0,"ty":"sh","ix":1,"ks":{"a":0,"k":{"i":[[-1.885,0],[0,1.958],[1.922,0],[0,-1.994]],"o":[[1.922,0],[0,-1.994],[-1.885,0],[0,1.958]],"v":[[50.045,-13.269],[53.38,-16.714],[50.045,-20.194],[46.746,-16.714]],"c":true},"ix":2},"nm":":","mn":"ADBE Vector Shape - Group","hd":false},{"ind":1,"ty":"sh","ix":2,"ks":{"a":0,"k":{"i":[[-1.885,0],[0,1.958],[1.922,0],[0,-1.958]],"o":[[1.922,0],[0,-1.958],[-1.885,0],[0,1.958]],"v":[[50.045,0.508],[53.38,-2.973],[50.045,-6.453],[46.746,-2.973]],"c":true},"ix":2},"nm":":","mn":"ADBE Vector Shape - Group","hd":false},{"ty":"mm","mm":1,"nm":"合并路径 1","mn":"ADBE Vector Filter - Merge","hd":false},{"ty":"fl","c":{"a":0,"k":[1,1,1,1],"ix":4},"o":{"a":0,"k":100,"ix":5},"r":1,"bm":0,"nm":"填充 1","mn":"ADBE Vector Graphic - Fill","hd":false},{"ty":"st","c":{"a":0,"k":[0.098040008545,0.098040008545,0.098040008545,1],"ix":3},"o":{"a":0,"k":100,"ix":4},"w":{"a":0,"k":0.01,"ix":5},"lc":1,"lj":1,"ml":4,"bm":0,"nm":"描边 1","mn":"ADBE Vector Graphic - Stroke","hd":false},{"ty":"tr","p":{"a":0,"k":[0,0],"ix":2},"a":{"a":0,"k":[0,0],"ix":1},"s":{"a":0,"k":[100,100],"ix":3},"r":{"a":0,"k":0,"ix":6},"o":{"a":0,"k":100,"ix":7},"sk":{"a":0,"k":0,"ix":4},"sa":{"a":0,"k":0,"ix":5},"nm":"变换"}],"nm":":","np":5,"cix":2,"bm":0,"ix":2,"mn":"ADBE Vector Group","hd":false}],"ip":185,"op":370,"st":5,"bm":0},{"ddd":0,"ind":16,"ty":4,"nm":"“知恵 :”轮廓","parent":82,"sr":1,"ks":{"o":{"a":1,"k":[{"i":{"x":[0.833],"y":[0.833]},"o":{"x":[0.167],"y":[0.167]},"t":160,"s":[0]},{"t":170,"s":[100]}],"ix":11},"r":{"a":0,"k":0,"ix":10},"p":{"a":0,"k":[307.088,-198.538,0],"ix":2},"a":{"a":0,"k":[-0.81,-13.716,0],"ix":1},"s":{"a":0,"k":[100,100,100],"ix":6}},"ao":0,"shapes":[{"ty":"gr","it":[{"ind":0,"ty":"sh","ix":1,"ks":{"a":0,"k":{"i":[[0,0],[0,0],[0,0],[0,0],[0,0],[0,0],[0,0],[0,0],[-0.254,1.269],[0,0],[1.958,-2.61],[-0.798,-0.725],[-0.725,1.849],[0,0],[0,0],[0,0],[0,0],[0,0],[0,0],[4.713,-3.372],[-0.58,-0.906],[-1.233,3.553],[-1.196,-1.885],[0,0],[1.885,1.849],[-0.073,0.508]],"o":[[0,0],[0,0],[0,0],[0,0],[0,0],[0,0],[0,0],[0.363,-1.233],[0,0],[-0.725,4.133],[0.979,0.544],[0.906,-1.341],[0,0],[0,0],[0,0],[0,0],[0,0],[0,0],[-0.58,4.206],[0.906,0.653],[3.48,-2.538],[1.776,2.212],[0,0],[-1.015,-1.196],[0.109,-0.471],[0,0]],"v":[[-27.482,-12.327],[-27.482,-16.387],[-33.428,-16.387],[-33.428,-17.257],[-33.428,-22.152],[-28.316,-22.152],[-28.316,-26.14],[-37.887,-26.14],[-36.981,-29.874],[-41.114,-30.708],[-45.174,-19.795],[-41.694,-17.294],[-39.229,-22.152],[-37.778,-22.152],[-37.778,-17.294],[-37.778,-16.387],[-44.486,-16.387],[-44.486,-12.327],[-38.068,-12.327],[-45.029,-0.218],[-41.948,3.045],[-35.096,-6.453],[-30.056,0.363],[-27.156,-3.263],[-33.972,-10.84],[-33.718,-12.327]],"c":true},"ix":2},"nm":"知","mn":"ADBE Vector Shape - Group","hd":false},{"ind":1,"ty":"sh","ix":2,"ks":{"a":0,"k":{"i":[[0,0],[0,0],[0,0],[0,0]],"o":[[0,0],[0,0],[0,0],[0,0]],"v":[[-22.334,-4.568],[-22.334,-23.529],[-17.077,-23.529],[-17.077,-4.568]],"c":true},"ix":2},"nm":"知","mn":"ADBE Vector Shape - Group","hd":false},{"ind":2,"ty":"sh","ix":3,"ks":{"a":0,"k":{"i":[[0,0],[0,0],[0,0],[0,0],[0,0],[0,0],[0,0],[0,0]],"o":[[0,0],[0,0],[0,0],[0,0],[0,0],[0,0],[0,0],[0,0]],"v":[[-26.503,-27.59],[-26.503,2.103],[-22.334,2.103],[-22.334,-0.508],[-17.077,-0.508],[-17.077,1.559],[-12.69,1.559],[-12.69,-27.59]],"c":true},"ix":2},"nm":"知","mn":"ADBE Vector Shape - Group","hd":false},{"ty":"mm","mm":1,"nm":"合并路径 1","mn":"ADBE Vector Filter - Merge","hd":false},{"ty":"fl","c":{"a":0,"k":[1,1,1,1],"ix":4},"o":{"a":0,"k":100,"ix":5},"r":1,"bm":0,"nm":"填充 1","mn":"ADBE Vector Graphic - Fill","hd":false},{"ty":"st","c":{"a":0,"k":[0.098040008545,0.098040008545,0.098040008545,1],"ix":3},"o":{"a":0,"k":100,"ix":4},"w":{"a":0,"k":0.01,"ix":5},"lc":1,"lj":1,"ml":4,"bm":0,"nm":"描边 1","mn":"ADBE Vector Graphic - Stroke","hd":false},{"ty":"tr","p":{"a":0,"k":[0,0],"ix":2},"a":{"a":0,"k":[0,0],"ix":1},"s":{"a":0,"k":[100,100],"ix":3},"r":{"a":0,"k":0,"ix":6},"o":{"a":0,"k":100,"ix":7},"sk":{"a":0,"k":0,"ix":4},"sa":{"a":0,"k":0,"ix":5},"nm":"变换"}],"nm":"知","np":6,"cix":2,"bm":0,"ix":1,"mn":"ADBE Vector Group","hd":false},{"ty":"gr","it":[{"ind":0,"ty":"sh","ix":1,"ks":{"a":0,"k":{"i":[[0,0],[0,0],[0,0],[0,0]],"o":[[0,0],[0,0],[0,0],[0,0]],"v":[[16.567,-19.396],[16.567,-17.511],[10.077,-17.511],[10.077,-19.396]],"c":true},"ix":2},"nm":"恵","mn":"ADBE Vector Shape - Group","hd":false},{"ind":1,"ty":"sh","ix":2,"ks":{"a":0,"k":{"i":[[0,0],[0,0],[0,0],[0,0]],"o":[[0,0],[0,0],[0,0],[0,0]],"v":[[16.567,-12.653],[10.077,-12.653],[10.077,-14.538],[16.567,-14.538]],"c":true},"ix":2},"nm":"恵","mn":"ADBE Vector Shape - Group","hd":false},{"ind":2,"ty":"sh","ix":3,"ks":{"a":0,"k":{"i":[[0,0],[0,0],[0,0],[0,0]],"o":[[0,0],[0,0],[0,0],[0,0]],"v":[[-0.582,-14.538],[5.871,-14.538],[5.871,-12.653],[-0.582,-12.653]],"c":true},"ix":2},"nm":"恵","mn":"ADBE Vector Shape - Group","hd":false},{"ind":3,"ty":"sh","ix":4,"ks":{"a":0,"k":{"i":[[0,0],[0,0],[0,0],[0,0]],"o":[[0,0],[0,0],[0,0],[0,0]],"v":[[-0.582,-19.396],[5.871,-19.396],[5.871,-17.511],[-0.582,-17.511]],"c":true},"ix":2},"nm":"恵","mn":"ADBE Vector Shape - Group","hd":false},{"ind":4,"ty":"sh","ix":5,"ks":{"a":0,"k":{"i":[[0,0],[0,0],[0,0],[0,0],[0,0],[-1.233,-1.523],[0,0],[1.74,1.051],[0,0],[0,0],[0,0],[0,0],[0,0],[0,0],[0,0],[0,0],[0,0],[0,0],[0,0],[0,0],[0,0]],"o":[[0,0],[0,0],[0,0],[0,0],[2.32,1.305],[0,0],[-0.979,-1.088],[0,0],[0,0],[0,0],[0,0],[0,0],[0,0],[0,0],[0,0],[0,0],[0,0],[0,0],[0,0],[0,0],[0,0]],"v":[[5.871,-22.551],[-4.57,-22.551],[-4.57,-9.463],[5.038,-9.463],[3.479,-8.085],[9.678,-3.263],[12.615,-6.018],[8.192,-9.463],[20.772,-9.463],[20.772,-22.551],[10.077,-22.551],[10.077,-24.255],[23.165,-24.255],[23.165,-28.025],[10.077,-28.025],[10.077,-30.672],[5.871,-30.672],[5.871,-28.025],[-7.072,-28.025],[-7.072,-24.255],[5.871,-24.255]],"c":true},"ix":2},"nm":"恵","mn":"ADBE Vector Shape - Group","hd":false},{"ind":5,"ty":"sh","ix":6,"ks":{"a":0,"k":{"i":[[0,0],[-0.87,3.154],[0,0],[2.212,-1.523]],"o":[[2.647,-2.103],[0,0],[-0.798,2.755],[0,0]],"v":[[-5.549,2.465],[-0.618,-6.018],[-4.353,-7.396],[-8.884,-0.471]],"c":true},"ix":2},"nm":"恵","mn":"ADBE Vector Shape - Group","hd":false},{"ind":6,"ty":"sh","ix":7,"ks":{"a":0,"k":{"i":[[0,0],[0,0.979],[0,0],[0,0],[0,0],[-4.604,0],[0,0],[-0.508,4.423],[0.834,0.653],[1.341,0]],"o":[[-1.631,0],[0,0],[0,0],[0,0],[0,3.698],[0,0],[3.48,0],[-1.16,-0.254],[-0.181,2.792],[0,0]],"v":[[6.85,-1.233],[4.929,-2.32],[4.929,-6.997],[0.687,-6.997],[0.687,-2.248],[6.379,2.61],[11.853,2.61],[17.038,-2.864],[13.195,-4.387],[11.455,-1.233]],"c":true},"ix":2},"nm":"恵","mn":"ADBE Vector Shape - Group","hd":false},{"ind":7,"ty":"sh","ix":8,"ks":{"a":0,"k":{"i":[[0,0],[-0.943,-2.284],[0,0],[2.574,2.212]],"o":[[2.574,2.32],[0,0],[-1.088,-2.393],[0,0]],"v":[[15.225,-5.946],[21.388,1.922],[25.159,-0.29],[18.706,-8.012]],"c":true},"ix":2},"nm":"恵","mn":"ADBE Vector Shape - Group","hd":false},{"ty":"mm","mm":1,"nm":"合并路径 1","mn":"ADBE Vector Filter - Merge","hd":false},{"ty":"fl","c":{"a":0,"k":[1,1,1,1],"ix":4},"o":{"a":0,"k":100,"ix":5},"r":1,"bm":0,"nm":"填充 1","mn":"ADBE Vector Graphic - Fill","hd":false},{"ty":"st","c":{"a":0,"k":[0.098040008545,0.098040008545,0.098040008545,1],"ix":3},"o":{"a":0,"k":100,"ix":4},"w":{"a":0,"k":0.01,"ix":5},"lc":1,"lj":1,"ml":4,"bm":0,"nm":"描边 1","mn":"ADBE Vector Graphic - Stroke","hd":false},{"ty":"tr","p":{"a":0,"k":[0,0],"ix":2},"a":{"a":0,"k":[0,0],"ix":1},"s":{"a":0,"k":[100,100],"ix":3},"r":{"a":0,"k":0,"ix":6},"o":{"a":0,"k":100,"ix":7},"sk":{"a":0,"k":0,"ix":4},"sa":{"a":0,"k":0,"ix":5},"nm":"变换"}],"nm":"恵","np":11,"cix":2,"bm":0,"ix":2,"mn":"ADBE Vector Group","hd":false},{"ty":"gr","it":[{"ind":0,"ty":"sh","ix":1,"ks":{"a":0,"k":{"i":[[-1.885,0],[0,1.958],[1.922,0],[0,-1.994]],"o":[[1.922,0],[0,-1.994],[-1.885,0],[0,1.958]],"v":[[40.109,-13.269],[43.445,-16.714],[40.109,-20.194],[36.81,-16.714]],"c":true},"ix":2},"nm":":","mn":"ADBE Vector Shape - Group","hd":false},{"ind":1,"ty":"sh","ix":2,"ks":{"a":0,"k":{"i":[[-1.885,0],[0,1.958],[1.922,0],[0,-1.958]],"o":[[1.922,0],[0,-1.958],[-1.885,0],[0,1.958]],"v":[[40.109,0.508],[43.445,-2.973],[40.109,-6.453],[36.81,-2.973]],"c":true},"ix":2},"nm":":","mn":"ADBE Vector Shape - Group","hd":false},{"ty":"mm","mm":1,"nm":"合并路径 1","mn":"ADBE Vector Filter - Merge","hd":false},{"ty":"fl","c":{"a":0,"k":[1,1,1,1],"ix":4},"o":{"a":0,"k":100,"ix":5},"r":1,"bm":0,"nm":"填充 1","mn":"ADBE Vector Graphic - Fill","hd":false},{"ty":"st","c":{"a":0,"k":[0.098040008545,0.098040008545,0.098040008545,1],"ix":3},"o":{"a":0,"k":100,"ix":4},"w":{"a":0,"k":0.01,"ix":5},"lc":1,"lj":1,"ml":4,"bm":0,"nm":"描边 1","mn":"ADBE Vector Graphic - Stroke","hd":false},{"ty":"tr","p":{"a":0,"k":[0,0],"ix":2},"a":{"a":0,"k":[0,0],"ix":1},"s":{"a":0,"k":[100,100],"ix":3},"r":{"a":0,"k":0,"ix":6},"o":{"a":0,"k":100,"ix":7},"sk":{"a":0,"k":0,"ix":4},"sa":{"a":0,"k":0,"ix":5},"nm":"变换"}],"nm":":","np":5,"cix":2,"bm":0,"ix":3,"mn":"ADBE Vector Group","hd":false}],"ip":150,"op":371,"st":-30,"bm":0},{"ddd":0,"ind":18,"ty":4,"nm":"“私の手のひら”轮廓","sr":1,"ks":{"o":{"a":1,"k":[{"i":{"x":[0.833],"y":[0.833]},"o":{"x":[0.167],"y":[0.167]},"t":0,"s":[0]},{"i":{"x":[0.833],"y":[0.833]},"o":{"x":[0.167],"y":[0.167]},"t":20,"s":[100]},{"i":{"x":[0.833],"y":[0.833]},"o":{"x":[0.167],"y":[0.167]},"t":60,"s":[100]},{"i":{"x":[0.833],"y":[0.833]},"o":{"x":[0.167],"y":[0.167]},"t":70,"s":[0]},{"i":{"x":[0.833],"y":[0.833]},"o":{"x":[0.167],"y":[0.167]},"t":170,"s":[100]},{"t":179,"s":[0]}],"ix":11},"r":{"a":0,"k":0,"ix":10},"p":{"a":0,"k":[46,556,0],"ix":2},"a":{"a":0,"k":[0,0,0],"ix":1},"s":{"a":0,"k":[100,100,100],"ix":6}},"ao":0,"hasMask":true,"masksProperties":[{"inv":false,"mode":"a","pt":{"a":1,"k":[{"i":{"x":0.667,"y":1},"o":{"x":0.333,"y":0},"t":0,"s":[{"i":[[0,0],[0,0],[0,0],[0,0]],"o":[[0,0],[0,0],[0,0],[0,0]],"v":[[-48,-101],[-365.648,-101],[-365.648,48.859],[-48,48.859]],"c":true}]},{"i":{"x":0.667,"y":1},"o":{"x":0.333,"y":0},"t":20,"s":[{"i":[[0,0],[0,0],[0,0],[0,0]],"o":[[0,0],[0,0],[0,0],[0,0]],"v":[[520,-101],[-42.648,-101],[-42.648,48.859],[520,48.859]],"c":true}]},{"i":{"x":0.667,"y":1},"o":{"x":0.333,"y":0},"t":170,"s":[{"i":[[0,0],[0,0],[0,0],[0,0]],"o":[[0,0],[0,0],[0,0],[0,0]],"v":[[520,-101],[-42.648,-101],[-42.648,48.859],[520,48.859]],"c":true}]},{"t":179,"s":[{"i":[[0,0],[0,0],[0,0],[0,0]],"o":[[0,0],[0,0],[0,0],[0,0]],"v":[[587,-102],[269.352,-102],[269.352,47.859],[587,47.859]],"c":true}]}],"ix":1},"o":{"a":0,"k":100,"ix":3},"x":{"a":0,"k":0,"ix":4},"nm":"蒙版 1"}],"shapes":[{"ty":"gr","it":[{"ind":0,"ty":"sh","ix":1,"ks":{"a":0,"k":{"i":[[4.003,10.876],[0,0],[-1.888,-7.402],[7.704,-1.133],[0,0],[0,0],[0,0],[2.115,-0.604],[0,0],[-9.819,1.813],[-0.604,-2.719],[0,0]],"o":[[0,0],[2.341,6.949],[-5.589,1.057],[0,0],[0,0],[0,0],[-0.378,1.133],[0,0],[11.33,-1.662],[0.604,2.493],[0,0],[-3.172,-14.049]],"v":[[61.935,-31.496],[54.911,-29.079],[61.256,-7.478],[41.315,-4.154],[56.573,-58.839],[48.717,-59.896],[33.611,-4.985],[29.91,-2.417],[31.345,5.136],[63.068,0],[64.806,7.855],[72.661,5.816]],"c":true},"ix":2},"nm":"私","mn":"ADBE Vector Shape - Group","hd":false},{"ind":1,"ty":"sh","ix":2,"ks":{"a":0,"k":{"i":[[0,0],[0,0],[0,0],[6.194,-5.74],[0,0],[-2.87,6.118],[0,0],[0,0],[0,0],[-2.493,-4.154],[0,0],[3.55,3.323],[0,0],[0,0],[0,0],[0,0],[0,0],[-3.625,0.906],[0,0],[10.876,-0.755],[0,0],[-3.474,0.453],[0,0]],"o":[[0,0],[0,0],[-2.87,7.251],[0,0],[4.23,-5.136],[0,0],[0,0],[0,0],[1.813,2.568],[0,0],[-3.625,-4.079],[0,0],[0,0],[0,0],[0,0],[0,0],[4.079,-0.68],[0,0],[-8.535,2.115],[0,0],[3.625,-0.302],[0,0],[0,0]],"v":[[4.683,-42.524],[4.683,-34.895],[16.617,-34.895],[3.021,-15.333],[6.571,-6.269],[17.221,-23.112],[17.221,7.629],[25.152,7.629],[25.152,-25.152],[31.572,-15.031],[35.953,-21.677],[25.152,-32.78],[25.152,-34.895],[36.481,-34.895],[36.481,-42.524],[25.152,-42.524],[25.152,-52.267],[36.708,-54.609],[33.989,-61.86],[4.91,-57.555],[6.571,-50.002],[17.221,-51.134],[17.221,-42.524]],"c":true},"ix":2},"nm":"私","mn":"ADBE Vector Shape - Group","hd":false},{"ty":"mm","mm":1,"nm":"合并路径 1","mn":"ADBE Vector Filter - Merge","hd":false},{"ty":"fl","c":{"a":0,"k":[0.596079987171,0.596079987171,0.596079987171,1],"ix":4},"o":{"a":0,"k":100,"ix":5},"r":1,"bm":0,"nm":"填充 1","mn":"ADBE Vector Graphic - Fill","hd":false},{"ty":"tr","p":{"a":0,"k":[0,0],"ix":2},"a":{"a":0,"k":[0,0],"ix":1},"s":{"a":0,"k":[100,100],"ix":3},"r":{"a":0,"k":0,"ix":6},"o":{"a":0,"k":100,"ix":7},"sk":{"a":0,"k":0,"ix":4},"sa":{"a":0,"k":0,"ix":5},"nm":"变换"}],"nm":"私","np":5,"cix":2,"bm":0,"ix":1,"mn":"ADBE Vector Group","hd":false},{"ty":"gr","it":[{"ind":0,"ty":"sh","ix":1,"ks":{"a":0,"k":{"i":[[8.611,0],[6.345,-6.647],[0,-8.233],[-2.795,-3.852],[-4.91,0],[-3.323,6.345],[-1.36,8.611],[0,0],[-3.625,-2.795],[0,-6.042],[3.852,-3.399],[8.913,-1.662],[0,0],[-4.683,4.003],[0,8.762],[5.816,5.136]],"o":[[-10.272,0],[-5.891,6.042],[0,5.438],[2.946,4.079],[5.438,0],[2.493,-4.834],[0,0],[4.758,0.453],[4.758,3.625],[0,6.345],[-3.928,3.323],[0,0],[10.121,-2.19],[5.438,-4.834],[0,-7.78],[-5.891,-5.136]],"v":[[114.352,-52.947],[89.426,-43.053],[80.589,-21.677],[84.743,-7.704],[96.526,-1.586],[109.669,-11.179],[115.409,-31.345],[117.071,-45.394],[129.684,-40.485],[136.86,-25.983],[131.044,-11.33],[111.859,-3.777],[114.427,3.625],[136.709,-5.665],[144.942,-25.983],[136.18,-45.319]],"c":true},"ix":2},"nm":"の","mn":"ADBE Vector Shape - Group","hd":false},{"ind":1,"ty":"sh","ix":2,"ks":{"a":0,"k":{"i":[[4.23,0],[1.435,2.19],[0,3.852],[-5.136,4.607],[-4.834,0.755],[1.057,-5.514]],"o":[[-2.19,0],[-1.662,-2.417],[0,-6.798],[3.777,-3.474],[-0.604,6.042],[-2.568,12.538]],"v":[[96.526,-8.988],[91.088,-12.312],[88.671,-21.677],[96.375,-38.823],[109.291,-45.168],[106.723,-27.795]],"c":true},"ix":2},"nm":"の","mn":"ADBE Vector Shape - Group","hd":false},{"ty":"mm","mm":1,"nm":"合并路径 1","mn":"ADBE Vector Filter - Merge","hd":false},{"ty":"fl","c":{"a":0,"k":[0.596079987171,0.596079987171,0.596079987171,1],"ix":4},"o":{"a":0,"k":100,"ix":5},"r":1,"bm":0,"nm":"填充 1","mn":"ADBE Vector Graphic - Fill","hd":false},{"ty":"tr","p":{"a":0,"k":[0,0],"ix":2},"a":{"a":0,"k":[0,0],"ix":1},"s":{"a":0,"k":[100,100],"ix":3},"r":{"a":0,"k":0,"ix":6},"o":{"a":0,"k":100,"ix":7},"sk":{"a":0,"k":0,"ix":4},"sa":{"a":0,"k":0,"ix":5},"nm":"变换"}],"nm":"の","np":5,"cix":2,"bm":0,"ix":2,"mn":"ADBE Vector Group","hd":false},{"ty":"gr","it":[{"ind":0,"ty":"sh","ix":1,"ks":{"a":0,"k":{"i":[[0,0],[21.375,0],[0,0],[-7.553,0.453],[0,0],[0,0],[0,0],[0,0],[0,0],[0,0],[0,0],[0,0],[0,0],[1.964,0],[3.777,0.302],[0,0],[0,0],[0,5.136],[0,0],[0,0],[0,0],[0,0],[0,0],[0,0],[0,0],[0,0],[0,0],[-6.798,1.737]],"o":[[-14.804,3.323],[0,0],[8.686,0],[0,0],[0,0],[0,0],[0,0],[0,0],[0,0],[0,0],[0,0],[0,0],[0,1.586],[-3.474,0],[0,0],[0,0],[5.438,0],[0,0],[0,0],[0,0],[0,0],[0,0],[0,0],[0,0],[0,0],[0,0],[8.762,-0.906],[0,0]],"v":[[212.615,-61.558],[158.384,-56.573],[160.876,-49.473],[185.197,-50.228],[185.197,-40.711],[159.97,-40.711],[159.97,-33.007],[185.197,-33.007],[185.197,-23.037],[153.701,-23.037],[153.701,-15.408],[185.197,-15.408],[185.197,-2.341],[182.176,0.076],[171.375,-0.378],[173.188,7.251],[184.895,7.251],[193.128,-0.453],[193.128,-15.408],[221.906,-15.408],[221.906,-23.037],[193.128,-23.037],[193.128,-33.007],[216.241,-33.007],[216.241,-40.711],[193.128,-40.711],[193.128,-50.908],[216.467,-54.911]],"c":true},"ix":2},"nm":"手","mn":"ADBE Vector Shape - Group","hd":false},{"ty":"fl","c":{"a":0,"k":[0.596079987171,0.596079987171,0.596079987171,1],"ix":4},"o":{"a":0,"k":100,"ix":5},"r":1,"bm":0,"nm":"填充 1","mn":"ADBE Vector Graphic - Fill","hd":false},{"ty":"tr","p":{"a":0,"k":[0,0],"ix":2},"a":{"a":0,"k":[0,0],"ix":1},"s":{"a":0,"k":[100,100],"ix":3},"r":{"a":0,"k":0,"ix":6},"o":{"a":0,"k":100,"ix":7},"sk":{"a":0,"k":0,"ix":4},"sa":{"a":0,"k":0,"ix":5},"nm":"变换"}],"nm":"手","np":3,"cix":2,"bm":0,"ix":3,"mn":"ADBE Vector Group","hd":false},{"ty":"gr","it":[{"ind":0,"ty":"sh","ix":1,"ks":{"a":0,"k":{"i":[[8.611,0],[6.345,-6.647],[0,-8.233],[-2.795,-3.852],[-4.91,0],[-3.323,6.345],[-1.36,8.611],[0,0],[-3.625,-2.795],[0,-6.042],[3.852,-3.399],[8.913,-1.662],[0,0],[-4.683,4.003],[0,8.762],[5.816,5.136]],"o":[[-10.272,0],[-5.891,6.042],[0,5.438],[2.946,4.079],[5.438,0],[2.493,-4.834],[0,0],[4.758,0.453],[4.758,3.625],[0,6.345],[-3.928,3.323],[0,0],[10.121,-2.19],[5.438,-4.834],[0,-7.78],[-5.891,-5.136]],"v":[[264.352,-52.947],[239.426,-43.053],[230.589,-21.677],[234.743,-7.704],[246.526,-1.586],[259.669,-11.179],[265.409,-31.345],[267.071,-45.394],[279.684,-40.485],[286.86,-25.983],[281.044,-11.33],[261.859,-3.777],[264.427,3.625],[286.709,-5.665],[294.942,-25.983],[286.18,-45.319]],"c":true},"ix":2},"nm":"の","mn":"ADBE Vector Shape - Group","hd":false},{"ind":1,"ty":"sh","ix":2,"ks":{"a":0,"k":{"i":[[4.23,0],[1.435,2.19],[0,3.852],[-5.136,4.607],[-4.834,0.755],[1.057,-5.514]],"o":[[-2.19,0],[-1.662,-2.417],[0,-6.798],[3.777,-3.474],[-0.604,6.042],[-2.568,12.538]],"v":[[246.526,-8.988],[241.088,-12.312],[238.671,-21.677],[246.375,-38.823],[259.291,-45.168],[256.723,-27.795]],"c":true},"ix":2},"nm":"の","mn":"ADBE Vector Shape - Group","hd":false},{"ty":"mm","mm":1,"nm":"合并路径 1","mn":"ADBE Vector Filter - Merge","hd":false},{"ty":"fl","c":{"a":0,"k":[0.596079987171,0.596079987171,0.596079987171,1],"ix":4},"o":{"a":0,"k":100,"ix":5},"r":1,"bm":0,"nm":"填充 1","mn":"ADBE Vector Graphic - Fill","hd":false},{"ty":"tr","p":{"a":0,"k":[0,0],"ix":2},"a":{"a":0,"k":[0,0],"ix":1},"s":{"a":0,"k":[100,100],"ix":3},"r":{"a":0,"k":0,"ix":6},"o":{"a":0,"k":100,"ix":7},"sk":{"a":0,"k":0,"ix":4},"sa":{"a":0,"k":0,"ix":5},"nm":"变换"}],"nm":"の","np":5,"cix":2,"bm":0,"ix":4,"mn":"ADBE Vector Group","hd":false},{"ty":"gr","it":[{"ind":0,"ty":"sh","ix":1,"ks":{"a":0,"k":{"i":[[1.813,5.061],[0,0],[0,-8.535],[2.87,-3.474],[6.042,0],[2.946,2.644],[0,4.683],[-1.964,4.079],[-5.816,6.949],[0,0],[9.819,-0.302],[0,0],[-3.097,0.604],[-2.946,1.208],[2.039,-4.985],[0,-3.701],[-4.532,-4.154],[-7.553,0],[-4.532,5.438],[0,8.384],[0.302,1.662],[0.604,1.737],[-4.607,-2.946],[0,0],[3.701,4.607]],"o":[[0,0],[4.079,10.423],[0,6.42],[-3.021,3.701],[-5.136,0],[-3.021,-2.719],[0,-4.23],[2.19,-4.834],[0,0],[-7.1,3.474],[0,0],[3.248,0],[3.021,-0.68],[-3.55,3.928],[-1.813,4.381],[0,6.949],[4.532,4.079],[8.837,0],[3.928,-4.91],[0,-1.586],[-0.302,-1.662],[3.323,4.834],[0,0],[-4.91,-3.172],[-3.777,-4.683]],"v":[[353.4,-55.44],[345.621,-52.645],[351.739,-24.245],[347.433,-9.366],[333.838,-3.777],[321.753,-7.78],[317.297,-18.807],[320.167,-31.27],[332.176,-48.944],[326.965,-54.156],[301.586,-48.566],[301.586,-40.636],[311.103,-41.542],[320.091,-44.337],[311.707,-30.968],[308.988,-18.807],[315.71,-2.115],[333.838,4.003],[353.854,-4.154],[359.821,-24.094],[359.292,-29.004],[357.932,-34.064],[369.866,-22.433],[374.625,-29.23],[361.709,-40.862]],"c":true},"ix":2},"nm":"ひ","mn":"ADBE Vector Shape - Group","hd":false},{"ty":"fl","c":{"a":0,"k":[0.596079987171,0.596079987171,0.596079987171,1],"ix":4},"o":{"a":0,"k":100,"ix":5},"r":1,"bm":0,"nm":"填充 1","mn":"ADBE Vector Graphic - Fill","hd":false},{"ty":"tr","p":{"a":0,"k":[0,0],"ix":2},"a":{"a":0,"k":[0,0],"ix":1},"s":{"a":0,"k":[100,100],"ix":3},"r":{"a":0,"k":0,"ix":6},"o":{"a":0,"k":100,"ix":7},"sk":{"a":0,"k":0,"ix":4},"sa":{"a":0,"k":0,"ix":5},"nm":"变换"}],"nm":"ひ","np":3,"cix":2,"bm":0,"ix":5,"mn":"ADBE Vector Group","hd":false},{"ty":"gr","it":[{"ind":0,"ty":"sh","ix":1,"ks":{"a":0,"k":{"i":[[4.91,0.604],[0,0],[-6.571,-1.435],[-4.003,-1.511],[0,0],[7.704,1.662]],"o":[[0,0],[5.061,0.604],[7.1,1.511],[0,0],[-4.154,-1.662],[-6.798,-1.511]],"v":[[394.789,-59.745],[393.127,-52.267],[410.575,-49.246],[427.192,-44.639],[430.138,-51.512],[412.312,-56.497]],"c":true},"ix":2},"nm":"ら","mn":"ADBE Vector Shape - Group","hd":false},{"ind":1,"ty":"sh","ix":2,"ks":{"a":0,"k":{"i":[[0,0],[2.87,-7.78],[0,0],[-4.079,1.586],[-5.212,0],[-2.266,-1.813],[0,-2.341],[3.172,-2.115],[7.175,0],[5.212,0.453],[0,0],[-5.061,0],[-5.136,3.172],[0,6.496],[4.079,3.021],[5.589,0],[4.23,-1.36],[3.021,-2.266],[-0.755,10.272]],"o":[[-0.68,12.689],[0,0],[4.607,-3.852],[4.079,-1.662],[3.777,0],[2.039,1.662],[0,3.625],[-3.625,2.266],[-4.683,0],[0,0],[5.136,0.378],[8.913,0],[5.438,-3.474],[0,-4.985],[-3.852,-2.795],[-4.154,0],[-4.23,1.284],[1.662,-4.532],[0,0]],"v":[[391.315,-47.282],[385.952,-16.617],[392.297,-13.822],[405.363,-21.98],[419.337,-24.397],[428.4,-21.677],[431.497,-15.71],[426.663,-7.175],[410.5,-3.701],[395.62,-4.456],[395.167,3.399],[410.5,4.003],[431.573,-0.831],[439.73,-15.71],[433.537,-27.644],[419.337,-31.799],[406.799,-29.759],[395.922,-24.397],[399.548,-46.678]],"c":true},"ix":2},"nm":"ら","mn":"ADBE Vector Shape - Group","hd":false},{"ty":"mm","mm":1,"nm":"合并路径 1","mn":"ADBE Vector Filter - Merge","hd":false},{"ty":"fl","c":{"a":0,"k":[0.596079987171,0.596079987171,0.596079987171,1],"ix":4},"o":{"a":0,"k":100,"ix":5},"r":1,"bm":0,"nm":"填充 1","mn":"ADBE Vector Graphic - Fill","hd":false},{"ty":"tr","p":{"a":0,"k":[0,0],"ix":2},"a":{"a":0,"k":[0,0],"ix":1},"s":{"a":0,"k":[100,100],"ix":3},"r":{"a":0,"k":0,"ix":6},"o":{"a":0,"k":100,"ix":7},"sk":{"a":0,"k":0,"ix":4},"sa":{"a":0,"k":0,"ix":5},"nm":"变换"}],"nm":"ら","np":5,"cix":2,"bm":0,"ix":6,"mn":"ADBE Vector Group","hd":false}],"ip":0,"op":75,"st":0,"bm":0},{"ddd":0,"ind":20,"ty":4,"nm":"“の秘密”轮廓","sr":1,"ks":{"o":{"a":1,"k":[{"i":{"x":[0.833],"y":[0.833]},"o":{"x":[0.167],"y":[0.167]},"t":10,"s":[0]},{"i":{"x":[0.833],"y":[0.833]},"o":{"x":[0.167],"y":[0.167]},"t":30,"s":[100]},{"i":{"x":[0.833],"y":[0.833]},"o":{"x":[0.167],"y":[0.167]},"t":60,"s":[100]},{"i":{"x":[0.833],"y":[0.833]},"o":{"x":[0.167],"y":[0.167]},"t":70,"s":[0]},{"i":{"x":[0.833],"y":[0.833]},"o":{"x":[0.167],"y":[0.167]},"t":180,"s":[100]},{"t":189,"s":[0]}],"ix":11},"r":{"a":0,"k":0,"ix":10},"p":{"a":0,"k":[46,664,0],"ix":2},"a":{"a":0,"k":[0,0,0],"ix":1},"s":{"a":0,"k":[100,100,100],"ix":6}},"ao":0,"hasMask":true,"masksProperties":[{"inv":false,"mode":"a","pt":{"a":1,"k":[{"i":{"x":0.667,"y":1},"o":{"x":0.333,"y":0},"t":10,"s":[{"i":[[0,0],[0,0],[0,0],[0,0]],"o":[[0,0],[0,0],[0,0],[0,0]],"v":[[-48,-101],[-365.648,-101],[-365.648,48.859],[-48,48.859]],"c":true}]},{"i":{"x":0.667,"y":1},"o":{"x":0.333,"y":0},"t":30,"s":[{"i":[[0,0],[0,0],[0,0],[0,0]],"o":[[0,0],[0,0],[0,0],[0,0]],"v":[[520,-101],[-42.648,-101],[-42.648,48.859],[520,48.859]],"c":true}]},{"i":{"x":0.667,"y":1},"o":{"x":0.333,"y":0},"t":180,"s":[{"i":[[0,0],[0,0],[0,0],[0,0]],"o":[[0,0],[0,0],[0,0],[0,0]],"v":[[520,-101],[-42.648,-101],[-42.648,48.859],[520,48.859]],"c":true}]},{"t":189,"s":[{"i":[[0,0],[0,0],[0,0],[0,0]],"o":[[0,0],[0,0],[0,0],[0,0]],"v":[[587,-102],[269.352,-102],[269.352,47.859],[587,47.859]],"c":true}]}],"ix":1},"o":{"a":0,"k":100,"ix":3},"x":{"a":0,"k":0,"ix":4},"nm":"蒙版 1"}],"shapes":[{"ty":"gr","it":[{"ind":0,"ty":"sh","ix":1,"ks":{"a":0,"k":{"i":[[8.611,0],[6.345,-6.647],[0,-8.233],[-2.795,-3.852],[-4.91,0],[-3.323,6.345],[-1.36,8.611],[0,0],[-3.625,-2.795],[0,-6.042],[3.852,-3.399],[8.913,-1.662],[0,0],[-4.683,4.003],[0,8.762],[5.816,5.136]],"o":[[-10.272,0],[-5.891,6.042],[0,5.438],[2.946,4.079],[5.438,0],[2.493,-4.834],[0,0],[4.758,0.453],[4.758,3.625],[0,6.345],[-3.928,3.323],[0,0],[10.121,-2.19],[5.438,-4.834],[0,-7.78],[-5.891,-5.136]],"v":[[39.352,-52.947],[14.426,-43.053],[5.589,-21.677],[9.743,-7.704],[21.526,-1.586],[34.669,-11.179],[40.409,-31.345],[42.071,-45.394],[54.684,-40.485],[61.86,-25.983],[56.044,-11.33],[36.859,-3.777],[39.427,3.625],[61.709,-5.665],[69.942,-25.983],[61.18,-45.319]],"c":true},"ix":2},"nm":"の","mn":"ADBE Vector Shape - Group","hd":false},{"ind":1,"ty":"sh","ix":2,"ks":{"a":0,"k":{"i":[[4.23,0],[1.435,2.19],[0,3.852],[-5.136,4.607],[-4.834,0.755],[1.057,-5.514]],"o":[[-2.19,0],[-1.662,-2.417],[0,-6.798],[3.777,-3.474],[-0.604,6.042],[-2.568,12.538]],"v":[[21.526,-8.988],[16.088,-12.312],[13.671,-21.677],[21.375,-38.823],[34.291,-45.168],[31.723,-27.795]],"c":true},"ix":2},"nm":"の","mn":"ADBE Vector Shape - Group","hd":false},{"ty":"mm","mm":1,"nm":"合并路径 1","mn":"ADBE Vector Filter - Merge","hd":false},{"ty":"fl","c":{"a":0,"k":[0.596079987171,0.596079987171,0.596079987171,1],"ix":4},"o":{"a":0,"k":100,"ix":5},"r":1,"bm":0,"nm":"填充 1","mn":"ADBE Vector Graphic - Fill","hd":false},{"ty":"tr","p":{"a":0,"k":[0,0],"ix":2},"a":{"a":0,"k":[0,0],"ix":1},"s":{"a":0,"k":[100,100],"ix":3},"r":{"a":0,"k":0,"ix":6},"o":{"a":0,"k":100,"ix":7},"sk":{"a":0,"k":0,"ix":4},"sa":{"a":0,"k":0,"ix":5},"nm":"变换"}],"nm":"の","np":5,"cix":2,"bm":0,"ix":1,"mn":"ADBE Vector Group","hd":false},{"ty":"gr","it":[{"ind":0,"ty":"sh","ix":1,"ks":{"a":0,"k":{"i":[[0,0],[0,0],[0,0],[4.532,-5.74],[0,0],[-2.115,6.042],[0,0],[0,0],[0,0],[-1.36,-2.341],[0,0],[2.568,2.341],[0,0],[0,0],[0,0],[0,0],[0,0],[-2.87,0.831],[0,0],[8.611,-0.755],[0,0],[-2.493,0.378],[0,0]],"o":[[0,0],[0,0],[-2.19,7.402],[0,0],[3.172,-4.985],[0,0],[0,0],[0,0],[1.057,1.662],[0,0],[-2.568,-2.795],[0,0],[0,0],[0,0],[0,0],[0,0],[3.172,-0.755],[0,0],[-6.722,2.266],[0,0],[2.568,-0.302],[0,0],[0,0]],"v":[[79.003,-42.146],[79.003,-34.669],[87.387,-34.669],[77.266,-14.955],[80.514,-6.647],[88.52,-23.188],[88.52,7.553],[95.998,7.553],[95.998,-24.623],[99.548,-18.656],[103.626,-24.85],[95.998,-32.554],[95.998,-34.669],[103.626,-34.669],[103.626,-42.146],[95.998,-42.146],[95.998,-51.89],[105.061,-54.231],[102.342,-61.482],[79.305,-56.95],[80.891,-49.624],[88.52,-50.606],[88.52,-42.146]],"c":true},"ix":2},"nm":"秘","mn":"ADBE Vector Shape - Group","hd":false},{"ind":1,"ty":"sh","ix":2,"ks":{"a":0,"k":{"i":[[0,0],[-1.36,1.36],[-0.604,7.553],[0,0],[0.604,-1.057],[1.133,0],[0,0],[0,1.511],[0,0],[-3.625,8.308],[-1.662,-6.722],[0,0],[2.341,5.891],[0,0],[-1.964,7.402],[0,0],[5.287,-9.064],[0,0],[0,0],[0,0],[6.269,-3.323],[0,0],[-3.777,3.474],[0,0],[-4.985,0]],"o":[[2.87,0],[1.511,-1.435],[0,0],[-0.227,5.287],[-0.529,0.982],[0,0],[-1.511,0],[0,0],[4.532,-5.891],[1.964,5.287],[0,0],[-1.737,-6.722],[0,0],[2.417,-6.118],[0,0],[-3.097,12.991],[0,0],[0,0],[0,0],[-4.758,5.589],[0,0],[4.23,-2.266],[0,0],[0,5.212],[0,0]],"v":[[133.083,5.665],[139.428,3.55],[142.6,-9.97],[135.349,-12.387],[134.065,-2.946],[131.573,-1.435],[126.059,-1.435],[123.869,-3.701],[123.869,-11.028],[136.105,-32.252],[141.467,-14.275],[148.19,-17.297],[142.072,-36.255],[137.086,-34.593],[143.658,-54.911],[136.482,-58.083],[123.869,-24.925],[123.869,-47.207],[116.391,-47.207],[116.391,-14.351],[99.85,-0.906],[104.306,5.665],[116.391,-2.946],[116.391,-2.19],[123.793,5.665]],"c":true},"ix":2},"nm":"秘","mn":"ADBE Vector Shape - Group","hd":false},{"ind":2,"ty":"sh","ix":3,"ks":{"a":0,"k":{"i":[[0,0],[2.719,-7.402],[0,0],[-1.36,10.197]],"o":[[-1.208,8.308],[0,0],[2.493,-7.402],[0,0]],"v":[[108.158,-39.503],[102.342,-15.937],[108.838,-11.783],[114.578,-38.143]],"c":true},"ix":2},"nm":"秘","mn":"ADBE Vector Shape - Group","hd":false},{"ind":3,"ty":"sh","ix":4,"ks":{"a":0,"k":{"i":[[4.985,3.928],[0,0],[-2.946,-3.701],[0,0]],"o":[[0,0],[5.438,4.305],[0,0],[-3.55,-3.852]],"v":[[119.941,-62.313],[114.729,-57.328],[127.343,-45.319],[132.781,-50.681]],"c":true},"ix":2},"nm":"秘","mn":"ADBE Vector Shape - Group","hd":false},{"ty":"mm","mm":1,"nm":"合并路径 1","mn":"ADBE Vector Filter - Merge","hd":false},{"ty":"fl","c":{"a":0,"k":[0.596079987171,0.596079987171,0.596079987171,1],"ix":4},"o":{"a":0,"k":100,"ix":5},"r":1,"bm":0,"nm":"填充 1","mn":"ADBE Vector Graphic - Fill","hd":false},{"ty":"tr","p":{"a":0,"k":[0,0],"ix":2},"a":{"a":0,"k":[0,0],"ix":1},"s":{"a":0,"k":[100,100],"ix":3},"r":{"a":0,"k":0,"ix":6},"o":{"a":0,"k":100,"ix":7},"sk":{"a":0,"k":0,"ix":4},"sa":{"a":0,"k":0,"ix":5},"nm":"变换"}],"nm":"秘","np":7,"cix":2,"bm":0,"ix":2,"mn":"ADBE Vector Group","hd":false},{"ty":"gr","it":[{"ind":0,"ty":"sh","ix":1,"ks":{"a":0,"k":{"i":[[0,0],[0,0],[0.68,1.813],[0,0],[-0.68,-1.662],[0,0],[0,0],[0,0],[0,0],[0,0],[0,0],[0,0]],"o":[[0,0],[-0.68,-2.266],[0,0],[0.755,1.435],[0,0],[0,0],[0,0],[0,0],[0,0],[0,0],[0,0],[0,0]],"v":[[219.942,-56.497],[191.693,-56.497],[189.654,-62.54],[181.27,-61.18],[183.46,-56.497],[155.589,-56.497],[155.589,-39.805],[163.293,-39.805],[163.293,-49.397],[212.238,-49.397],[212.238,-39.805],[219.942,-39.805]],"c":true},"ix":2},"nm":"密","mn":"ADBE Vector Shape - Group","hd":false},{"ind":1,"ty":"sh","ix":2,"ks":{"a":0,"k":{"i":[[0,0],[0,0],[0,0],[0,0],[0,0],[0,0],[0,0],[0,0],[0,0],[0,0],[0,0],[0,0],[0,0],[0,0],[0,0],[0,0]],"o":[[0,0],[0,0],[0,0],[0,0],[0,0],[0,0],[0,0],[0,0],[0,0],[0,0],[0,0],[0,0],[0,0],[0,0],[0,0],[0,0]],"v":[[184.064,-15.484],[184.064,-1.964],[168.807,-1.964],[168.807,-12.916],[161.103,-12.916],[161.103,7.931],[168.807,7.931],[168.807,5.287],[207.781,5.287],[207.781,8.006],[215.561,8.006],[215.561,-14.049],[207.781,-14.049],[207.781,-1.964],[191.92,-1.964],[191.92,-15.484]],"c":true},"ix":2},"nm":"密","mn":"ADBE Vector Shape - Group","hd":false},{"ind":2,"ty":"sh","ix":3,"ks":{"a":0,"k":{"i":[[2.946,3.097],[0,0],[-1.662,-2.644],[0,0]],"o":[[0,0],[2.87,3.172],[0,0],[-1.662,-2.417]],"v":[[185.877,-48.944],[180.137,-45.394],[186.935,-36.708],[192.751,-40.711]],"c":true},"ix":2},"nm":"密","mn":"ADBE Vector Shape - Group","hd":false},{"ind":3,"ty":"sh","ix":4,"ks":{"a":0,"k":{"i":[[0,0],[8.837,-4.834],[0,0],[0,0],[0,0],[7.402,-1.964],[0,0],[-6.042,2.568],[-2.795,0],[0,0],[-1.511,1.133],[-0.68,6.118],[0,0],[0.831,-0.755],[1.36,0],[0,0],[-6.269,7.402]],"o":[[-5.816,6.798],[0,0],[0,0],[0,0],[-6.118,2.719],[0,0],[6.949,-1.888],[1.36,1.36],[0,0],[3.172,0],[1.662,-1.057],[0,0],[-0.302,3.852],[-0.68,0.755],[0,0],[9.29,-5.212],[0,0]],"v":[[202.645,-47.736],[180.666,-30.212],[180.666,-40.862],[173.037,-40.862],[173.037,-26.511],[152.719,-19.563],[155.816,-12.916],[175.227,-19.563],[181.421,-17.448],[198.491,-17.448],[205.591,-19.185],[209.141,-29.986],[201.739,-32.403],[200.077,-25.529],[196.98,-24.397],[185.046,-24.397],[208.385,-43.355]],"c":true},"ix":2},"nm":"密","mn":"ADBE Vector Shape - Group","hd":false},{"ind":4,"ty":"sh","ix":5,"ks":{"a":0,"k":{"i":[[4.985,5.74],[0,0],[-2.719,-4.683],[0,0]],"o":[[0,0],[4.607,5.589],[0,0],[-2.719,-4.305]],"v":[[210.954,-40.258],[205.289,-36.179],[216.316,-20.847],[222.585,-25.227]],"c":true},"ix":2},"nm":"密","mn":"ADBE Vector Shape - Group","hd":false},{"ind":5,"ty":"sh","ix":6,"ks":{"a":0,"k":{"i":[[0,0],[4.607,-4.834],[0,0],[-2.417,7.024]],"o":[[-1.888,5.589],[0,0],[4.381,-5.136],[0,0]],"v":[[165.786,-43.959],[156.042,-28.324],[162.463,-24.245],[172.584,-42.448]],"c":true},"ix":2},"nm":"密","mn":"ADBE Vector Shape - Group","hd":false},{"ty":"mm","mm":1,"nm":"合并路径 1","mn":"ADBE Vector Filter - Merge","hd":false},{"ty":"fl","c":{"a":0,"k":[0.596079987171,0.596079987171,0.596079987171,1],"ix":4},"o":{"a":0,"k":100,"ix":5},"r":1,"bm":0,"nm":"填充 1","mn":"ADBE Vector Graphic - Fill","hd":false},{"ty":"tr","p":{"a":0,"k":[0,0],"ix":2},"a":{"a":0,"k":[0,0],"ix":1},"s":{"a":0,"k":[100,100],"ix":3},"r":{"a":0,"k":0,"ix":6},"o":{"a":0,"k":100,"ix":7},"sk":{"a":0,"k":0,"ix":4},"sa":{"a":0,"k":0,"ix":5},"nm":"变换"}],"nm":"密","np":9,"cix":2,"bm":0,"ix":3,"mn":"ADBE Vector Group","hd":false}],"ip":10,"op":75,"st":10,"bm":0},{"ddd":0,"ind":74,"ty":3,"nm":"健康-bg","sr":1,"ks":{"o":{"a":1,"k":[{"i":{"x":[0.833],"y":[0.833]},"o":{"x":[0.167],"y":[0.167]},"t":230,"s":[0]},{"t":240,"s":[100]}],"ix":11},"r":{"a":0,"k":0,"ix":10},"p":{"a":1,"k":[{"i":{"x":0.3,"y":1},"o":{"x":0.3,"y":0},"t":220,"s":[481.163,706.034,0],"to":[-43.527,124.052,0],"ti":[0,0,0]},{"i":{"x":0.833,"y":0.833},"o":{"x":0.144,"y":0.144},"t":240,"s":[242,885.672,0],"to":[0,0,0],"ti":[0,0,0]},{"i":{"x":0.833,"y":0.83},"o":{"x":0.167,"y":0.111},"t":255,"s":[242,885.672,0],"to":[0,0,0],"ti":[9.249,0.234,0]},{"i":{"x":0.833,"y":0.836},"o":{"x":0.167,"y":0.163},"t":285,"s":[232,875.047,0],"to":[-9.249,-0.234,0],"ti":[0,-3.438,0]},{"i":{"x":0.833,"y":0.836},"o":{"x":0.167,"y":0.169},"t":315,"s":[222,885.672,0],"to":[0,3.438,0],"ti":[-9.376,-0.078,0]},{"i":{"x":0.833,"y":0.829},"o":{"x":0.167,"y":0.17},"t":345,"s":[232,895.672,0],"to":[9.376,0.078,0],"ti":[0,0,0]},{"i":{"x":0.965,"y":0},"o":{"x":0.167,"y":0.162},"t":375,"s":[242,885.672,0],"to":[0,0,0],"ti":[8.687,-0.016,0]},{"i":{"x":0.833,"y":0.995},"o":{"x":0.167,"y":0.079},"t":404,"s":[232,875.047,0],"to":[-8.687,0.016,0],"ti":[0,0,0]},{"i":{"x":0.7,"y":1},"o":{"x":0.167,"y":0.007},"t":429,"s":[-487,435.672,0],"to":[0,0,0],"ti":[0,0,0]},{"i":{"x":0.833,"y":0.76},"o":{"x":0.3,"y":0},"t":459,"s":[199.999,289.672,0],"to":[0,0,0],"ti":[0,0,0]},{"t":489,"s":[199.999,269.672,0]}],"ix":2},"a":{"a":0,"k":[284.145,-175.98,0],"ix":1},"s":{"a":0,"k":[100,100,100],"ix":6}},"ao":0,"ip":220,"op":405,"st":40,"bm":0},{"ddd":0,"ind":78,"ty":3,"nm":"爱情-bg","sr":1,"ks":{"o":{"a":1,"k":[{"i":{"x":[0.833],"y":[0.833]},"o":{"x":[0.167],"y":[0.167]},"t":195,"s":[0]},{"t":205,"s":[100]}],"ix":11},"r":{"a":0,"k":0,"ix":10},"p":{"a":1,"k":[{"i":{"x":0.3,"y":1},"o":{"x":0.3,"y":0},"t":185,"s":[697.163,680.034,0],"to":[86.473,64.052,0],"ti":[0,0,0]},{"i":{"x":0.833,"y":0.833},"o":{"x":0.144,"y":0.144},"t":205,"s":[938.999,759.672,0],"to":[0,0,0],"ti":[0,0,0]},{"i":{"x":0.833,"y":0.83},"o":{"x":0.167,"y":0.111},"t":220,"s":[938.999,759.672,0],"to":[0,0,0],"ti":[9.249,0.234,0]},{"i":{"x":0.833,"y":0.836},"o":{"x":0.167,"y":0.163},"t":250,"s":[928.999,749.047,0],"to":[-9.249,-0.234,0],"ti":[0,-3.438,0]},{"i":{"x":0.833,"y":0.836},"o":{"x":0.167,"y":0.169},"t":280,"s":[918.999,759.672,0],"to":[0,3.438,0],"ti":[-9.376,-0.078,0]},{"i":{"x":0.833,"y":0.829},"o":{"x":0.167,"y":0.17},"t":310,"s":[928.999,769.672,0],"to":[9.376,0.078,0],"ti":[0,0,0]},{"i":{"x":0.965,"y":0},"o":{"x":0.167,"y":0.162},"t":340,"s":[938.999,759.672,0],"to":[0,0,0],"ti":[8.687,-0.016,0]},{"i":{"x":0.833,"y":0.995},"o":{"x":0.167,"y":0.079},"t":369,"s":[928.999,749.047,0],"to":[-8.687,0.016,0],"ti":[0,0,0]},{"i":{"x":0.7,"y":1},"o":{"x":0.167,"y":0.234},"t":394,"s":[209.999,309.672,0],"to":[0,0,0],"ti":[0,0,0]},{"i":{"x":0.833,"y":0.921},"o":{"x":0.3,"y":0},"t":424,"s":[209.999,329.672,0],"to":[0,0,0],"ti":[0,0,0]},{"t":454,"s":[199.999,269.672,0]}],"ix":2},"a":{"a":0,"k":[284.145,-175.98,0],"ix":1},"s":{"a":0,"k":[100,100,100],"ix":6}},"ao":0,"ip":185,"op":370,"st":5,"bm":0},{"ddd":0,"ind":82,"ty":3,"nm":"智慧-bg","sr":1,"ks":{"o":{"a":1,"k":[{"i":{"x":[0.833],"y":[0.833]},"o":{"x":[0.167],"y":[0.167]},"t":160,"s":[0]},{"t":170,"s":[100]}],"ix":11},"r":{"a":0,"k":0,"ix":10},"p":{"a":1,"k":[{"i":{"x":0.3,"y":1},"o":{"x":0.3,"y":0},"t":150,"s":[367.163,496.034,0],"to":[-111.527,-49.948,0],"ti":[0,0,0]},{"i":{"x":0.833,"y":0.833},"o":{"x":0.144,"y":0.144},"t":170,"s":[191.999,335.672,0],"to":[0,0,0],"ti":[0,0,0]},{"i":{"x":0.833,"y":0.83},"o":{"x":0.167,"y":0.111},"t":185,"s":[191.999,335.672,0],"to":[0,0,0],"ti":[9.249,0.234,0]},{"i":{"x":0.833,"y":0.836},"o":{"x":0.167,"y":0.163},"t":215,"s":[181.999,325.047,0],"to":[-9.249,-0.234,0],"ti":[0,-3.438,0]},{"i":{"x":0.833,"y":0.836},"o":{"x":0.167,"y":0.169},"t":245,"s":[171.999,335.672,0],"to":[0,3.438,0],"ti":[-9.376,-0.078,0]},{"i":{"x":0.833,"y":0.829},"o":{"x":0.167,"y":0.17},"t":275,"s":[181.999,345.672,0],"to":[9.376,0.078,0],"ti":[0,0,0]},{"i":{"x":0.833,"y":0.821},"o":{"x":0.167,"y":0.162},"t":305,"s":[191.999,335.672,0],"to":[0,0,0],"ti":[8.687,-0.016,0]},{"i":{"x":0.833,"y":0.756},"o":{"x":0.167,"y":0.154},"t":334,"s":[181.999,325.047,0],"to":[-8.687,0.016,0],"ti":[0,0,0]},{"i":{"x":0.7,"y":1},"o":{"x":0.167,"y":0.165},"t":359,"s":[171.999,335.672,0],"to":[0,0,0],"ti":[0,0,0]},{"i":{"x":0.833,"y":0.76},"o":{"x":0.3,"y":0},"t":389,"s":[191.999,355.672,0],"to":[0,0,0],"ti":[0,0,0]},{"t":419,"s":[191.999,335.672,0]}],"ix":2},"a":{"a":0,"k":[284.145,-175.98,0],"ix":1},"s":{"a":0,"k":[100,100,100],"ix":6}},"ao":0,"ip":150,"op":391,"st":-30,"bm":0}],"markers":[]}