{"v":"5.6.8","fr":30,"ip":0,"op":330,"w":1125,"h":1050,"nm":"订阅视频-手相","ddd":0,"assets":[{"id":"comp_0","layers":[{"ddd":0,"ind":1,"ty":4,"nm":"“vida:”轮廓","sr":1,"ks":{"o":{"a":1,"k":[{"i":{"x":[0.833],"y":[0.833]},"o":{"x":[0.167],"y":[0.167]},"t":230,"s":[0]},{"t":240,"s":[100]}],"ix":11},"r":{"a":0,"k":0,"ix":10},"p":{"a":0,"k":[464.933,683.646,0],"ix":2},"a":{"a":0,"k":[-0.81,-13.716,0],"ix":1},"s":{"a":0,"k":[100,100,100],"ix":6}},"ao":0,"shapes":[{"ty":"gr","it":[{"ind":0,"ty":"sh","ix":1,"ks":{"a":0,"k":{"i":[[0,0],[0,0],[0,0],[0,0],[0,0],[0,0],[0,0]],"o":[[0,0],[0,0],[0,0],[0,0],[0,0],[0,0],[0,0]],"v":[[0.202,-18.826],[7.146,0],[10.517,0],[17.604,-18.826],[14.142,-18.826],[8.903,-3.498],[3.876,-18.826]],"c":true},"ix":2},"nm":"v","mn":"ADBE Vector Shape - Group","hd":false},{"ty":"fl","c":{"a":0,"k":[1,1,1,1],"ix":4},"o":{"a":0,"k":100,"ix":5},"r":1,"bm":0,"nm":"填充 1","mn":"ADBE Vector Graphic - Fill","hd":false},{"ty":"st","c":{"a":0,"k":[0.098040008545,0.098040008545,0.098040008545,1],"ix":3},"o":{"a":0,"k":100,"ix":4},"w":{"a":0,"k":0.01,"ix":5},"lc":1,"lj":1,"ml":4,"bm":0,"nm":"描边 1","mn":"ADBE Vector Graphic - Stroke","hd":false},{"ty":"tr","p":{"a":0,"k":[0,0],"ix":2},"a":{"a":0,"k":[0,0],"ix":1},"s":{"a":0,"k":[100,100],"ix":3},"r":{"a":0,"k":0,"ix":6},"o":{"a":0,"k":100,"ix":7},"sk":{"a":0,"k":0,"ix":4},"sa":{"a":0,"k":0,"ix":5},"nm":"变换"}],"nm":"v","np":3,"cix":2,"bm":0,"ix":1,"mn":"ADBE Vector Group","hd":false},{"ty":"gr","it":[{"ind":0,"ty":"sh","ix":1,"ks":{"a":0,"k":{"i":[[0,0],[0,0],[0,0],[0,0]],"o":[[0,0],[0,0],[0,0],[0,0]],"v":[[20.32,0],[23.537,0],[23.537,-18.738],[20.32,-18.738]],"c":true},"ix":2},"nm":"i","mn":"ADBE Vector Shape - Group","hd":false},{"ind":1,"ty":"sh","ix":2,"ks":{"a":0,"k":{"i":[[0,0],[0,0],[0,0],[0,0]],"o":[[0,0],[0,0],[0,0],[0,0]],"v":[[20.32,-22.236],[23.537,-22.236],[23.537,-25.822],[20.32,-25.822]],"c":true},"ix":2},"nm":"i","mn":"ADBE Vector Shape - Group","hd":false},{"ty":"mm","mm":1,"nm":"合并路径 1","mn":"ADBE Vector Filter - Merge","hd":false},{"ty":"fl","c":{"a":0,"k":[1,1,1,1],"ix":4},"o":{"a":0,"k":100,"ix":5},"r":1,"bm":0,"nm":"填充 1","mn":"ADBE Vector Graphic - Fill","hd":false},{"ty":"st","c":{"a":0,"k":[0.098040008545,0.098040008545,0.098040008545,1],"ix":3},"o":{"a":0,"k":100,"ix":4},"w":{"a":0,"k":0.01,"ix":5},"lc":1,"lj":1,"ml":4,"bm":0,"nm":"描边 1","mn":"ADBE Vector Graphic - Stroke","hd":false},{"ty":"tr","p":{"a":0,"k":[0,0],"ix":2},"a":{"a":0,"k":[0,0],"ix":1},"s":{"a":0,"k":[100,100],"ix":3},"r":{"a":0,"k":0,"ix":6},"o":{"a":0,"k":100,"ix":7},"sk":{"a":0,"k":0,"ix":4},"sa":{"a":0,"k":0,"ix":5},"nm":"变换"}],"nm":"i","np":5,"cix":2,"bm":0,"ix":2,"mn":"ADBE Vector Group","hd":false},{"ty":"gr","it":[{"ind":0,"ty":"sh","ix":1,"ks":{"a":0,"k":{"i":[[0,2.016],[-0.985,1.219],[-1.586,0],[-0.968,-1.143],[0,-2.379],[0.939,-1.26],[1.457,0],[0.851,1.36]],"o":[[0,-2.367],[0.985,-1.219],[1.422,0],[0.968,1.143],[0,2.355],[-0.939,1.26],[-1.877,0],[-0.851,-1.359]],"v":[[30.322,-9.193],[31.8,-14.572],[35.656,-16.4],[39.242,-14.687],[40.693,-9.404],[39.285,-3.981],[35.692,-2.092],[31.599,-4.131]],"c":true},"ix":2},"nm":"d","mn":"ADBE Vector Shape - Group","hd":false},{"ind":1,"ty":"sh","ix":2,"ks":{"a":0,"k":{"i":[[1.436,0],[1.395,-2.01],[0,-2.742],[-1.529,-1.764],[-2.09,0],[-1.004,0.516],[-0.736,1.16],[0,0],[0,0],[0,0],[0,0],[0,0],[0.56,0.352]],"o":[[-2.592,0],[-1.395,2.01],[0,2.93],[1.529,1.764],[1.296,0],[1.004,-0.516],[0,0],[0,0],[0,0],[0,0],[0,0],[-0.712,-0.879],[-0.969,-0.609]],"v":[[35.055,-19.16],[29.075,-16.146],[26.982,-9.018],[29.276,-1.978],[34.705,0.668],[38.154,-0.105],[40.764,-2.619],[40.764,0],[43.611,0],[43.611,-25.91],[40.57,-25.91],[40.57,-16.4],[38.662,-18.246]],"c":true},"ix":2},"nm":"d","mn":"ADBE Vector Shape - Group","hd":false},{"ty":"mm","mm":1,"nm":"合并路径 1","mn":"ADBE Vector Filter - Merge","hd":false},{"ty":"fl","c":{"a":0,"k":[1,1,1,1],"ix":4},"o":{"a":0,"k":100,"ix":5},"r":1,"bm":0,"nm":"填充 1","mn":"ADBE Vector Graphic - Fill","hd":false},{"ty":"st","c":{"a":0,"k":[0.098040008545,0.098040008545,0.098040008545,1],"ix":3},"o":{"a":0,"k":100,"ix":4},"w":{"a":0,"k":0.01,"ix":5},"lc":1,"lj":1,"ml":4,"bm":0,"nm":"描边 1","mn":"ADBE Vector Graphic - Stroke","hd":false},{"ty":"tr","p":{"a":0,"k":[0,0],"ix":2},"a":{"a":0,"k":[0,0],"ix":1},"s":{"a":0,"k":[100,100],"ix":3},"r":{"a":0,"k":0,"ix":6},"o":{"a":0,"k":100,"ix":7},"sk":{"a":0,"k":0,"ix":4},"sa":{"a":0,"k":0,"ix":5},"nm":"变换"}],"nm":"d","np":5,"cix":2,"bm":0,"ix":3,"mn":"ADBE Vector Group","hd":false},{"ty":"gr","it":[{"ind":0,"ty":"sh","ix":1,"ks":{"a":0,"k":{"i":[[0,0.912],[-0.979,0.55],[-1.146,0.152],[0,0],[-0.608,0.165],[-0.386,0.247],[0,0],[1.758,-0.854],[1.113,0],[0.668,0.526]],"o":[[0,-1.204],[0.578,-0.327],[0,0],[0.585,-0.07],[0.608,-0.165],[0,0],[0,1.942],[-1.043,0.515],[-0.914,0],[-0.668,-0.526]],"v":[[50.766,-5.003],[52.233,-7.634],[54.819,-8.353],[56.731,-8.599],[58.521,-8.951],[60.012,-9.568],[60.012,-7.023],[57.375,-2.829],[54.141,-2.057],[51.768,-2.846]],"c":true},"ix":2},"nm":"a","mn":"ADBE Vector Shape - Group","hd":false},{"ind":1,"ty":"sh","ix":2,"ks":{"a":0,"k":{"i":[[0,0],[1.09,-0.96],[0,-1.744],[-1.107,-1.059],[-1.746,0],[-1.207,0.621],[-0.645,0.844],[-0.258,-0.41],[-1.09,0],[-0.258,0.035],[-0.492,0.141],[0,0],[0.176,-0.018],[0.141,0],[0.135,0.199],[0,0.328],[0,0],[1.369,0.844],[2.212,0],[1.446,-0.911],[0.059,-2.327],[0,0],[-0.386,0.495],[-1.649,0],[-0.766,-0.488],[0,-1.082],[0.14,-0.282],[0.726,-0.093]],"o":[[-1.77,0.222],[-1.09,0.96],[0,1.592],[1.107,1.059],[1.453,0],[1.207,-0.621],[0.105,0.75],[0.492,0.773],[0.445,0],[0.258,-0.035],[0,0],[-0.199,0.035],[-0.176,0.018],[-0.434,0],[-0.135,-0.199],[0,0],[0,-1.781],[-1.381,-0.844],[-1.908,0],[-1.446,0.911],[0,0],[0.117,-0.977],[0.69,-0.895],[1.427,0],[0.766,0.488],[0,0.53],[-0.246,0.515],[0,0]],"v":[[53.385,-10.761],[49.096,-8.988],[47.461,-4.933],[49.122,-0.956],[53.402,0.633],[57.393,-0.299],[60.17,-2.496],[60.715,-0.756],[63.088,0.404],[64.143,0.352],[65.268,0.088],[65.268,-2.25],[64.705,-2.171],[64.23,-2.145],[63.378,-2.443],[63.176,-3.234],[63.176,-14.08],[61.122,-18.018],[55.731,-19.283],[50.701,-17.917],[48.445,-13.061],[51.398,-13.061],[52.153,-15.269],[55.661,-16.611],[58.95,-15.879],[60.1,-13.523],[59.889,-12.306],[58.43,-11.393]],"c":true},"ix":2},"nm":"a","mn":"ADBE Vector Shape - Group","hd":false},{"ty":"mm","mm":1,"nm":"合并路径 1","mn":"ADBE Vector Filter - Merge","hd":false},{"ty":"fl","c":{"a":0,"k":[1,1,1,1],"ix":4},"o":{"a":0,"k":100,"ix":5},"r":1,"bm":0,"nm":"填充 1","mn":"ADBE Vector Graphic - Fill","hd":false},{"ty":"st","c":{"a":0,"k":[0.098040008545,0.098040008545,0.098040008545,1],"ix":3},"o":{"a":0,"k":100,"ix":4},"w":{"a":0,"k":0.01,"ix":5},"lc":1,"lj":1,"ml":4,"bm":0,"nm":"描边 1","mn":"ADBE Vector Graphic - Stroke","hd":false},{"ty":"tr","p":{"a":0,"k":[0,0],"ix":2},"a":{"a":0,"k":[0,0],"ix":1},"s":{"a":0,"k":[100,100],"ix":3},"r":{"a":0,"k":0,"ix":6},"o":{"a":0,"k":100,"ix":7},"sk":{"a":0,"k":0,"ix":4},"sa":{"a":0,"k":0,"ix":5},"nm":"变换"}],"nm":"a","np":5,"cix":2,"bm":0,"ix":4,"mn":"ADBE Vector Group","hd":false},{"ty":"gr","it":[{"ind":0,"ty":"sh","ix":1,"ks":{"a":0,"k":{"i":[[0,0],[0,0],[0,0],[0,0]],"o":[[0,0],[0,0],[0,0],[0,0]],"v":[[70.031,-14.748],[73.705,-14.748],[73.705,-18.58],[70.031,-18.58]],"c":true},"ix":2},"nm":":","mn":"ADBE Vector Shape - Group","hd":false},{"ind":1,"ty":"sh","ix":2,"ks":{"a":0,"k":{"i":[[0,0],[0,0],[0,0],[0,0]],"o":[[0,0],[0,0],[0,0],[0,0]],"v":[[70.031,0],[73.705,0],[73.705,-3.832],[70.031,-3.832]],"c":true},"ix":2},"nm":":","mn":"ADBE Vector Shape - Group","hd":false},{"ty":"mm","mm":1,"nm":"合并路径 1","mn":"ADBE Vector Filter - Merge","hd":false},{"ty":"fl","c":{"a":0,"k":[1,1,1,1],"ix":4},"o":{"a":0,"k":100,"ix":5},"r":1,"bm":0,"nm":"填充 1","mn":"ADBE Vector Graphic - Fill","hd":false},{"ty":"st","c":{"a":0,"k":[0.098040008545,0.098040008545,0.098040008545,1],"ix":3},"o":{"a":0,"k":100,"ix":4},"w":{"a":0,"k":0.01,"ix":5},"lc":1,"lj":1,"ml":4,"bm":0,"nm":"描边 1","mn":"ADBE Vector Graphic - Stroke","hd":false},{"ty":"tr","p":{"a":0,"k":[0,0],"ix":2},"a":{"a":0,"k":[0,0],"ix":1},"s":{"a":0,"k":[100,100],"ix":3},"r":{"a":0,"k":0,"ix":6},"o":{"a":0,"k":100,"ix":7},"sk":{"a":0,"k":0,"ix":4},"sa":{"a":0,"k":0,"ix":5},"nm":"变换"}],"nm":":","np":5,"cix":2,"bm":0,"ix":5,"mn":"ADBE Vector Group","hd":false}],"ip":220,"op":400,"st":40,"bm":0},{"ddd":0,"ind":3,"ty":4,"nm":"“amor:”轮廓","sr":1,"ks":{"o":{"a":1,"k":[{"i":{"x":[0.833],"y":[0.833]},"o":{"x":[0.167],"y":[0.167]},"t":195,"s":[0]},{"t":205,"s":[100]}],"ix":11},"r":{"a":0,"k":0,"ix":10},"p":{"a":0,"k":[683.933,655.646,0],"ix":2},"a":{"a":0,"k":[-0.81,-13.716,0],"ix":1},"s":{"a":0,"k":[100,100,100],"ix":6}},"ao":0,"shapes":[{"ty":"gr","it":[{"ind":0,"ty":"sh","ix":1,"ks":{"a":0,"k":{"i":[[0,0.912],[-0.979,0.55],[-1.146,0.152],[0,0],[-0.608,0.165],[-0.386,0.247],[0,0],[1.758,-0.854],[1.113,0],[0.668,0.526]],"o":[[0,-1.204],[0.578,-0.327],[0,0],[0.585,-0.07],[0.608,-0.165],[0,0],[0,1.942],[-1.043,0.515],[-0.914,0],[-0.668,-0.526]],"v":[[4.746,-5.003],[6.214,-7.634],[8.799,-8.353],[10.712,-8.599],[12.501,-8.951],[13.992,-9.568],[13.992,-7.023],[11.355,-2.829],[8.121,-2.057],[5.748,-2.846]],"c":true},"ix":2},"nm":"a","mn":"ADBE Vector Shape - Group","hd":false},{"ind":1,"ty":"sh","ix":2,"ks":{"a":0,"k":{"i":[[0,0],[1.09,-0.96],[0,-1.744],[-1.107,-1.059],[-1.746,0],[-1.207,0.621],[-0.645,0.844],[-0.258,-0.41],[-1.09,0],[-0.258,0.035],[-0.492,0.141],[0,0],[0.176,-0.018],[0.141,0],[0.135,0.199],[0,0.328],[0,0],[1.369,0.844],[2.212,0],[1.446,-0.911],[0.059,-2.327],[0,0],[-0.386,0.495],[-1.649,0],[-0.766,-0.488],[0,-1.082],[0.14,-0.282],[0.726,-0.093]],"o":[[-1.77,0.222],[-1.09,0.96],[0,1.592],[1.107,1.059],[1.453,0],[1.207,-0.621],[0.105,0.75],[0.492,0.773],[0.445,0],[0.258,-0.035],[0,0],[-0.199,0.035],[-0.176,0.018],[-0.434,0],[-0.135,-0.199],[0,0],[0,-1.781],[-1.381,-0.844],[-1.908,0],[-1.446,0.911],[0,0],[0.117,-0.977],[0.69,-0.895],[1.427,0],[0.766,0.488],[0,0.53],[-0.246,0.515],[0,0]],"v":[[7.365,-10.761],[3.076,-8.988],[1.441,-4.933],[3.103,-0.956],[7.383,0.633],[11.373,-0.299],[14.15,-2.496],[14.695,-0.756],[17.068,0.404],[18.123,0.352],[19.248,0.088],[19.248,-2.25],[18.686,-2.171],[18.211,-2.145],[17.358,-2.443],[17.156,-3.234],[17.156,-14.08],[15.102,-18.018],[9.712,-19.283],[4.682,-17.917],[2.426,-13.061],[5.379,-13.061],[6.133,-15.269],[9.642,-16.611],[12.931,-15.879],[14.08,-13.523],[13.869,-12.306],[12.41,-11.393]],"c":true},"ix":2},"nm":"a","mn":"ADBE Vector Shape - Group","hd":false},{"ty":"mm","mm":1,"nm":"合并路径 1","mn":"ADBE Vector Filter - Merge","hd":false},{"ty":"fl","c":{"a":0,"k":[1,1,1,1],"ix":4},"o":{"a":0,"k":100,"ix":5},"r":1,"bm":0,"nm":"填充 1","mn":"ADBE Vector Graphic - Fill","hd":false},{"ty":"st","c":{"a":0,"k":[0.098040008545,0.098040008545,0.098040008545,1],"ix":3},"o":{"a":0,"k":100,"ix":4},"w":{"a":0,"k":0.01,"ix":5},"lc":1,"lj":1,"ml":4,"bm":0,"nm":"描边 1","mn":"ADBE Vector Graphic - Stroke","hd":false},{"ty":"tr","p":{"a":0,"k":[0,0],"ix":2},"a":{"a":0,"k":[0,0],"ix":1},"s":{"a":0,"k":[100,100],"ix":3},"r":{"a":0,"k":0,"ix":6},"o":{"a":0,"k":100,"ix":7},"sk":{"a":0,"k":0,"ix":4},"sa":{"a":0,"k":0,"ix":5},"nm":"变换"}],"nm":"a","np":5,"cix":2,"bm":0,"ix":1,"mn":"ADBE Vector Group","hd":false},{"ty":"gr","it":[{"ind":0,"ty":"sh","ix":1,"ks":{"a":0,"k":{"i":[[0,0],[0,0],[0,0],[-0.979,0.926],[-1.195,0],[-0.481,-0.879],[0,-1.277],[0,0],[0,0],[0,0],[-0.896,0.832],[-1.242,0],[-0.627,-0.469],[0,-1.254],[0,0],[0,0],[0,0],[0.492,0.984],[2.531,0],[0.949,-0.486],[0.703,-1.008],[0.516,0.422],[1.5,0],[1.043,-0.715],[0.75,-0.926],[0,0],[0,0]],"o":[[0,0],[0,0],[0,-2.426],[0.978,-0.926],[1.312,0],[0.305,0.586],[0,0],[0,0],[0,0],[0,-1.945],[0.896,-0.832],[0.902,0],[0.627,0.469],[0,0],[0,0],[0,0],[0,-1.664],[-0.914,-1.828],[-1.184,0],[-0.949,0.486],[-0.422,-0.82],[-0.914,-0.738],[-1.324,0],[-0.609,0.422],[0,0],[0,0],[0,0]],"v":[[22.342,0],[25.506,0],[25.506,-9.984],[26.974,-15.012],[30.234,-16.4],[32.924,-15.082],[33.381,-12.287],[33.381,0],[36.598,0],[36.598,-10.951],[37.942,-15.117],[41.15,-16.365],[43.444,-15.662],[44.385,-13.078],[44.385,0],[47.672,0],[47.672,-12.533],[46.934,-16.506],[41.766,-19.248],[38.566,-18.519],[36.088,-16.277],[34.682,-18.141],[31.061,-19.248],[27.51,-18.176],[25.471,-16.154],[25.471,-18.826],[22.342,-18.826]],"c":true},"ix":2},"nm":"m","mn":"ADBE Vector Shape - Group","hd":false},{"ty":"fl","c":{"a":0,"k":[1,1,1,1],"ix":4},"o":{"a":0,"k":100,"ix":5},"r":1,"bm":0,"nm":"填充 1","mn":"ADBE Vector Graphic - Fill","hd":false},{"ty":"st","c":{"a":0,"k":[0.098040008545,0.098040008545,0.098040008545,1],"ix":3},"o":{"a":0,"k":100,"ix":4},"w":{"a":0,"k":0.01,"ix":5},"lc":1,"lj":1,"ml":4,"bm":0,"nm":"描边 1","mn":"ADBE Vector Graphic - Stroke","hd":false},{"ty":"tr","p":{"a":0,"k":[0,0],"ix":2},"a":{"a":0,"k":[0,0],"ix":1},"s":{"a":0,"k":[100,100],"ix":3},"r":{"a":0,"k":0,"ix":6},"o":{"a":0,"k":100,"ix":7},"sk":{"a":0,"k":0,"ix":4},"sa":{"a":0,"k":0,"ix":5},"nm":"变换"}],"nm":"m","np":3,"cix":2,"bm":0,"ix":2,"mn":"ADBE Vector Group","hd":false},{"ty":"gr","it":[{"ind":0,"ty":"sh","ix":1,"ks":{"a":0,"k":{"i":[[2.074,0],[0.869,1.334],[0,2.002],[-0.869,1.475],[-1.912,0],[-0.881,-1.732],[0,-1.756],[0.771,-1.586]],"o":[[-1.889,0],[-0.869,-1.334],[0,-2.083],[0.869,-1.475],[2.155,0],[0.556,1.1],[0,1.943],[-0.771,1.586]],"v":[[59.739,-2.057],[55.602,-4.058],[54.299,-9.062],[55.602,-14.399],[59.774,-16.611],[64.328,-14.013],[65.162,-9.729],[64.006,-4.435]],"c":true},"ix":2},"nm":"o","mn":"ADBE Vector Shape - Group","hd":false},{"ind":1,"ty":"sh","ix":2,"ks":{"a":0,"k":{"i":[[2.409,0],[1.594,-1.873],[0,-3.161],[-1.513,-1.75],[-2.572,0],[-1.466,1.979],[0,3.033],[1.664,1.616]],"o":[[-2.688,0],[-1.594,1.873],[0,2.951],[1.513,1.75],[3.084,0],[1.466,-1.979],[0,-3.138],[-1.664,-1.616]],"v":[[59.861,-19.371],[53.438,-16.561],[51.047,-9.009],[53.316,-1.957],[59.443,0.668],[66.267,-2.3],[68.467,-9.817],[65.971,-16.947]],"c":true},"ix":2},"nm":"o","mn":"ADBE Vector Shape - Group","hd":false},{"ty":"mm","mm":1,"nm":"合并路径 1","mn":"ADBE Vector Filter - Merge","hd":false},{"ty":"fl","c":{"a":0,"k":[1,1,1,1],"ix":4},"o":{"a":0,"k":100,"ix":5},"r":1,"bm":0,"nm":"填充 1","mn":"ADBE Vector Graphic - Fill","hd":false},{"ty":"st","c":{"a":0,"k":[0.098040008545,0.098040008545,0.098040008545,1],"ix":3},"o":{"a":0,"k":100,"ix":4},"w":{"a":0,"k":0.01,"ix":5},"lc":1,"lj":1,"ml":4,"bm":0,"nm":"描边 1","mn":"ADBE Vector Graphic - Stroke","hd":false},{"ty":"tr","p":{"a":0,"k":[0,0],"ix":2},"a":{"a":0,"k":[0,0],"ix":1},"s":{"a":0,"k":[100,100],"ix":3},"r":{"a":0,"k":0,"ix":6},"o":{"a":0,"k":100,"ix":7},"sk":{"a":0,"k":0,"ix":4},"sa":{"a":0,"k":0,"ix":5},"nm":"变换"}],"nm":"o","np":5,"cix":2,"bm":0,"ix":3,"mn":"ADBE Vector Group","hd":false},{"ty":"gr","it":[{"ind":0,"ty":"sh","ix":1,"ks":{"a":0,"k":{"i":[[0,0],[0,0],[0,0],[-0.856,1.026],[-1.594,0],[-0.158,-0.012],[-0.188,-0.035],[0,0],[0.141,0.012],[0.059,0],[0.961,-0.908],[0.246,-0.633],[0,0],[0,0]],"o":[[0,0],[0,0],[0,-1.336],[0.855,-1.025],[0.187,0],[0.158,0.012],[0,0],[-0.34,-0.035],[-0.141,-0.012],[-1.254,0],[-0.961,0.908],[0,0],[0,0],[0,0]],"v":[[72.439,0],[75.604,0],[75.604,-10.828],[76.887,-14.37],[80.561,-15.908],[81.079,-15.891],[81.598,-15.82],[81.598,-19.16],[80.877,-19.23],[80.578,-19.248],[77.256,-17.886],[75.445,-15.574],[75.445,-18.826],[72.439,-18.826]],"c":true},"ix":2},"nm":"r","mn":"ADBE Vector Shape - Group","hd":false},{"ty":"fl","c":{"a":0,"k":[1,1,1,1],"ix":4},"o":{"a":0,"k":100,"ix":5},"r":1,"bm":0,"nm":"填充 1","mn":"ADBE Vector Graphic - Fill","hd":false},{"ty":"st","c":{"a":0,"k":[0.098040008545,0.098040008545,0.098040008545,1],"ix":3},"o":{"a":0,"k":100,"ix":4},"w":{"a":0,"k":0.01,"ix":5},"lc":1,"lj":1,"ml":4,"bm":0,"nm":"描边 1","mn":"ADBE Vector Graphic - Stroke","hd":false},{"ty":"tr","p":{"a":0,"k":[0,0],"ix":2},"a":{"a":0,"k":[0,0],"ix":1},"s":{"a":0,"k":[100,100],"ix":3},"r":{"a":0,"k":0,"ix":6},"o":{"a":0,"k":100,"ix":7},"sk":{"a":0,"k":0,"ix":4},"sa":{"a":0,"k":0,"ix":5},"nm":"变换"}],"nm":"r","np":3,"cix":2,"bm":0,"ix":4,"mn":"ADBE Vector Group","hd":false},{"ty":"gr","it":[{"ind":0,"ty":"sh","ix":1,"ks":{"a":0,"k":{"i":[[0,0],[0,0],[0,0],[0,0]],"o":[[0,0],[0,0],[0,0],[0,0]],"v":[[86.01,-14.748],[89.684,-14.748],[89.684,-18.58],[86.01,-18.58]],"c":true},"ix":2},"nm":":","mn":"ADBE Vector Shape - Group","hd":false},{"ind":1,"ty":"sh","ix":2,"ks":{"a":0,"k":{"i":[[0,0],[0,0],[0,0],[0,0]],"o":[[0,0],[0,0],[0,0],[0,0]],"v":[[86.01,0],[89.684,0],[89.684,-3.832],[86.01,-3.832]],"c":true},"ix":2},"nm":":","mn":"ADBE Vector Shape - Group","hd":false},{"ty":"mm","mm":1,"nm":"合并路径 1","mn":"ADBE Vector Filter - Merge","hd":false},{"ty":"fl","c":{"a":0,"k":[1,1,1,1],"ix":4},"o":{"a":0,"k":100,"ix":5},"r":1,"bm":0,"nm":"填充 1","mn":"ADBE Vector Graphic - Fill","hd":false},{"ty":"st","c":{"a":0,"k":[0.098040008545,0.098040008545,0.098040008545,1],"ix":3},"o":{"a":0,"k":100,"ix":4},"w":{"a":0,"k":0.01,"ix":5},"lc":1,"lj":1,"ml":4,"bm":0,"nm":"描边 1","mn":"ADBE Vector Graphic - Stroke","hd":false},{"ty":"tr","p":{"a":0,"k":[0,0],"ix":2},"a":{"a":0,"k":[0,0],"ix":1},"s":{"a":0,"k":[100,100],"ix":3},"r":{"a":0,"k":0,"ix":6},"o":{"a":0,"k":100,"ix":7},"sk":{"a":0,"k":0,"ix":4},"sa":{"a":0,"k":0,"ix":5},"nm":"变换"}],"nm":":","np":5,"cix":2,"bm":0,"ix":5,"mn":"ADBE Vector Group","hd":false}],"ip":185,"op":370,"st":5,"bm":0},{"ddd":0,"ind":5,"ty":4,"nm":"“sabiduría:”轮廓","sr":1,"ks":{"o":{"a":1,"k":[{"i":{"x":[0.833],"y":[0.833]},"o":{"x":[0.167],"y":[0.167]},"t":160,"s":[0]},{"t":170,"s":[100]}],"ix":11},"r":{"a":0,"k":0,"ix":10},"p":{"a":0,"k":[346.933,473.646,0],"ix":2},"a":{"a":0,"k":[-0.81,-13.716,0],"ix":1},"s":{"a":0,"k":[100,100,100],"ix":6}},"ao":0,"shapes":[{"ty":"gr","it":[{"ind":0,"ty":"sh","ix":1,"ks":{"a":0,"k":{"i":[[0,0],[-1.18,-1.271],[-2.836,0],[-1.287,1.219],[0,1.676],[1.23,0.809],[2.316,0.551],[0,0],[0.477,0.292],[0,0.817],[-0.63,0.455],[-1.224,0],[-0.744,-0.827],[-0.06,-0.711],[0,0],[0.796,1.055],[2.874,0],[1.3,-1.101],[0,-1.781],[-1.382,-0.855],[-1.631,-0.398],[0,0],[-0.465,-0.258],[0,-0.809],[0.909,-0.51],[1.196,0],[0.813,1.02],[0.096,1.055]],"o":[[0.083,1.875],[1.18,1.271],[2.634,0],[1.287,-1.219],[0,-1.734],[-0.788,-0.516],[0,0],[-0.931,-0.222],[-0.828,-0.491],[0,-0.747],[0.63,-0.455],[1.835,0],[0.456,0.583],[0,0],[0.023,-1.219],[-1.271,-1.664],[-2.197,0],[-1.301,1.102],[0,1.512],[0.774,0.492],[0,0],[1.369,0.34],[0.726,0.422],[0,1.066],[-0.909,0.51],[-2.009,0],[-0.443,-0.562],[0,0]],"v":[[1.16,-5.906],[3.056,-1.187],[9.08,0.721],[14.961,-1.107],[16.893,-5.449],[15.047,-9.264],[10.39,-10.863],[8.259,-11.373],[6.146,-12.145],[4.904,-14.107],[5.849,-15.911],[8.629,-16.594],[12.498,-15.353],[13.271,-13.412],[16.26,-13.412],[15.101,-16.822],[8.884,-19.318],[3.638,-17.666],[1.688,-13.342],[3.76,-9.791],[7.368,-8.455],[9.923,-7.822],[12.674,-6.926],[13.764,-5.08],[12.4,-2.716],[9.243,-1.951],[5.008,-3.48],[4.201,-5.906]],"c":true},"ix":2},"nm":"s","mn":"ADBE Vector Shape - Group","hd":false},{"ty":"fl","c":{"a":0,"k":[1,1,1,1],"ix":4},"o":{"a":0,"k":100,"ix":5},"r":1,"bm":0,"nm":"填充 1","mn":"ADBE Vector Graphic - Fill","hd":false},{"ty":"st","c":{"a":0,"k":[0.098040008545,0.098040008545,0.098040008545,1],"ix":3},"o":{"a":0,"k":100,"ix":4},"w":{"a":0,"k":0.01,"ix":5},"lc":1,"lj":1,"ml":4,"bm":0,"nm":"描边 1","mn":"ADBE Vector Graphic - Stroke","hd":false},{"ty":"tr","p":{"a":0,"k":[0,0],"ix":2},"a":{"a":0,"k":[0,0],"ix":1},"s":{"a":0,"k":[100,100],"ix":3},"r":{"a":0,"k":0,"ix":6},"o":{"a":0,"k":100,"ix":7},"sk":{"a":0,"k":0,"ix":4},"sa":{"a":0,"k":0,"ix":5},"nm":"变换"}],"nm":"s","np":3,"cix":2,"bm":0,"ix":1,"mn":"ADBE Vector Group","hd":false},{"ty":"gr","it":[{"ind":0,"ty":"sh","ix":1,"ks":{"a":0,"k":{"i":[[0,0.912],[-0.979,0.55],[-1.146,0.152],[0,0],[-0.608,0.165],[-0.386,0.247],[0,0],[1.758,-0.854],[1.113,0],[0.668,0.526]],"o":[[0,-1.204],[0.578,-0.327],[0,0],[0.585,-0.07],[0.608,-0.165],[0,0],[0,1.942],[-1.043,0.515],[-0.914,0],[-0.668,-0.526]],"v":[[22.746,-5.003],[24.214,-7.634],[26.799,-8.353],[28.712,-8.599],[30.501,-8.951],[31.992,-9.568],[31.992,-7.023],[29.355,-2.829],[26.121,-2.057],[23.748,-2.846]],"c":true},"ix":2},"nm":"a","mn":"ADBE Vector Shape - Group","hd":false},{"ind":1,"ty":"sh","ix":2,"ks":{"a":0,"k":{"i":[[0,0],[1.09,-0.96],[0,-1.744],[-1.107,-1.059],[-1.746,0],[-1.207,0.621],[-0.645,0.844],[-0.258,-0.41],[-1.09,0],[-0.258,0.035],[-0.492,0.141],[0,0],[0.176,-0.018],[0.141,0],[0.135,0.199],[0,0.328],[0,0],[1.369,0.844],[2.212,0],[1.446,-0.911],[0.059,-2.327],[0,0],[-0.386,0.495],[-1.649,0],[-0.766,-0.488],[0,-1.082],[0.14,-0.282],[0.726,-0.093]],"o":[[-1.77,0.222],[-1.09,0.96],[0,1.592],[1.107,1.059],[1.453,0],[1.207,-0.621],[0.105,0.75],[0.492,0.773],[0.445,0],[0.258,-0.035],[0,0],[-0.199,0.035],[-0.176,0.018],[-0.434,0],[-0.135,-0.199],[0,0],[0,-1.781],[-1.381,-0.844],[-1.908,0],[-1.446,0.911],[0,0],[0.117,-0.977],[0.69,-0.895],[1.427,0],[0.766,0.488],[0,0.53],[-0.246,0.515],[0,0]],"v":[[25.365,-10.761],[21.076,-8.988],[19.441,-4.933],[21.103,-0.956],[25.383,0.633],[29.373,-0.299],[32.15,-2.496],[32.695,-0.756],[35.068,0.404],[36.123,0.352],[37.248,0.088],[37.248,-2.25],[36.686,-2.171],[36.211,-2.145],[35.358,-2.443],[35.156,-3.234],[35.156,-14.08],[33.102,-18.018],[27.712,-19.283],[22.682,-17.917],[20.426,-13.061],[23.379,-13.061],[24.133,-15.269],[27.642,-16.611],[30.931,-15.879],[32.08,-13.523],[31.869,-12.306],[30.41,-11.393]],"c":true},"ix":2},"nm":"a","mn":"ADBE Vector Shape - Group","hd":false},{"ty":"mm","mm":1,"nm":"合并路径 1","mn":"ADBE Vector Filter - Merge","hd":false},{"ty":"fl","c":{"a":0,"k":[1,1,1,1],"ix":4},"o":{"a":0,"k":100,"ix":5},"r":1,"bm":0,"nm":"填充 1","mn":"ADBE Vector Graphic - Fill","hd":false},{"ty":"st","c":{"a":0,"k":[0.098040008545,0.098040008545,0.098040008545,1],"ix":3},"o":{"a":0,"k":100,"ix":4},"w":{"a":0,"k":0.01,"ix":5},"lc":1,"lj":1,"ml":4,"bm":0,"nm":"描边 1","mn":"ADBE Vector Graphic - Stroke","hd":false},{"ty":"tr","p":{"a":0,"k":[0,0],"ix":2},"a":{"a":0,"k":[0,0],"ix":1},"s":{"a":0,"k":[100,100],"ix":3},"r":{"a":0,"k":0,"ix":6},"o":{"a":0,"k":100,"ix":7},"sk":{"a":0,"k":0,"ix":4},"sa":{"a":0,"k":0,"ix":5},"nm":"变换"}],"nm":"a","np":5,"cix":2,"bm":0,"ix":2,"mn":"ADBE Vector Group","hd":false},{"ty":"gr","it":[{"ind":0,"ty":"sh","ix":1,"ks":{"a":0,"k":{"i":[[0,0],[0,0],[0,0],[-0.588,-0.41],[-1.435,0],[-1.447,1.969],[0,2.977],[1.464,1.611],[2.353,0],[0.965,-0.475],[0.694,-0.902],[0,0],[0,0]],"o":[[0,0],[0,0],[0.67,0.903],[0.988,0.691],[2.564,0],[1.447,-1.969],[0,-3.14],[-1.465,-1.611],[-1.129,0],[-0.965,0.475],[0,0],[0,0],[0,0]],"v":[[40.078,0],[42.996,0],[42.996,-2.408],[44.884,-0.439],[48.519,0.598],[54.536,-2.355],[56.707,-9.773],[54.51,-16.901],[48.784,-19.318],[45.642,-18.606],[43.154,-16.541],[43.154,-25.91],[40.078,-25.91]],"c":true},"ix":2},"nm":"b","mn":"ADBE Vector Shape - Group","hd":false},{"ind":1,"ty":"sh","ix":2,"ks":{"a":0,"k":{"i":[[1.717,0],[0.835,2.074],[0,1.77],[-1.088,1.066],[-1.446,0],[-0.853,-1.301],[0,-1.98],[0.853,-1.359]],"o":[[-2.281,0],[-0.447,-1.101],[0,-2.449],[1.088,-1.066],[1.658,0],[0.853,1.301],[0,2.227],[-0.853,1.36]],"v":[[48.323,-2.197],[43.649,-5.309],[42.979,-9.615],[44.61,-14.889],[48.411,-16.488],[52.176,-14.537],[53.455,-9.615],[52.176,-4.236]],"c":true},"ix":2},"nm":"b","mn":"ADBE Vector Shape - Group","hd":false},{"ty":"mm","mm":1,"nm":"合并路径 1","mn":"ADBE Vector Filter - Merge","hd":false},{"ty":"fl","c":{"a":0,"k":[1,1,1,1],"ix":4},"o":{"a":0,"k":100,"ix":5},"r":1,"bm":0,"nm":"填充 1","mn":"ADBE Vector Graphic - Fill","hd":false},{"ty":"st","c":{"a":0,"k":[0.098040008545,0.098040008545,0.098040008545,1],"ix":3},"o":{"a":0,"k":100,"ix":4},"w":{"a":0,"k":0.01,"ix":5},"lc":1,"lj":1,"ml":4,"bm":0,"nm":"描边 1","mn":"ADBE Vector Graphic - Stroke","hd":false},{"ty":"tr","p":{"a":0,"k":[0,0],"ix":2},"a":{"a":0,"k":[0,0],"ix":1},"s":{"a":0,"k":[100,100],"ix":3},"r":{"a":0,"k":0,"ix":6},"o":{"a":0,"k":100,"ix":7},"sk":{"a":0,"k":0,"ix":4},"sa":{"a":0,"k":0,"ix":5},"nm":"变换"}],"nm":"b","np":5,"cix":2,"bm":0,"ix":3,"mn":"ADBE Vector Group","hd":false},{"ty":"gr","it":[{"ind":0,"ty":"sh","ix":1,"ks":{"a":0,"k":{"i":[[0,0],[0,0],[0,0],[0,0]],"o":[[0,0],[0,0],[0,0],[0,0]],"v":[[60.363,0],[63.58,0],[63.58,-18.738],[60.363,-18.738]],"c":true},"ix":2},"nm":"i","mn":"ADBE Vector Shape - Group","hd":false},{"ind":1,"ty":"sh","ix":2,"ks":{"a":0,"k":{"i":[[0,0],[0,0],[0,0],[0,0]],"o":[[0,0],[0,0],[0,0],[0,0]],"v":[[60.363,-22.236],[63.58,-22.236],[63.58,-25.822],[60.363,-25.822]],"c":true},"ix":2},"nm":"i","mn":"ADBE Vector Shape - Group","hd":false},{"ty":"mm","mm":1,"nm":"合并路径 1","mn":"ADBE Vector Filter - Merge","hd":false},{"ty":"fl","c":{"a":0,"k":[1,1,1,1],"ix":4},"o":{"a":0,"k":100,"ix":5},"r":1,"bm":0,"nm":"填充 1","mn":"ADBE Vector Graphic - Fill","hd":false},{"ty":"st","c":{"a":0,"k":[0.098040008545,0.098040008545,0.098040008545,1],"ix":3},"o":{"a":0,"k":100,"ix":4},"w":{"a":0,"k":0.01,"ix":5},"lc":1,"lj":1,"ml":4,"bm":0,"nm":"描边 1","mn":"ADBE Vector Graphic - Stroke","hd":false},{"ty":"tr","p":{"a":0,"k":[0,0],"ix":2},"a":{"a":0,"k":[0,0],"ix":1},"s":{"a":0,"k":[100,100],"ix":3},"r":{"a":0,"k":0,"ix":6},"o":{"a":0,"k":100,"ix":7},"sk":{"a":0,"k":0,"ix":4},"sa":{"a":0,"k":0,"ix":5},"nm":"变换"}],"nm":"i","np":5,"cix":2,"bm":0,"ix":4,"mn":"ADBE Vector Group","hd":false},{"ty":"gr","it":[{"ind":0,"ty":"sh","ix":1,"ks":{"a":0,"k":{"i":[[0,2.016],[-0.985,1.219],[-1.586,0],[-0.968,-1.143],[0,-2.379],[0.939,-1.26],[1.457,0],[0.851,1.36]],"o":[[0,-2.367],[0.985,-1.219],[1.422,0],[0.968,1.143],[0,2.355],[-0.939,1.26],[-1.877,0],[-0.851,-1.359]],"v":[[70.365,-9.193],[71.843,-14.572],[75.699,-16.4],[79.285,-14.687],[80.736,-9.404],[79.328,-3.981],[75.735,-2.092],[71.642,-4.131]],"c":true},"ix":2},"nm":"d","mn":"ADBE Vector Shape - Group","hd":false},{"ind":1,"ty":"sh","ix":2,"ks":{"a":0,"k":{"i":[[1.436,0],[1.395,-2.01],[0,-2.742],[-1.529,-1.764],[-2.09,0],[-1.004,0.516],[-0.736,1.16],[0,0],[0,0],[0,0],[0,0],[0,0],[0.56,0.352]],"o":[[-2.592,0],[-1.395,2.01],[0,2.93],[1.529,1.764],[1.296,0],[1.004,-0.516],[0,0],[0,0],[0,0],[0,0],[0,0],[-0.712,-0.879],[-0.969,-0.609]],"v":[[75.098,-19.16],[69.118,-16.146],[67.025,-9.018],[69.319,-1.978],[74.748,0.668],[78.197,-0.105],[80.807,-2.619],[80.807,0],[83.654,0],[83.654,-25.91],[80.613,-25.91],[80.613,-16.4],[78.705,-18.246]],"c":true},"ix":2},"nm":"d","mn":"ADBE Vector Shape - Group","hd":false},{"ty":"mm","mm":1,"nm":"合并路径 1","mn":"ADBE Vector Filter - Merge","hd":false},{"ty":"fl","c":{"a":0,"k":[1,1,1,1],"ix":4},"o":{"a":0,"k":100,"ix":5},"r":1,"bm":0,"nm":"填充 1","mn":"ADBE Vector Graphic - Fill","hd":false},{"ty":"st","c":{"a":0,"k":[0.098040008545,0.098040008545,0.098040008545,1],"ix":3},"o":{"a":0,"k":100,"ix":4},"w":{"a":0,"k":0.01,"ix":5},"lc":1,"lj":1,"ml":4,"bm":0,"nm":"描边 1","mn":"ADBE Vector Graphic - Stroke","hd":false},{"ty":"tr","p":{"a":0,"k":[0,0],"ix":2},"a":{"a":0,"k":[0,0],"ix":1},"s":{"a":0,"k":[100,100],"ix":3},"r":{"a":0,"k":0,"ix":6},"o":{"a":0,"k":100,"ix":7},"sk":{"a":0,"k":0,"ix":4},"sa":{"a":0,"k":0,"ix":5},"nm":"变换"}],"nm":"d","np":5,"cix":2,"bm":0,"ix":5,"mn":"ADBE Vector Group","hd":false},{"ty":"gr","it":[{"ind":0,"ty":"sh","ix":1,"ks":{"a":0,"k":{"i":[[0,0],[0,0],[-0.517,-0.961],[-2.633,0],[-1.184,0.984],[-0.403,0.715],[0,0],[0,0],[0,0],[0,0],[0,0],[0.422,-1.055],[2.145,0],[0.548,1.125],[0,0.961],[0,0]],"o":[[0,0],[0,1.606],[0.954,1.793],[1.69,0],[0.598,-0.492],[0,0],[0,0],[0,0],[0,0],[0,0],[0,1.84],[-0.776,1.969],[-1.495,0],[-0.297,-0.609],[0,0],[0,0]],"v":[[88.312,-18.826],[88.312,-6.029],[89.089,-2.18],[94.47,0.51],[98.782,-0.967],[100.283,-2.777],[100.248,0],[103.236,0],[103.236,-18.826],[100.072,-18.826],[100.072,-9.58],[99.439,-5.238],[95.056,-2.285],[91.992,-3.973],[91.547,-6.328],[91.547,-18.826]],"c":true},"ix":2},"nm":"u","mn":"ADBE Vector Shape - Group","hd":false},{"ty":"fl","c":{"a":0,"k":[1,1,1,1],"ix":4},"o":{"a":0,"k":100,"ix":5},"r":1,"bm":0,"nm":"填充 1","mn":"ADBE Vector Graphic - Fill","hd":false},{"ty":"st","c":{"a":0,"k":[0.098040008545,0.098040008545,0.098040008545,1],"ix":3},"o":{"a":0,"k":100,"ix":4},"w":{"a":0,"k":0.01,"ix":5},"lc":1,"lj":1,"ml":4,"bm":0,"nm":"描边 1","mn":"ADBE Vector Graphic - Stroke","hd":false},{"ty":"tr","p":{"a":0,"k":[0,0],"ix":2},"a":{"a":0,"k":[0,0],"ix":1},"s":{"a":0,"k":[100,100],"ix":3},"r":{"a":0,"k":0,"ix":6},"o":{"a":0,"k":100,"ix":7},"sk":{"a":0,"k":0,"ix":4},"sa":{"a":0,"k":0,"ix":5},"nm":"变换"}],"nm":"u","np":3,"cix":2,"bm":0,"ix":6,"mn":"ADBE Vector Group","hd":false},{"ty":"gr","it":[{"ind":0,"ty":"sh","ix":1,"ks":{"a":0,"k":{"i":[[0,0],[0,0],[0,0],[-0.856,1.026],[-1.594,0],[-0.158,-0.012],[-0.188,-0.035],[0,0],[0.141,0.012],[0.059,0],[0.961,-0.908],[0.246,-0.633],[0,0],[0,0]],"o":[[0,0],[0,0],[0,-1.336],[0.855,-1.025],[0.187,0],[0.158,0.012],[0,0],[-0.34,-0.035],[-0.141,-0.012],[-1.254,0],[-0.961,0.908],[0,0],[0,0],[0,0]],"v":[[108.492,0],[111.656,0],[111.656,-10.828],[112.939,-14.37],[116.613,-15.908],[117.132,-15.891],[117.65,-15.82],[117.65,-19.16],[116.93,-19.23],[116.631,-19.248],[113.309,-17.886],[111.498,-15.574],[111.498,-18.826],[108.492,-18.826]],"c":true},"ix":2},"nm":"r","mn":"ADBE Vector Shape - Group","hd":false},{"ty":"fl","c":{"a":0,"k":[1,1,1,1],"ix":4},"o":{"a":0,"k":100,"ix":5},"r":1,"bm":0,"nm":"填充 1","mn":"ADBE Vector Graphic - Fill","hd":false},{"ty":"st","c":{"a":0,"k":[0.098040008545,0.098040008545,0.098040008545,1],"ix":3},"o":{"a":0,"k":100,"ix":4},"w":{"a":0,"k":0.01,"ix":5},"lc":1,"lj":1,"ml":4,"bm":0,"nm":"描边 1","mn":"ADBE Vector Graphic - Stroke","hd":false},{"ty":"tr","p":{"a":0,"k":[0,0],"ix":2},"a":{"a":0,"k":[0,0],"ix":1},"s":{"a":0,"k":[100,100],"ix":3},"r":{"a":0,"k":0,"ix":6},"o":{"a":0,"k":100,"ix":7},"sk":{"a":0,"k":0,"ix":4},"sa":{"a":0,"k":0,"ix":5},"nm":"变换"}],"nm":"r","np":3,"cix":2,"bm":0,"ix":7,"mn":"ADBE Vector Group","hd":false},{"ty":"gr","it":[{"ind":0,"ty":"sh","ix":1,"ks":{"a":0,"k":{"i":[[0,0],[0,0],[0,0],[0,0]],"o":[[0,0],[0,0],[0,0],[0,0]],"v":[[121.395,0],[124.611,0],[124.611,-18.738],[121.395,-18.738]],"c":true},"ix":2},"nm":"í","mn":"ADBE Vector Shape - Group","hd":false},{"ind":1,"ty":"sh","ix":2,"ks":{"a":0,"k":{"i":[[0,0],[0,0],[0,0],[0,0]],"o":[[0,0],[0,0],[0,0],[0,0]],"v":[[123.1,-26.402],[119.883,-21.322],[122.309,-21.322],[127.002,-26.402]],"c":true},"ix":2},"nm":"í","mn":"ADBE Vector Shape - Group","hd":false},{"ty":"mm","mm":1,"nm":"合并路径 1","mn":"ADBE Vector Filter - Merge","hd":false},{"ty":"fl","c":{"a":0,"k":[1,1,1,1],"ix":4},"o":{"a":0,"k":100,"ix":5},"r":1,"bm":0,"nm":"填充 1","mn":"ADBE Vector Graphic - Fill","hd":false},{"ty":"st","c":{"a":0,"k":[0.098040008545,0.098040008545,0.098040008545,1],"ix":3},"o":{"a":0,"k":100,"ix":4},"w":{"a":0,"k":0.01,"ix":5},"lc":1,"lj":1,"ml":4,"bm":0,"nm":"描边 1","mn":"ADBE Vector Graphic - Stroke","hd":false},{"ty":"tr","p":{"a":0,"k":[0,0],"ix":2},"a":{"a":0,"k":[0,0],"ix":1},"s":{"a":0,"k":[100,100],"ix":3},"r":{"a":0,"k":0,"ix":6},"o":{"a":0,"k":100,"ix":7},"sk":{"a":0,"k":0,"ix":4},"sa":{"a":0,"k":0,"ix":5},"nm":"变换"}],"nm":"í","np":5,"cix":2,"bm":0,"ix":8,"mn":"ADBE Vector Group","hd":false},{"ty":"gr","it":[{"ind":0,"ty":"sh","ix":1,"ks":{"a":0,"k":{"i":[[0,0.912],[-0.979,0.55],[-1.146,0.152],[0,0],[-0.608,0.165],[-0.386,0.247],[0,0],[1.758,-0.854],[1.113,0],[0.668,0.526]],"o":[[0,-1.204],[0.578,-0.327],[0,0],[0.585,-0.07],[0.608,-0.165],[0,0],[0,1.942],[-1.043,0.515],[-0.914,0],[-0.668,-0.526]],"v":[[132.82,-5.003],[134.288,-7.634],[136.874,-8.353],[138.786,-8.599],[140.575,-8.951],[142.066,-9.568],[142.066,-7.023],[139.43,-2.829],[136.195,-2.057],[133.822,-2.846]],"c":true},"ix":2},"nm":"a","mn":"ADBE Vector Shape - Group","hd":false},{"ind":1,"ty":"sh","ix":2,"ks":{"a":0,"k":{"i":[[0,0],[1.09,-0.96],[0,-1.744],[-1.107,-1.059],[-1.746,0],[-1.207,0.621],[-0.645,0.844],[-0.258,-0.41],[-1.09,0],[-0.258,0.035],[-0.492,0.141],[0,0],[0.176,-0.018],[0.141,0],[0.135,0.199],[0,0.328],[0,0],[1.369,0.844],[2.212,0],[1.446,-0.911],[0.059,-2.327],[0,0],[-0.386,0.495],[-1.649,0],[-0.766,-0.488],[0,-1.082],[0.14,-0.282],[0.726,-0.093]],"o":[[-1.77,0.222],[-1.09,0.96],[0,1.592],[1.107,1.059],[1.453,0],[1.207,-0.621],[0.105,0.75],[0.492,0.773],[0.445,0],[0.258,-0.035],[0,0],[-0.199,0.035],[-0.176,0.018],[-0.434,0],[-0.135,-0.199],[0,0],[0,-1.781],[-1.381,-0.844],[-1.908,0],[-1.446,0.911],[0,0],[0.117,-0.977],[0.69,-0.895],[1.427,0],[0.766,0.488],[0,0.53],[-0.246,0.515],[0,0]],"v":[[135.439,-10.761],[131.15,-8.988],[129.516,-4.933],[131.177,-0.956],[135.457,0.633],[139.447,-0.299],[142.225,-2.496],[142.77,-0.756],[145.143,0.404],[146.197,0.352],[147.322,0.088],[147.322,-2.25],[146.76,-2.171],[146.285,-2.145],[145.433,-2.443],[145.23,-3.234],[145.23,-14.08],[143.176,-18.018],[137.786,-19.283],[132.756,-17.917],[130.5,-13.061],[133.453,-13.061],[134.207,-15.269],[137.716,-16.611],[141.005,-15.879],[142.154,-13.523],[141.944,-12.306],[140.485,-11.393]],"c":true},"ix":2},"nm":"a","mn":"ADBE Vector Shape - Group","hd":false},{"ty":"mm","mm":1,"nm":"合并路径 1","mn":"ADBE Vector Filter - Merge","hd":false},{"ty":"fl","c":{"a":0,"k":[1,1,1,1],"ix":4},"o":{"a":0,"k":100,"ix":5},"r":1,"bm":0,"nm":"填充 1","mn":"ADBE Vector Graphic - Fill","hd":false},{"ty":"st","c":{"a":0,"k":[0.098040008545,0.098040008545,0.098040008545,1],"ix":3},"o":{"a":0,"k":100,"ix":4},"w":{"a":0,"k":0.01,"ix":5},"lc":1,"lj":1,"ml":4,"bm":0,"nm":"描边 1","mn":"ADBE Vector Graphic - Stroke","hd":false},{"ty":"tr","p":{"a":0,"k":[0,0],"ix":2},"a":{"a":0,"k":[0,0],"ix":1},"s":{"a":0,"k":[100,100],"ix":3},"r":{"a":0,"k":0,"ix":6},"o":{"a":0,"k":100,"ix":7},"sk":{"a":0,"k":0,"ix":4},"sa":{"a":0,"k":0,"ix":5},"nm":"变换"}],"nm":"a","np":5,"cix":2,"bm":0,"ix":9,"mn":"ADBE Vector Group","hd":false},{"ty":"gr","it":[{"ind":0,"ty":"sh","ix":1,"ks":{"a":0,"k":{"i":[[0,0],[0,0],[0,0],[0,0]],"o":[[0,0],[0,0],[0,0],[0,0]],"v":[[152.086,-14.748],[155.76,-14.748],[155.76,-18.58],[152.086,-18.58]],"c":true},"ix":2},"nm":":","mn":"ADBE Vector Shape - Group","hd":false},{"ind":1,"ty":"sh","ix":2,"ks":{"a":0,"k":{"i":[[0,0],[0,0],[0,0],[0,0]],"o":[[0,0],[0,0],[0,0],[0,0]],"v":[[152.086,0],[155.76,0],[155.76,-3.832],[152.086,-3.832]],"c":true},"ix":2},"nm":":","mn":"ADBE Vector Shape - Group","hd":false},{"ty":"mm","mm":1,"nm":"合并路径 1","mn":"ADBE Vector Filter - Merge","hd":false},{"ty":"fl","c":{"a":0,"k":[1,1,1,1],"ix":4},"o":{"a":0,"k":100,"ix":5},"r":1,"bm":0,"nm":"填充 1","mn":"ADBE Vector Graphic - Fill","hd":false},{"ty":"st","c":{"a":0,"k":[0.098040008545,0.098040008545,0.098040008545,1],"ix":3},"o":{"a":0,"k":100,"ix":4},"w":{"a":0,"k":0.01,"ix":5},"lc":1,"lj":1,"ml":4,"bm":0,"nm":"描边 1","mn":"ADBE Vector Graphic - Stroke","hd":false},{"ty":"tr","p":{"a":0,"k":[0,0],"ix":2},"a":{"a":0,"k":[0,0],"ix":1},"s":{"a":0,"k":[100,100],"ix":3},"r":{"a":0,"k":0,"ix":6},"o":{"a":0,"k":100,"ix":7},"sk":{"a":0,"k":0,"ix":4},"sa":{"a":0,"k":0,"ix":5},"nm":"变换"}],"nm":":","np":5,"cix":2,"bm":0,"ix":10,"mn":"ADBE Vector Group","hd":false}],"ip":150,"op":371,"st":-30,"bm":0},{"ddd":0,"ind":7,"ty":4,"nm":"“EL SECRETO”轮廓","sr":1,"ks":{"o":{"a":1,"k":[{"i":{"x":[0.833],"y":[0.833]},"o":{"x":[0.167],"y":[0.167]},"t":0,"s":[0]},{"i":{"x":[0.833],"y":[0.833]},"o":{"x":[0.167],"y":[0.167]},"t":20,"s":[100]},{"i":{"x":[0.833],"y":[0.833]},"o":{"x":[0.167],"y":[0.167]},"t":60,"s":[100]},{"i":{"x":[0.833],"y":[0.833]},"o":{"x":[0.167],"y":[0.167]},"t":70,"s":[0]},{"i":{"x":[0.833],"y":[0.833]},"o":{"x":[0.167],"y":[0.167]},"t":170,"s":[100]},{"t":179,"s":[0]}],"ix":11},"r":{"a":0,"k":0,"ix":10},"p":{"a":0,"k":[46,556,0],"ix":2},"a":{"a":0,"k":[0,0,0],"ix":1},"s":{"a":0,"k":[100,100,100],"ix":6}},"ao":0,"hasMask":true,"masksProperties":[{"inv":false,"mode":"a","pt":{"a":1,"k":[{"i":{"x":0.667,"y":1},"o":{"x":0.333,"y":0},"t":0,"s":[{"i":[[0,0],[0,0],[0,0],[0,0]],"o":[[0,0],[0,0],[0,0],[0,0]],"v":[[-48,-101],[-365.648,-101],[-365.648,48.859],[-48,48.859]],"c":true}]},{"i":{"x":0.667,"y":1},"o":{"x":0.333,"y":0},"t":20,"s":[{"i":[[0,0],[0,0],[0,0],[0,0]],"o":[[0,0],[0,0],[0,0],[0,0]],"v":[[520,-101],[-42.648,-101],[-42.648,48.859],[520,48.859]],"c":true}]},{"i":{"x":0.667,"y":1},"o":{"x":0.333,"y":0},"t":170,"s":[{"i":[[0,0],[0,0],[0,0],[0,0]],"o":[[0,0],[0,0],[0,0],[0,0]],"v":[[520,-101],[-42.648,-101],[-42.648,48.859],[520,48.859]],"c":true}]},{"t":179,"s":[{"i":[[0,0],[0,0],[0,0],[0,0]],"o":[[0,0],[0,0],[0,0],[0,0]],"v":[[587,-102],[269.352,-102],[269.352,47.859],[587,47.859]],"c":true}]}],"ix":1},"o":{"a":0,"k":100,"ix":3},"x":{"a":0,"k":0,"ix":4},"nm":"蒙版 1"}],"shapes":[{"ty":"gr","it":[{"ind":0,"ty":"sh","ix":1,"ks":{"a":0,"k":{"i":[[0,0],[0,0],[0,0],[0,0],[0,0],[0,0],[0,0],[0,0],[0,0],[0,0],[0,0],[0,0]],"o":[[0,0],[0,0],[0,0],[0,0],[0,0],[0,0],[0,0],[0,0],[0,0],[0,0],[0,0],[0,0]],"v":[[5.64,0],[40.477,0],[40.477,-5.64],[11.892,-5.64],[11.892,-21.688],[37.866,-21.688],[37.866,-27.167],[11.892,-27.167],[11.892,-41.54],[39.993,-41.54],[39.993,-47.341],[5.64,-47.341]],"c":true},"ix":2},"nm":"E","mn":"ADBE Vector Shape - Group","hd":false},{"ty":"fl","c":{"a":0,"k":[0.596079987171,0.596079987171,0.596079987171,1],"ix":4},"o":{"a":0,"k":100,"ix":5},"r":1,"bm":0,"nm":"填充 1","mn":"ADBE Vector Graphic - Fill","hd":false},{"ty":"tr","p":{"a":0,"k":[0,0],"ix":2},"a":{"a":0,"k":[0,0],"ix":1},"s":{"a":0,"k":[100,100],"ix":3},"r":{"a":0,"k":0,"ix":6},"o":{"a":0,"k":100,"ix":7},"sk":{"a":0,"k":0,"ix":4},"sa":{"a":0,"k":0,"ix":5},"nm":"变换"}],"nm":"E","np":3,"cix":2,"bm":0,"ix":1,"mn":"ADBE Vector Group","hd":false},{"ty":"gr","it":[{"ind":0,"ty":"sh","ix":1,"ks":{"a":0,"k":{"i":[[0,0],[0,0],[0,0],[0,0],[0,0],[0,0]],"o":[[0,0],[0,0],[0,0],[0,0],[0,0],[0,0]],"v":[[47.729,0],[77.893,0],[77.893,-5.64],[54.142,-5.64],[54.142,-47.341],[47.729,-47.341]],"c":true},"ix":2},"nm":"L","mn":"ADBE Vector Shape - Group","hd":false},{"ty":"fl","c":{"a":0,"k":[0.596079987171,0.596079987171,0.596079987171,1],"ix":4},"o":{"a":0,"k":100,"ix":5},"r":1,"bm":0,"nm":"填充 1","mn":"ADBE Vector Graphic - Fill","hd":false},{"ty":"tr","p":{"a":0,"k":[0,0],"ix":2},"a":{"a":0,"k":[0,0],"ix":1},"s":{"a":0,"k":[100,100],"ix":3},"r":{"a":0,"k":0,"ix":6},"o":{"a":0,"k":100,"ix":7},"sk":{"a":0,"k":0,"ix":4},"sa":{"a":0,"k":0,"ix":5},"nm":"变换"}],"nm":"L","np":3,"cix":2,"bm":0,"ix":2,"mn":"ADBE Vector Group","hd":false},{"ty":"gr","it":[{"ind":0,"ty":"sh","ix":1,"ks":{"a":0,"k":{"i":[[0,0],[-3.249,-2.986],[-5.741,0],[-3.719,2.256],[0,5.242],[2.914,2.213],[3.102,0.731],[0,0],[1.228,0.688],[0,2.32],[-1.586,1.59],[-3.625,0],[-1.875,-2.47],[-0.309,-2.535],[0,0],[3.376,2.396],[4.829,0],[2.864,-2.728],[0,-4.254],[-2.914,-1.976],[-4.059,-0.945],[0,0],[-1.582,-1.074],[0,-2.578],[3.684,-1.332],[2.318,0],[2.049,3.137],[0.145,2.686]],"o":[[-0.064,5.113],[3.247,3.008],[4.924,0],[3.719,-2.256],[0,-4.211],[-1.686,-1.267],[0,0],[-4.33,-1.031],[-1.874,-1.074],[0,-2.105],[1.586,-1.59],[4.49,0],[1.009,1.354],[0,0],[0,-5.264],[-3.377,-2.395],[-5.248,0],[-2.864,2.729],[0,3.932],[1.686,1.139],[0,0],[3.372,0.795],[1.561,1.096],[0,3.438],[-1.904,0.688],[-5.174,0],[-1.076,-1.676],[0,0]],"v":[[98.295,-15.275],[103.072,-3.126],[116.555,1.386],[129.519,-1.998],[135.098,-13.245],[130.726,-22.881],[123.544,-25.878],[117.112,-27.393],[108.775,-29.971],[105.965,-35.062],[108.344,-40.605],[116.161,-42.99],[125.708,-39.284],[127.686,-33.451],[133.712,-33.451],[128.647,-44.94],[116.338,-48.533],[104.17,-44.44],[99.874,-33.967],[104.245,-25.104],[112.861,-21.979],[119.074,-20.528],[126.504,-17.725],[128.846,-12.214],[123.32,-5.06],[116.987,-4.028],[106.153,-8.733],[104.321,-15.275]],"c":true},"ix":2},"nm":"S","mn":"ADBE Vector Shape - Group","hd":false},{"ty":"fl","c":{"a":0,"k":[0.596079987171,0.596079987171,0.596079987171,1],"ix":4},"o":{"a":0,"k":100,"ix":5},"r":1,"bm":0,"nm":"填充 1","mn":"ADBE Vector Graphic - Fill","hd":false},{"ty":"tr","p":{"a":0,"k":[0,0],"ix":2},"a":{"a":0,"k":[0,0],"ix":1},"s":{"a":0,"k":[100,100],"ix":3},"r":{"a":0,"k":0,"ix":6},"o":{"a":0,"k":100,"ix":7},"sk":{"a":0,"k":0,"ix":4},"sa":{"a":0,"k":0,"ix":5},"nm":"变换"}],"nm":"S","np":3,"cix":2,"bm":0,"ix":3,"mn":"ADBE Vector Group","hd":false},{"ty":"gr","it":[{"ind":0,"ty":"sh","ix":1,"ks":{"a":0,"k":{"i":[[0,0],[0,0],[0,0],[0,0],[0,0],[0,0],[0,0],[0,0],[0,0],[0,0],[0,0],[0,0]],"o":[[0,0],[0,0],[0,0],[0,0],[0,0],[0,0],[0,0],[0,0],[0,0],[0,0],[0,0],[0,0]],"v":[[143.446,0],[178.283,0],[178.283,-5.64],[149.698,-5.64],[149.698,-21.688],[175.672,-21.688],[175.672,-27.167],[149.698,-27.167],[149.698,-41.54],[177.799,-41.54],[177.799,-47.341],[143.446,-47.341]],"c":true},"ix":2},"nm":"E","mn":"ADBE Vector Shape - Group","hd":false},{"ty":"fl","c":{"a":0,"k":[0.596079987171,0.596079987171,0.596079987171,1],"ix":4},"o":{"a":0,"k":100,"ix":5},"r":1,"bm":0,"nm":"填充 1","mn":"ADBE Vector Graphic - Fill","hd":false},{"ty":"tr","p":{"a":0,"k":[0,0],"ix":2},"a":{"a":0,"k":[0,0],"ix":1},"s":{"a":0,"k":[100,100],"ix":3},"r":{"a":0,"k":0,"ix":6},"o":{"a":0,"k":100,"ix":7},"sk":{"a":0,"k":0,"ix":4},"sa":{"a":0,"k":0,"ix":5},"nm":"变换"}],"nm":"E","np":3,"cix":2,"bm":0,"ix":4,"mn":"ADBE Vector Group","hd":false},{"ty":"gr","it":[{"ind":0,"ty":"sh","ix":1,"ks":{"a":0,"k":{"i":[[5.924,0],[3.949,-4.858],[0,-6.987],[-4.863,-4.407],[-5.437,0],[-3.717,4.061],[-0.552,4.985],[0,0],[1.287,-1.912],[4.643,0],[2.543,3.451],[0,5.548],[-2.817,3.279],[-4.579,0],[-2.079,-1.783],[-0.696,-3.05],[0,0],[3.27,3.158]],"o":[[-6.944,0],[-3.653,4.472],[0,9.202],[3.695,3.332],[6.307,0],[3.1,-3.373],[0,0],[-0.633,3.115],[-2.427,3.631],[-5.044,0],[-2.543,-3.451],[0,-6.773],[2.817,-3.279],[3.755,0],[2.078,1.784],[0,0],[-0.361,-4.017],[-3.27,-3.158]],"v":[[205.226,-48.63],[188.886,-41.342],[183.408,-24.154],[190.703,-3.741],[204.4,1.257],[219.437,-4.834],[224.916,-17.37],[218.664,-17.37],[215.783,-9.829],[205.177,-4.383],[193.797,-9.559],[189.982,-23.058],[194.207,-38.136],[205.3,-43.055],[214.051,-40.38],[218.212,-33.129],[224.464,-33.129],[219.018,-43.893]],"c":true},"ix":2},"nm":"C","mn":"ADBE Vector Shape - Group","hd":false},{"ty":"fl","c":{"a":0,"k":[0.596079987171,0.596079987171,0.596079987171,1],"ix":4},"o":{"a":0,"k":100,"ix":5},"r":1,"bm":0,"nm":"填充 1","mn":"ADBE Vector Graphic - Fill","hd":false},{"ty":"tr","p":{"a":0,"k":[0,0],"ix":2},"a":{"a":0,"k":[0,0],"ix":1},"s":{"a":0,"k":[100,100],"ix":3},"r":{"a":0,"k":0,"ix":6},"o":{"a":0,"k":100,"ix":7},"sk":{"a":0,"k":0,"ix":4},"sa":{"a":0,"k":0,"ix":5},"nm":"变换"}],"nm":"C","np":3,"cix":2,"bm":0,"ix":5,"mn":"ADBE Vector Group","hd":false},{"ty":"gr","it":[{"ind":0,"ty":"sh","ix":1,"ks":{"a":0,"k":{"i":[[0,0],[0,0],[0,0],[-1.275,-0.645],[0,-3.373],[1.703,-1.203],[2.925,0]],"o":[[0,0],[0,0],[2.131,0],[2.382,1.225],[0,3.137],[-1.703,1.203],[0,0]],"v":[[239.064,-25.652],[239.064,-41.83],[254.295,-41.83],[259.404,-40.863],[262.977,-33.967],[260.422,-27.457],[253.481,-25.652]],"c":true},"ix":2},"nm":"R","mn":"ADBE Vector Shape - Group","hd":false},{"ind":1,"ty":"sh","ix":2,"ks":{"a":0,"k":{"i":[[0,0],[0,0],[0,0],[0,0],[-1.19,-0.58],[-0.146,-3.094],[0,0],[-0.129,-0.645],[-0.215,-0.408],[0,0],[0,0],[0.387,1.504],[0.064,1.805],[0,0],[0.935,1.225],[1.847,0.752],[-1.171,1.805],[0,2.836],[4.367,2.02],[3.544,0],[0,0]],"o":[[0,0],[0,0],[0,0],[2.546,0],[2.087,1.053],[0,0],[0.086,1.848],[0.129,0.645],[0,0],[0,0],[-0.988,-0.43],[-0.237,-0.881],[0,0],[-0.108,-2.75],[-0.935,-1.225],[2.105,-1.096],[1.171,-1.805],[0,-5.435],[-2.3,-1.052],[0,0],[0,0]],"v":[[232.651,0],[239.064,0],[239.064,-20.303],[253.248,-20.303],[258.853,-19.433],[262.203,-13.213],[262.59,-5.317],[262.912,-1.579],[263.428,0],[271.291,0],[271.291,-1.063],[269.228,-3.964],[268.777,-7.992],[268.552,-14.341],[266.989,-20.303],[262.815,-23.268],[267.73,-27.618],[269.486,-34.579],[262.936,-45.762],[254.17,-47.341],[232.651,-47.341]],"c":true},"ix":2},"nm":"R","mn":"ADBE Vector Shape - Group","hd":false},{"ty":"mm","mm":1,"nm":"合并路径 1","mn":"ADBE Vector Filter - Merge","hd":false},{"ty":"fl","c":{"a":0,"k":[0.596079987171,0.596079987171,0.596079987171,1],"ix":4},"o":{"a":0,"k":100,"ix":5},"r":1,"bm":0,"nm":"填充 1","mn":"ADBE Vector Graphic - Fill","hd":false},{"ty":"tr","p":{"a":0,"k":[0,0],"ix":2},"a":{"a":0,"k":[0,0],"ix":1},"s":{"a":0,"k":[100,100],"ix":3},"r":{"a":0,"k":0,"ix":6},"o":{"a":0,"k":100,"ix":7},"sk":{"a":0,"k":0,"ix":4},"sa":{"a":0,"k":0,"ix":5},"nm":"变换"}],"nm":"R","np":5,"cix":2,"bm":0,"ix":6,"mn":"ADBE Vector Group","hd":false},{"ty":"gr","it":[{"ind":0,"ty":"sh","ix":1,"ks":{"a":0,"k":{"i":[[0,0],[0,0],[0,0],[0,0],[0,0],[0,0],[0,0],[0,0],[0,0],[0,0],[0,0],[0,0]],"o":[[0,0],[0,0],[0,0],[0,0],[0,0],[0,0],[0,0],[0,0],[0,0],[0,0],[0,0],[0,0]],"v":[[278.833,0],[313.67,0],[313.67,-5.64],[285.085,-5.64],[285.085,-21.688],[311.06,-21.688],[311.06,-27.167],[285.085,-27.167],[285.085,-41.54],[313.187,-41.54],[313.187,-47.341],[278.833,-47.341]],"c":true},"ix":2},"nm":"E","mn":"ADBE Vector Shape - Group","hd":false},{"ty":"fl","c":{"a":0,"k":[0.596079987171,0.596079987171,0.596079987171,1],"ix":4},"o":{"a":0,"k":100,"ix":5},"r":1,"bm":0,"nm":"填充 1","mn":"ADBE Vector Graphic - Fill","hd":false},{"ty":"tr","p":{"a":0,"k":[0,0],"ix":2},"a":{"a":0,"k":[0,0],"ix":1},"s":{"a":0,"k":[100,100],"ix":3},"r":{"a":0,"k":0,"ix":6},"o":{"a":0,"k":100,"ix":7},"sk":{"a":0,"k":0,"ix":4},"sa":{"a":0,"k":0,"ix":5},"nm":"变换"}],"nm":"E","np":3,"cix":2,"bm":0,"ix":7,"mn":"ADBE Vector Group","hd":false},{"ty":"gr","it":[{"ind":0,"ty":"sh","ix":1,"ks":{"a":0,"k":{"i":[[0,0],[0,0],[0,0],[0,0],[0,0],[0,0],[0,0],[0,0]],"o":[[0,0],[0,0],[0,0],[0,0],[0,0],[0,0],[0,0],[0,0]],"v":[[316.959,-47.341],[316.959,-41.701],[332.911,-41.701],[332.911,0],[339.388,0],[339.388,-41.701],[355.34,-41.701],[355.34,-47.341]],"c":true},"ix":2},"nm":"T","mn":"ADBE Vector Shape - Group","hd":false},{"ty":"fl","c":{"a":0,"k":[0.596079987171,0.596079987171,0.596079987171,1],"ix":4},"o":{"a":0,"k":100,"ix":5},"r":1,"bm":0,"nm":"填充 1","mn":"ADBE Vector Graphic - Fill","hd":false},{"ty":"tr","p":{"a":0,"k":[0,0],"ix":2},"a":{"a":0,"k":[0,0],"ix":1},"s":{"a":0,"k":[100,100],"ix":3},"r":{"a":0,"k":0,"ix":6},"o":{"a":0,"k":100,"ix":7},"sk":{"a":0,"k":0,"ix":4},"sa":{"a":0,"k":0,"ix":5},"nm":"变换"}],"nm":"T","np":3,"cix":2,"bm":0,"ix":8,"mn":"ADBE Vector Group","hd":false},{"ty":"gr","it":[{"ind":0,"ty":"sh","ix":1,"ks":{"a":0,"k":{"i":[[8.357,0],[4.082,-5.844],[0,-6.402],[-3.717,-4.641],[-7.283,0],[-4.211,5.5],[0,7.069],[3.137,4.189]],"o":[[-7.992,0],[-3.18,4.555],[0,7.09],[4.168,4.813],[7.799,0],[3.588,-4.683],[0,-6.531],[-4.018,-5.371]],"v":[[380.349,-48.63],[362.238,-39.864],[357.469,-23.429],[363.044,-5.833],[380.221,1.386],[398.235,-6.864],[403.617,-24.492],[398.912,-40.573]],"c":true},"ix":2},"nm":"O","mn":"ADBE Vector Shape - Group","hd":false},{"ind":1,"ty":"sh","ix":2,"ks":{"a":0,"k":{"i":[[5.65,0],[2.653,3.602],[0,5.247],[-3.094,3.365],[-4.898,0],[-2.911,-3.397],[0,-5.569],[2.524,-4.053]],"o":[[-5.951,0],[-2.654,-3.601],[0,-6.558],[3.094,-3.365],[5.048,0],[2.911,3.397],[0,5.268],[-2.525,4.053]],"v":[[380.994,-4.318],[368.087,-9.721],[364.107,-22.993],[368.748,-37.878],[380.736,-42.926],[392.676,-37.829],[397.043,-24.38],[393.256,-10.398]],"c":true},"ix":2},"nm":"O","mn":"ADBE Vector Shape - Group","hd":false},{"ty":"mm","mm":1,"nm":"合并路径 1","mn":"ADBE Vector Filter - Merge","hd":false},{"ty":"fl","c":{"a":0,"k":[0.596079987171,0.596079987171,0.596079987171,1],"ix":4},"o":{"a":0,"k":100,"ix":5},"r":1,"bm":0,"nm":"填充 1","mn":"ADBE Vector Graphic - Fill","hd":false},{"ty":"tr","p":{"a":0,"k":[0,0],"ix":2},"a":{"a":0,"k":[0,0],"ix":1},"s":{"a":0,"k":[100,100],"ix":3},"r":{"a":0,"k":0,"ix":6},"o":{"a":0,"k":100,"ix":7},"sk":{"a":0,"k":0,"ix":4},"sa":{"a":0,"k":0,"ix":5},"nm":"变换"}],"nm":"O","np":5,"cix":2,"bm":0,"ix":9,"mn":"ADBE Vector Group","hd":false}],"ip":0,"op":75,"st":0,"bm":0},{"ddd":0,"ind":9,"ty":4,"nm":"“ EN MI PALMA”轮廓","sr":1,"ks":{"o":{"a":1,"k":[{"i":{"x":[0.833],"y":[0.833]},"o":{"x":[0.167],"y":[0.167]},"t":10,"s":[0]},{"i":{"x":[0.833],"y":[0.833]},"o":{"x":[0.167],"y":[0.167]},"t":30,"s":[100]},{"i":{"x":[0.833],"y":[0.833]},"o":{"x":[0.167],"y":[0.167]},"t":60,"s":[100]},{"i":{"x":[0.833],"y":[0.833]},"o":{"x":[0.167],"y":[0.167]},"t":70,"s":[0]},{"i":{"x":[0.833],"y":[0.833]},"o":{"x":[0.167],"y":[0.167]},"t":180,"s":[100]},{"t":189,"s":[0]}],"ix":11},"r":{"a":0,"k":0,"ix":10},"p":{"a":0,"k":[28.983,664,0],"ix":2},"a":{"a":0,"k":[0,0,0],"ix":1},"s":{"a":0,"k":[100,100,100],"ix":6}},"ao":0,"hasMask":true,"masksProperties":[{"inv":false,"mode":"a","pt":{"a":1,"k":[{"i":{"x":0.667,"y":1},"o":{"x":0.333,"y":0},"t":10,"s":[{"i":[[0,0],[0,0],[0,0],[0,0]],"o":[[0,0],[0,0],[0,0],[0,0]],"v":[[-48,-101],[-365.648,-101],[-365.648,48.859],[-48,48.859]],"c":true}]},{"i":{"x":0.667,"y":1},"o":{"x":0.333,"y":0},"t":30,"s":[{"i":[[0,0],[0,0],[0,0],[0,0]],"o":[[0,0],[0,0],[0,0],[0,0]],"v":[[520,-101],[-42.648,-101],[-42.648,48.859],[520,48.859]],"c":true}]},{"i":{"x":0.667,"y":1},"o":{"x":0.333,"y":0},"t":180,"s":[{"i":[[0,0],[0,0],[0,0],[0,0]],"o":[[0,0],[0,0],[0,0],[0,0]],"v":[[520,-101],[-42.648,-101],[-42.648,48.859],[520,48.859]],"c":true}]},{"t":189,"s":[{"i":[[0,0],[0,0],[0,0],[0,0]],"o":[[0,0],[0,0],[0,0],[0,0]],"v":[[587,-102],[269.352,-102],[269.352,47.859],[587,47.859]],"c":true}]}],"ix":1},"o":{"a":0,"k":100,"ix":3},"x":{"a":0,"k":0,"ix":4},"nm":"蒙版 1"}],"shapes":[{"ty":"gr","it":[{"ind":0,"ty":"sh","ix":1,"ks":{"a":0,"k":{"i":[[0,0],[0,0],[0,0],[0,0],[0,0],[0,0],[0,0],[0,0],[0,0],[0,0],[0,0],[0,0]],"o":[[0,0],[0,0],[0,0],[0,0],[0,0],[0,0],[0,0],[0,0],[0,0],[0,0],[0,0],[0,0]],"v":[[22.657,0],[57.493,0],[57.493,-5.64],[28.909,-5.64],[28.909,-21.688],[54.883,-21.688],[54.883,-27.167],[28.909,-27.167],[28.909,-41.54],[57.01,-41.54],[57.01,-47.341],[22.657,-47.341]],"c":true},"ix":2},"nm":"E","mn":"ADBE Vector Shape - Group","hd":false},{"ty":"fl","c":{"a":0,"k":[0.596079987171,0.596079987171,0.596079987171,1],"ix":4},"o":{"a":0,"k":100,"ix":5},"r":1,"bm":0,"nm":"填充 1","mn":"ADBE Vector Graphic - Fill","hd":false},{"ty":"tr","p":{"a":0,"k":[0,0],"ix":2},"a":{"a":0,"k":[0,0],"ix":1},"s":{"a":0,"k":[100,100],"ix":3},"r":{"a":0,"k":0,"ix":6},"o":{"a":0,"k":100,"ix":7},"sk":{"a":0,"k":0,"ix":4},"sa":{"a":0,"k":0,"ix":5},"nm":"变换"}],"nm":"E","np":3,"cix":2,"bm":0,"ix":1,"mn":"ADBE Vector Group","hd":false},{"ty":"gr","it":[{"ind":0,"ty":"sh","ix":1,"ks":{"a":0,"k":{"i":[[0,0],[0,0],[0,0],[0,0],[0,0],[0,0],[0,0],[0,0],[0,0],[0,0]],"o":[[0,0],[0,0],[0,0],[0,0],[0,0],[0,0],[0,0],[0,0],[0,0],[0,0]],"v":[[64.746,0],[70.869,0],[70.869,-38.204],[94.827,0],[102.032,0],[102.032,-47.341],[95.909,-47.341],[95.909,-9.091],[72.3,-47.341],[64.746,-47.341]],"c":true},"ix":2},"nm":"N","mn":"ADBE Vector Shape - Group","hd":false},{"ty":"fl","c":{"a":0,"k":[0.596079987171,0.596079987171,0.596079987171,1],"ix":4},"o":{"a":0,"k":100,"ix":5},"r":1,"bm":0,"nm":"填充 1","mn":"ADBE Vector Graphic - Fill","hd":false},{"ty":"tr","p":{"a":0,"k":[0,0],"ix":2},"a":{"a":0,"k":[0,0],"ix":1},"s":{"a":0,"k":[100,100],"ix":3},"r":{"a":0,"k":0,"ix":6},"o":{"a":0,"k":100,"ix":7},"sk":{"a":0,"k":0,"ix":4},"sa":{"a":0,"k":0,"ix":5},"nm":"变换"}],"nm":"N","np":3,"cix":2,"bm":0,"ix":2,"mn":"ADBE Vector Group","hd":false},{"ty":"gr","it":[{"ind":0,"ty":"sh","ix":1,"ks":{"a":0,"k":{"i":[[0,0],[0,0],[0,0],[0.064,2.374],[0,1.16],[0,0],[0,0],[0,0],[0,0],[0.043,-2.234],[0,-0.967],[0,0],[0,0],[0,0],[0,0],[0,0],[0,0],[0,0]],"o":[[0,0],[0,0],[0,-1.117],[-0.064,-2.374],[0,0],[0,0],[0,0],[0,0],[0,2.557],[-0.043,2.235],[0,0],[0,0],[0,0],[0,0],[0,0],[0,0],[0,0],[0,0]],"v":[[127.945,0],[134.068,0],[134.068,-27.94],[133.971,-33.177],[133.874,-38.479],[133.874,-39.929],[147.519,0],[153.874,0],[167.39,-39.929],[167.325,-32.742],[167.261,-27.94],[167.261,0],[173.384,0],[173.384,-47.341],[164.261,-47.341],[150.745,-7.315],[137.132,-47.341],[127.945,-47.341]],"c":true},"ix":2},"nm":"M","mn":"ADBE Vector Shape - Group","hd":false},{"ty":"fl","c":{"a":0,"k":[0.596079987171,0.596079987171,0.596079987171,1],"ix":4},"o":{"a":0,"k":100,"ix":5},"r":1,"bm":0,"nm":"填充 1","mn":"ADBE Vector Graphic - Fill","hd":false},{"ty":"tr","p":{"a":0,"k":[0,0],"ix":2},"a":{"a":0,"k":[0,0],"ix":1},"s":{"a":0,"k":[100,100],"ix":3},"r":{"a":0,"k":0,"ix":6},"o":{"a":0,"k":100,"ix":7},"sk":{"a":0,"k":0,"ix":4},"sa":{"a":0,"k":0,"ix":5},"nm":"变换"}],"nm":"M","np":3,"cix":2,"bm":0,"ix":3,"mn":"ADBE Vector Group","hd":false},{"ty":"gr","it":[{"ind":0,"ty":"sh","ix":1,"ks":{"a":0,"k":{"i":[[0,0],[0,0],[0,0],[0,0]],"o":[[0,0],[0,0],[0,0],[0,0]],"v":[[183.214,0],[189.692,0],[189.692,-47.341],[183.214,-47.341]],"c":true},"ix":2},"nm":"I","mn":"ADBE Vector Shape - Group","hd":false},{"ty":"fl","c":{"a":0,"k":[0.596079987171,0.596079987171,0.596079987171,1],"ix":4},"o":{"a":0,"k":100,"ix":5},"r":1,"bm":0,"nm":"填充 1","mn":"ADBE Vector Graphic - Fill","hd":false},{"ty":"tr","p":{"a":0,"k":[0,0],"ix":2},"a":{"a":0,"k":[0,0],"ix":1},"s":{"a":0,"k":[100,100],"ix":3},"r":{"a":0,"k":0,"ix":6},"o":{"a":0,"k":100,"ix":7},"sk":{"a":0,"k":0,"ix":4},"sa":{"a":0,"k":0,"ix":5},"nm":"变换"}],"nm":"I","np":3,"cix":2,"bm":0,"ix":4,"mn":"ADBE Vector Group","hd":false},{"ty":"gr","it":[{"ind":0,"ty":"sh","ix":1,"ks":{"a":0,"k":{"i":[[0,0],[0,0],[0,0],[0,0],[-2.298,2.739],[0,3.695],[2.575,2.374],[4.187,0],[0,0]],"o":[[0,0],[0,0],[0,0],[4.735,0],[2.298,-2.739],[0,-4.297],[-2.575,-2.374],[0,0],[0,0]],"v":[[216.41,0],[222.823,0],[222.823,-20.013],[237.605,-20.013],[248.155,-24.122],[251.602,-33.773],[247.739,-43.78],[237.595,-47.341],[216.41,-47.341]],"c":true},"ix":2},"nm":"P","mn":"ADBE Vector Shape - Group","hd":false},{"ind":1,"ty":"sh","ix":2,"ks":{"a":0,"k":{"i":[[0,-3.48],[1.781,-1.225],[2.858,0],[0,0],[0,0],[0,0],[-1.408,-0.666]],"o":[[0,3.094],[-1.781,1.225],[0,0],[0,0],[0,0],[2.453,0],[2.559,1.246]],"v":[[245.124,-33.741],[242.452,-27.264],[235.494,-25.427],[222.823,-25.427],[222.823,-41.83],[235.494,-41.83],[241.285,-40.831]],"c":true},"ix":2},"nm":"P","mn":"ADBE Vector Shape - Group","hd":false},{"ty":"mm","mm":1,"nm":"合并路径 1","mn":"ADBE Vector Filter - Merge","hd":false},{"ty":"fl","c":{"a":0,"k":[0.596079987171,0.596079987171,0.596079987171,1],"ix":4},"o":{"a":0,"k":100,"ix":5},"r":1,"bm":0,"nm":"填充 1","mn":"ADBE Vector Graphic - Fill","hd":false},{"ty":"tr","p":{"a":0,"k":[0,0],"ix":2},"a":{"a":0,"k":[0,0],"ix":1},"s":{"a":0,"k":[100,100],"ix":3},"r":{"a":0,"k":0,"ix":6},"o":{"a":0,"k":100,"ix":7},"sk":{"a":0,"k":0,"ix":4},"sa":{"a":0,"k":0,"ix":5},"nm":"变换"}],"nm":"P","np":5,"cix":2,"bm":0,"ix":5,"mn":"ADBE Vector Group","hd":false},{"ty":"gr","it":[{"ind":0,"ty":"sh","ix":1,"ks":{"a":0,"k":{"i":[[0,0],[0,0],[0,0]],"o":[[0,0],[0,0],[0,0]],"v":[[267.974,-19.4],[275.612,-40.315],[282.798,-19.4]],"c":true},"ix":2},"nm":"A","mn":"ADBE Vector Shape - Group","hd":false},{"ind":1,"ty":"sh","ix":2,"ks":{"a":0,"k":{"i":[[0,0],[0,0],[0,0],[0,0],[0,0],[0,0],[0,0],[0,0]],"o":[[0,0],[0,0],[0,0],[0,0],[0,0],[0,0],[0,0],[0,0]],"v":[[254.439,0],[261.013,0],[266.137,-14.18],[284.861,-14.18],[289.663,0],[296.688,0],[279.511,-47.341],[272.26,-47.341]],"c":true},"ix":2},"nm":"A","mn":"ADBE Vector Shape - Group","hd":false},{"ty":"mm","mm":1,"nm":"合并路径 1","mn":"ADBE Vector Filter - Merge","hd":false},{"ty":"fl","c":{"a":0,"k":[0.596079987171,0.596079987171,0.596079987171,1],"ix":4},"o":{"a":0,"k":100,"ix":5},"r":1,"bm":0,"nm":"填充 1","mn":"ADBE Vector Graphic - Fill","hd":false},{"ty":"tr","p":{"a":0,"k":[0,0],"ix":2},"a":{"a":0,"k":[0,0],"ix":1},"s":{"a":0,"k":[100,100],"ix":3},"r":{"a":0,"k":0,"ix":6},"o":{"a":0,"k":100,"ix":7},"sk":{"a":0,"k":0,"ix":4},"sa":{"a":0,"k":0,"ix":5},"nm":"变换"}],"nm":"A","np":5,"cix":2,"bm":0,"ix":6,"mn":"ADBE Vector Group","hd":false},{"ty":"gr","it":[{"ind":0,"ty":"sh","ix":1,"ks":{"a":0,"k":{"i":[[0,0],[0,0],[0,0],[0,0],[0,0],[0,0]],"o":[[0,0],[0,0],[0,0],[0,0],[0,0],[0,0]],"v":[[301.201,0],[331.365,0],[331.365,-5.64],[307.614,-5.64],[307.614,-47.341],[301.201,-47.341]],"c":true},"ix":2},"nm":"L","mn":"ADBE Vector Shape - Group","hd":false},{"ty":"fl","c":{"a":0,"k":[0.596079987171,0.596079987171,0.596079987171,1],"ix":4},"o":{"a":0,"k":100,"ix":5},"r":1,"bm":0,"nm":"填充 1","mn":"ADBE Vector Graphic - Fill","hd":false},{"ty":"tr","p":{"a":0,"k":[0,0],"ix":2},"a":{"a":0,"k":[0,0],"ix":1},"s":{"a":0,"k":[100,100],"ix":3},"r":{"a":0,"k":0,"ix":6},"o":{"a":0,"k":100,"ix":7},"sk":{"a":0,"k":0,"ix":4},"sa":{"a":0,"k":0,"ix":5},"nm":"变换"}],"nm":"L","np":3,"cix":2,"bm":0,"ix":7,"mn":"ADBE Vector Group","hd":false},{"ty":"gr","it":[{"ind":0,"ty":"sh","ix":1,"ks":{"a":0,"k":{"i":[[0,0],[0,0],[0,0],[0.064,2.374],[0,1.16],[0,0],[0,0],[0,0],[0,0],[0.043,-2.234],[0,-0.967],[0,0],[0,0],[0,0],[0,0],[0,0],[0,0],[0,0]],"o":[[0,0],[0,0],[0,-1.117],[-0.064,-2.374],[0,0],[0,0],[0,0],[0,0],[0,2.557],[-0.043,2.235],[0,0],[0,0],[0,0],[0,0],[0,0],[0,0],[0,0],[0,0]],"v":[[336.426,0],[342.549,0],[342.549,-27.94],[342.452,-33.177],[342.356,-38.479],[342.356,-39.929],[356.001,0],[362.355,0],[375.871,-39.929],[375.807,-32.742],[375.742,-27.94],[375.742,0],[381.865,0],[381.865,-47.341],[372.742,-47.341],[359.226,-7.315],[345.614,-47.341],[336.426,-47.341]],"c":true},"ix":2},"nm":"M","mn":"ADBE Vector Shape - Group","hd":false},{"ty":"fl","c":{"a":0,"k":[0.596079987171,0.596079987171,0.596079987171,1],"ix":4},"o":{"a":0,"k":100,"ix":5},"r":1,"bm":0,"nm":"填充 1","mn":"ADBE Vector Graphic - Fill","hd":false},{"ty":"tr","p":{"a":0,"k":[0,0],"ix":2},"a":{"a":0,"k":[0,0],"ix":1},"s":{"a":0,"k":[100,100],"ix":3},"r":{"a":0,"k":0,"ix":6},"o":{"a":0,"k":100,"ix":7},"sk":{"a":0,"k":0,"ix":4},"sa":{"a":0,"k":0,"ix":5},"nm":"变换"}],"nm":"M","np":3,"cix":2,"bm":0,"ix":8,"mn":"ADBE Vector Group","hd":false},{"ty":"gr","it":[{"ind":0,"ty":"sh","ix":1,"ks":{"a":0,"k":{"i":[[0,0],[0,0],[0,0]],"o":[[0,0],[0,0],[0,0]],"v":[[399.72,-19.4],[407.358,-40.315],[414.544,-19.4]],"c":true},"ix":2},"nm":"A","mn":"ADBE Vector Shape - Group","hd":false},{"ind":1,"ty":"sh","ix":2,"ks":{"a":0,"k":{"i":[[0,0],[0,0],[0,0],[0,0],[0,0],[0,0],[0,0],[0,0]],"o":[[0,0],[0,0],[0,0],[0,0],[0,0],[0,0],[0,0],[0,0]],"v":[[386.185,0],[392.759,0],[397.883,-14.18],[416.607,-14.18],[421.409,0],[428.434,0],[411.257,-47.341],[404.006,-47.341]],"c":true},"ix":2},"nm":"A","mn":"ADBE Vector Shape - Group","hd":false},{"ty":"mm","mm":1,"nm":"合并路径 1","mn":"ADBE Vector Filter - Merge","hd":false},{"ty":"fl","c":{"a":0,"k":[0.596079987171,0.596079987171,0.596079987171,1],"ix":4},"o":{"a":0,"k":100,"ix":5},"r":1,"bm":0,"nm":"填充 1","mn":"ADBE Vector Graphic - Fill","hd":false},{"ty":"tr","p":{"a":0,"k":[0,0],"ix":2},"a":{"a":0,"k":[0,0],"ix":1},"s":{"a":0,"k":[100,100],"ix":3},"r":{"a":0,"k":0,"ix":6},"o":{"a":0,"k":100,"ix":7},"sk":{"a":0,"k":0,"ix":4},"sa":{"a":0,"k":0,"ix":5},"nm":"变换"}],"nm":"A","np":5,"cix":2,"bm":0,"ix":9,"mn":"ADBE Vector Group","hd":false}],"ip":10,"op":75,"st":10,"bm":0}]},{"id":"comp_1","layers":[]}],"layers":[{"ddd":0,"ind":8,"ty":0,"nm":"西班牙语","refId":"comp_0","sr":1,"ks":{"o":{"a":0,"k":100,"ix":11},"r":{"a":0,"k":0,"ix":10},"p":{"a":0,"k":[562.5,525,0],"ix":2},"a":{"a":0,"k":[562.5,525,0],"ix":1},"s":{"a":0,"k":[100,100,100],"ix":6}},"ao":0,"w":1125,"h":1050,"ip":0,"op":450,"st":0,"bm":0},{"ddd":0,"ind":14,"ty":0,"nm":"英语","refId":"comp_1","sr":1,"ks":{"o":{"a":0,"k":100,"ix":11},"r":{"a":0,"k":0,"ix":10},"p":{"a":0,"k":[562.5,525,0],"ix":2},"a":{"a":0,"k":[562.5,525,0],"ix":1},"s":{"a":0,"k":[100,100,100],"ix":6}},"ao":0,"w":1125,"h":1050,"ip":0,"op":450,"st":0,"bm":0}],"markers":[]}