{"v":"5.6.8","fr":30,"ip":0,"op":240,"w":1125,"h":1050,"nm":"订阅视频-性格标签-多语言","ddd":0,"assets":[{"id":"image_0","w":323,"h":138,"u":"images/","p":"img_0.png","e":0},{"id":"image_1","w":255,"h":117,"u":"images/","p":"img_1.png","e":0},{"id":"image_2","w":156,"h":74,"u":"images/","p":"img_2.png","e":0},{"id":"image_3","w":323,"h":117,"u":"images/","p":"img_3.png","e":0},{"id":"image_4","w":251,"h":120,"u":"images/","p":"img_4.png","e":0},{"id":"image_5","w":146,"h":74,"u":"images/","p":"img_5.png","e":0}],"layers":[{"ddd":0,"ind":1,"ty":4,"nm":"“重度の先延ばし”轮廓","parent":73,"sr":1,"ks":{"o":{"a":1,"k":[{"i":{"x":[0.833],"y":[0.833]},"o":{"x":[0.167],"y":[0.167]},"t":55,"s":[0]},{"i":{"x":[0.833],"y":[0.833]},"o":{"x":[0.167],"y":[0.167]},"t":70,"s":[100]},{"i":{"x":[0.833],"y":[0.833]},"o":{"x":[0.167],"y":[0.167]},"t":165,"s":[100]},{"t":195,"s":[0]}],"ix":11},"r":{"a":0,"k":0,"ix":10},"p":{"a":0,"k":[161.5,69.054,0],"ix":2},"a":{"a":0,"k":[-0.362,-12.943,0],"ix":1},"s":{"a":0,"k":[100,100,100],"ix":6}},"ao":0,"shapes":[{"ty":"gr","it":[{"ind":0,"ty":"sh","ix":1,"ks":{"a":0,"k":{"i":[[0,0],[0,0],[0,0],[0,0],[0,0],[0,0],[0,0],[0,0],[0,0],[0,0],[0,0],[0,0],[0,0],[0,0],[0,0],[0,0],[0,0],[0,0],[0,0],[0,0],[0,0],[0,0],[0,0],[0,0],[0,0],[0,0],[-3.444,0.29],[0,0],[9.426,-0.29],[0,0],[-3.48,0.181],[0,0],[0,0],[0,0],[0,0],[0,0]],"o":[[0,0],[0,0],[0,0],[0,0],[0,0],[0,0],[0,0],[0,0],[0,0],[0,0],[0,0],[0,0],[0,0],[0,0],[0,0],[0,0],[0,0],[0,0],[0,0],[0,0],[0,0],[0,0],[0,0],[0,0],[0,0],[3.952,-0.254],[0,0],[-7.287,0.725],[0,0],[3.843,-0.145],[0,0],[0,0],[0,0],[0,0],[0,0],[0,0]],"v":[[-120.743,-19.179],[-120.743,-6.707],[-109.649,-6.707],[-109.649,-4.786],[-122.193,-4.786],[-122.193,-2.067],[-109.649,-2.067],[-109.649,0],[-124.006,0],[-124.006,2.937],[-91.739,2.937],[-91.739,0],[-106.205,0],[-106.205,-2.067],[-93.552,-2.067],[-93.552,-4.786],[-106.205,-4.786],[-106.205,-6.707],[-95.075,-6.707],[-95.075,-19.179],[-106.205,-19.179],[-106.205,-20.955],[-92.283,-20.955],[-92.283,-23.856],[-106.205,-23.856],[-106.205,-26.031],[-95.111,-26.865],[-96.162,-29.656],[-121.214,-28.134],[-120.634,-25.378],[-109.649,-25.85],[-109.649,-23.856],[-123.498,-23.856],[-123.498,-20.955],[-109.649,-20.955],[-109.649,-19.179]],"c":true},"ix":2},"nm":"重","mn":"ADBE Vector Shape - Group","hd":false},{"ind":1,"ty":"sh","ix":2,"ks":{"a":0,"k":{"i":[[0,0],[0,0],[0,0],[0,0]],"o":[[0,0],[0,0],[0,0],[0,0]],"v":[[-98.41,-9.426],[-106.205,-9.426],[-106.205,-11.674],[-98.41,-11.674]],"c":true},"ix":2},"nm":"重","mn":"ADBE Vector Shape - Group","hd":false},{"ind":2,"ty":"sh","ix":3,"ks":{"a":0,"k":{"i":[[0,0],[0,0],[0,0],[0,0]],"o":[[0,0],[0,0],[0,0],[0,0]],"v":[[-109.649,-9.426],[-117.444,-9.426],[-117.444,-11.674],[-109.649,-11.674]],"c":true},"ix":2},"nm":"重","mn":"ADBE Vector Shape - Group","hd":false},{"ind":3,"ty":"sh","ix":4,"ks":{"a":0,"k":{"i":[[0,0],[0,0],[0,0],[0,0]],"o":[[0,0],[0,0],[0,0],[0,0]],"v":[[-117.444,-14.284],[-117.444,-16.46],[-109.649,-16.46],[-109.649,-14.284]],"c":true},"ix":2},"nm":"重","mn":"ADBE Vector Shape - Group","hd":false},{"ind":4,"ty":"sh","ix":5,"ks":{"a":0,"k":{"i":[[0,0],[0,0],[0,0],[0,0]],"o":[[0,0],[0,0],[0,0],[0,0]],"v":[[-106.205,-16.46],[-98.41,-16.46],[-98.41,-14.284],[-106.205,-14.284]],"c":true},"ix":2},"nm":"重","mn":"ADBE Vector Shape - Group","hd":false},{"ty":"mm","mm":1,"nm":"合并路径 1","mn":"ADBE Vector Filter - Merge","hd":false},{"ty":"fl","c":{"a":0,"k":[1,1,1,1],"ix":4},"o":{"a":0,"k":100,"ix":5},"r":1,"bm":0,"nm":"填充 1","mn":"ADBE Vector Graphic - Fill","hd":false},{"ty":"st","c":{"a":0,"k":[0.098040008545,0.098040008545,0.098040008545,1],"ix":3},"o":{"a":0,"k":100,"ix":4},"w":{"a":0,"k":0.01,"ix":5},"lc":1,"lj":1,"ml":4,"bm":0,"nm":"描边 1","mn":"ADBE Vector Graphic - Stroke","hd":false},{"ty":"tr","p":{"a":0,"k":[0,0],"ix":2},"a":{"a":0,"k":[0,0],"ix":1},"s":{"a":0,"k":[100,100],"ix":3},"r":{"a":0,"k":0,"ix":6},"o":{"a":0,"k":100,"ix":7},"sk":{"a":0,"k":0,"ix":4},"sa":{"a":0,"k":0,"ix":5},"nm":"变换"}],"nm":"重","np":8,"cix":2,"bm":0,"ix":1,"mn":"ADBE Vector Group","hd":false},{"ty":"gr","it":[{"ind":0,"ty":"sh","ix":1,"ks":{"a":0,"k":{"i":[[0,0],[0,0],[0,0],[-2.284,-1.523],[4.024,-0.58],[0,0],[-3.625,1.704],[-4.822,-0.798],[0,0],[3.082,1.16],[-1.849,2.248],[0,0]],"o":[[0,0],[0,0],[1.523,1.958],[-3.118,1.196],[0,0],[4.786,-0.798],[3.444,1.668],[0,0],[-3.988,-0.508],[2.61,-1.595],[0,0],[0,0]],"v":[[-80.646,-9.825],[-80.646,-6.888],[-78.217,-6.888],[-72.525,-1.704],[-83.257,0.943],[-81.77,3.952],[-69.117,0.218],[-56.718,3.952],[-55.232,0.979],[-65.854,-1.559],[-59.183,-7.287],[-59.183,-9.825]],"c":true},"ix":2},"nm":"度","mn":"ADBE Vector Shape - Group","hd":false},{"ind":1,"ty":"sh","ix":2,"ks":{"a":0,"k":{"i":[[1.45,1.45],[0,0],[2.103,-1.088]],"o":[[0,0],[-1.595,1.414],[-1.994,-1.088]],"v":[[-74.519,-6.888],[-63.824,-6.888],[-69.371,-3.118]],"c":true},"ix":2},"nm":"度","mn":"ADBE Vector Shape - Group","hd":false},{"ind":2,"ty":"sh","ix":3,"ks":{"a":0,"k":{"i":[[0,0],[0,0],[0,0],[0,0],[0,0],[0,0],[0,0],[0,0],[0,0],[0,0],[0,0],[0,0],[0,0],[0,0],[0,0],[0,0],[0,0],[0,0],[0,0],[0,0],[0.399,0.834],[0,0],[-0.399,-0.798],[0,0],[0,0],[1.958,-3.988],[0,0],[-0.145,7.904]],"o":[[0,0],[0,0],[0,0],[0,0],[0,0],[0,0],[0,0],[0,0],[0,0],[0,0],[0,0],[0,0],[0,0],[0,0],[0,0],[0,0],[0,0],[0,0],[0,0],[-0.363,-1.015],[0,0],[0.435,0.653],[0,0],[0,0],[-0.073,7.106],[0,0],[2.465,-4.786],[0,0]],"v":[[-82.241,-17.402],[-76.803,-17.402],[-76.803,-11.819],[-61.612,-11.819],[-61.612,-17.402],[-56.174,-17.402],[-56.174,-20.593],[-61.612,-20.593],[-61.612,-23.058],[-64.948,-23.058],[-64.948,-20.593],[-73.468,-20.593],[-73.468,-23.022],[-76.803,-23.022],[-76.803,-20.593],[-82.241,-20.593],[-82.241,-23.928],[-56.174,-23.928],[-56.174,-27.191],[-68.356,-27.191],[-69.516,-29.983],[-73.178,-29.403],[-71.909,-27.191],[-85.649,-27.191],[-85.649,-15.372],[-88.731,1.305],[-86.121,3.625],[-82.241,-15.372]],"c":true},"ix":2},"nm":"度","mn":"ADBE Vector Shape - Group","hd":false},{"ind":3,"ty":"sh","ix":4,"ks":{"a":0,"k":{"i":[[0,0],[0,0],[0,0],[0,0]],"o":[[0,0],[0,0],[0,0],[0,0]],"v":[[-73.468,-17.402],[-64.948,-17.402],[-64.948,-14.683],[-73.468,-14.683]],"c":true},"ix":2},"nm":"度","mn":"ADBE Vector Shape - Group","hd":false},{"ty":"mm","mm":1,"nm":"合并路径 1","mn":"ADBE Vector Filter - Merge","hd":false},{"ty":"fl","c":{"a":0,"k":[1,1,1,1],"ix":4},"o":{"a":0,"k":100,"ix":5},"r":1,"bm":0,"nm":"填充 1","mn":"ADBE Vector Graphic - Fill","hd":false},{"ty":"st","c":{"a":0,"k":[0.098040008545,0.098040008545,0.098040008545,1],"ix":3},"o":{"a":0,"k":100,"ix":4},"w":{"a":0,"k":0.01,"ix":5},"lc":1,"lj":1,"ml":4,"bm":0,"nm":"描边 1","mn":"ADBE Vector Graphic - Stroke","hd":false},{"ty":"tr","p":{"a":0,"k":[0,0],"ix":2},"a":{"a":0,"k":[0,0],"ix":1},"s":{"a":0,"k":[100,100],"ix":3},"r":{"a":0,"k":0,"ix":6},"o":{"a":0,"k":100,"ix":7},"sk":{"a":0,"k":0,"ix":4},"sa":{"a":0,"k":0,"ix":5},"nm":"变换"}],"nm":"度","np":7,"cix":2,"bm":0,"ix":2,"mn":"ADBE Vector Group","hd":false},{"ty":"gr","it":[{"ind":0,"ty":"sh","ix":1,"ks":{"a":0,"k":{"i":[[4.133,0],[3.045,-3.19],[0,-3.988],[-1.305,-1.849],[-2.284,0],[-1.595,3.299],[-0.616,4.061],[0,0],[-1.813,-1.45],[0,-2.9],[1.813,-1.668],[4.278,-0.798],[0,0],[-2.248,1.958],[0,4.133],[2.755,2.465]],"o":[[-4.858,0],[-2.828,2.864],[0,2.61],[1.414,1.922],[2.61,0],[1.16,-2.32],[0,0],[2.393,0.218],[2.284,1.813],[0,3.082],[-1.885,1.668],[0,0],[4.786,-1.015],[2.538,-2.32],[0,-3.698],[-2.828,-2.465]],"v":[[-35.111,-25.415],[-46.967,-20.665],[-51.172,-10.405],[-49.214,-3.698],[-43.667,-0.798],[-37.359,-5.765],[-34.712,-15.3],[-33.915,-22.043],[-27.606,-19.541],[-24.162,-12.472],[-26.918,-5.329],[-36.163,-1.595],[-35.002,1.704],[-24.416,-2.755],[-20.573,-12.472],[-24.706,-21.717]],"c":true},"ix":2},"nm":"の","mn":"ADBE Vector Shape - Group","hd":false},{"ind":1,"ty":"sh","ix":2,"ks":{"a":0,"k":{"i":[[2.03,0],[0.725,1.088],[0,1.885],[-2.502,2.248],[-2.465,0.363],[0.58,-2.792]],"o":[[-1.088,0],[-0.798,-1.196],[0,-3.335],[1.849,-1.74],[-0.29,3.154],[-1.269,5.946]],"v":[[-43.667,-4.097],[-46.386,-5.765],[-47.583,-10.405],[-43.849,-18.816],[-37.395,-21.97],[-38.7,-13.052]],"c":true},"ix":2},"nm":"の","mn":"ADBE Vector Shape - Group","hd":false},{"ty":"mm","mm":1,"nm":"合并路径 1","mn":"ADBE Vector Filter - Merge","hd":false},{"ty":"fl","c":{"a":0,"k":[1,1,1,1],"ix":4},"o":{"a":0,"k":100,"ix":5},"r":1,"bm":0,"nm":"填充 1","mn":"ADBE Vector Graphic - Fill","hd":false},{"ty":"st","c":{"a":0,"k":[0.098040008545,0.098040008545,0.098040008545,1],"ix":3},"o":{"a":0,"k":100,"ix":4},"w":{"a":0,"k":0.01,"ix":5},"lc":1,"lj":1,"ml":4,"bm":0,"nm":"描边 1","mn":"ADBE Vector Graphic - Stroke","hd":false},{"ty":"tr","p":{"a":0,"k":[0,0],"ix":2},"a":{"a":0,"k":[0,0],"ix":1},"s":{"a":0,"k":[100,100],"ix":3},"r":{"a":0,"k":0,"ix":6},"o":{"a":0,"k":100,"ix":7},"sk":{"a":0,"k":0,"ix":4},"sa":{"a":0,"k":0,"ix":5},"nm":"变换"}],"nm":"の","np":5,"cix":2,"bm":0,"ix":3,"mn":"ADBE Vector Group","hd":false},{"ty":"gr","it":[{"ind":0,"ty":"sh","ix":1,"ks":{"a":0,"k":{"i":[[-0.906,1.813],[0,0],[0,0],[0,0],[0,0],[0,0],[1.233,-1.595],[3.589,-1.414],[0,0],[-1.668,2.465],[-0.399,4.097],[0,0],[0,0],[-2.755,0],[0,0],[-0.689,0.725],[-0.363,4.133],[0,0],[0.363,-0.471],[0.399,0],[0,0],[0,1.414],[0,0],[0,0],[0,0],[0,0],[0,0],[0,0],[0,0],[0,0],[0,0],[0,0],[0,0],[0,0],[-0.399,1.378],[0,0],[2.61,-3.408],[0,0]],"o":[[0,0],[0,0],[0,0],[0,0],[0,0],[-0.363,3.335],[-1.523,1.958],[0,0],[3.988,-1.813],[1.378,-2.03],[0,0],[0,0],[0,3.19],[0,0],[1.16,-0.036],[0.58,-0.725],[0,0],[-0.145,3.263],[-0.363,0.399],[0,0],[-1.088,0],[0,0],[0,0],[0,0],[0,0],[0,0],[0,0],[0,0],[0,0],[0,0],[0,0],[0,0],[0,0],[0.471,-1.233],[0,0],[-1.124,3.879],[0,0],[1.088,-1.523]],"v":[[-9.045,-21.173],[-1.286,-21.173],[-1.286,-15.118],[-15.897,-15.118],[-15.897,-11.819],[-6.253,-11.819],[-8.646,-4.387],[-16.332,0.689],[-13.903,3.771],[-5.383,-2.647],[-2.737,-11.819],[3.245,-11.819],[3.245,-1.595],[7.342,3.19],[12.382,3.19],[15.173,2.067],[16.623,-5.257],[13.324,-6.308],[12.599,-0.725],[11.475,-0.109],[8.321,-0.109],[6.726,-2.248],[6.726,-11.819],[16.333,-11.819],[16.333,-15.118],[2.158,-15.118],[2.158,-21.173],[13.832,-21.173],[13.832,-24.472],[2.158,-24.472],[2.158,-29.62],[-1.286,-29.62],[-1.286,-24.472],[-7.595,-24.472],[-6.29,-28.388],[-9.734,-29.113],[-15.353,-18.2],[-12.018,-16.133]],"c":true},"ix":2},"nm":"先","mn":"ADBE Vector Shape - Group","hd":false},{"ty":"fl","c":{"a":0,"k":[1,1,1,1],"ix":4},"o":{"a":0,"k":100,"ix":5},"r":1,"bm":0,"nm":"填充 1","mn":"ADBE Vector Graphic - Fill","hd":false},{"ty":"st","c":{"a":0,"k":[0.098040008545,0.098040008545,0.098040008545,1],"ix":3},"o":{"a":0,"k":100,"ix":4},"w":{"a":0,"k":0.01,"ix":5},"lc":1,"lj":1,"ml":4,"bm":0,"nm":"描边 1","mn":"ADBE Vector Graphic - Stroke","hd":false},{"ty":"tr","p":{"a":0,"k":[0,0],"ix":2},"a":{"a":0,"k":[0,0],"ix":1},"s":{"a":0,"k":[100,100],"ix":3},"r":{"a":0,"k":0,"ix":6},"o":{"a":0,"k":100,"ix":7},"sk":{"a":0,"k":0,"ix":4},"sa":{"a":0,"k":0,"ix":5},"nm":"变换"}],"nm":"先","np":3,"cix":2,"bm":0,"ix":4,"mn":"ADBE Vector Group","hd":false},{"ty":"gr","it":[{"ind":0,"ty":"sh","ix":1,"ks":{"a":0,"k":{"i":[[0,0],[0,0],[0,0],[2.139,-2.393],[0,0],[0,0],[1.051,-2.284],[0.943,2.212],[0,0],[-1.559,-2.03],[1.958,-1.088],[0,0],[-1.523,1.885],[-0.943,-0.471],[-8.302,0],[0,0],[0,0],[2.465,0],[3.045,1.269],[0.906,0.87],[-0.145,4.568],[0,0],[0,0],[-1.74,3.045],[0,0]],"o":[[0,0],[0,0],[-1.668,2.792],[0,0],[0,0],[-0.218,2.973],[-1.088,-1.523],[0,0],[1.16,3.045],[-1.269,1.668],[0,0],[2.103,-1.233],[0.798,0.653],[3.625,1.74],[0,0],[0,0],[-2.61,0.145],[-6.526,-0.073],[-1.015,-0.435],[1.668,-3.19],[0,0],[0,0],[1.668,-2.103],[0,0],[0,0]],"v":[[20.393,-27.953],[20.393,-24.835],[26.919,-24.835],[21.19,-17.04],[21.19,-14.574],[27.825,-14.574],[25.94,-6.671],[22.931,-12.29],[20.03,-11.239],[24.091,-3.625],[19.269,0.508],[21.009,3.517],[26.447,-1.16],[29.058,0.544],[46.968,3.154],[52.333,3.154],[53.022,-0.254],[45.409,0],[31.088,-1.994],[28.224,-3.952],[30.907,-15.553],[30.907,-17.475],[25.541,-17.475],[30.689,-25.197],[30.689,-27.953]],"c":true},"ix":2},"nm":"延","mn":"ADBE Vector Shape - Group","hd":false},{"ind":1,"ty":"sh","ix":2,"ks":{"a":0,"k":{"i":[[0,0],[0,0],[0,0],[0,0],[0,0],[0,0],[0,0],[0,0],[0,0],[0,0],[-1.994,0.761],[0,0],[6.743,0],[0,0],[-2.32,0.218],[0,0],[0,0],[0,0]],"o":[[0,0],[0,0],[0,0],[0,0],[0,0],[0,0],[0,0],[0,0],[0,0],[2.538,-0.435],[0,0],[-4.568,1.595],[0,0],[2.683,0],[0,0],[0,0],[0,0],[0,0]],"v":[[33.843,-19.831],[33.843,-3.916],[51.608,-3.916],[51.608,-7.178],[44.357,-7.178],[44.357,-14.901],[50.412,-14.901],[50.412,-18.019],[44.357,-18.019],[44.357,-24.798],[51.137,-26.611],[49.469,-29.511],[32.502,-27.082],[33.553,-24.001],[41.058,-24.363],[41.058,-7.178],[37.106,-7.178],[37.106,-19.831]],"c":true},"ix":2},"nm":"延","mn":"ADBE Vector Shape - Group","hd":false},{"ty":"mm","mm":1,"nm":"合并路径 1","mn":"ADBE Vector Filter - Merge","hd":false},{"ty":"fl","c":{"a":0,"k":[1,1,1,1],"ix":4},"o":{"a":0,"k":100,"ix":5},"r":1,"bm":0,"nm":"填充 1","mn":"ADBE Vector Graphic - Fill","hd":false},{"ty":"st","c":{"a":0,"k":[0.098040008545,0.098040008545,0.098040008545,1],"ix":3},"o":{"a":0,"k":100,"ix":4},"w":{"a":0,"k":0.01,"ix":5},"lc":1,"lj":1,"ml":4,"bm":0,"nm":"描边 1","mn":"ADBE Vector Graphic - Stroke","hd":false},{"ty":"tr","p":{"a":0,"k":[0,0],"ix":2},"a":{"a":0,"k":[0,0],"ix":1},"s":{"a":0,"k":[100,100],"ix":3},"r":{"a":0,"k":0,"ix":6},"o":{"a":0,"k":100,"ix":7},"sk":{"a":0,"k":0,"ix":4},"sa":{"a":0,"k":0,"ix":5},"nm":"变换"}],"nm":"延","np":5,"cix":2,"bm":0,"ix":5,"mn":"ADBE Vector Group","hd":false},{"ty":"gr","it":[{"ind":0,"ty":"sh","ix":1,"ks":{"a":0,"k":{"i":[[1.704,1.559],[0,0],[-1.088,-1.813],[0,0]],"o":[[0,0],[1.486,1.45],[0,0],[-0.943,-1.668]],"v":[[86.086,-31.034],[84.237,-29.62],[88.08,-24.726],[90.074,-26.176]],"c":true},"ix":2},"nm":"ば","mn":"ADBE Vector Shape - Group","hd":false},{"ind":1,"ty":"sh","ix":2,"ks":{"a":0,"k":{"i":[[1.631,1.45],[0,0],[-1.051,-1.776],[0,0]],"o":[[0,0],[1.523,1.486],[0,0],[-1.015,-1.813]],"v":[[82.931,-28.895],[81.082,-27.481],[84.962,-22.587],[86.919,-23.964]],"c":true},"ix":2},"nm":"ば","mn":"ADBE Vector Shape - Group","hd":false},{"ind":2,"ty":"sh","ix":3,"ks":{"a":0,"k":{"i":[[0,0],[2.574,-0.145],[0.109,2.175],[0,0],[-0.073,-1.958],[1.378,0],[2.32,0.109],[0,0],[-2.828,0],[-1.305,0],[-0.073,-2.175],[1.341,0],[1.341,-1.088],[0,-1.813],[-1.341,-1.088],[-2.284,0],[-1.305,1.704],[-0.29,1.305],[-2.175,-1.885],[0,0],[2.284,1.196],[0.181,4.423],[-1.922,0.218]],"o":[[-1.813,0.254],[-0.073,-1.922],[0,0],[0.109,2.248],[-1.269,0],[-2.465,0],[0,0],[1.958,0.073],[1.414,0],[0.145,3.662],[-1.45,-0.435],[-2.139,0],[-1.378,1.088],[0,1.776],[1.305,1.015],[2.719,0],[0.689,-0.943],[1.305,0.87],[0,0],[-2.465,-2.248],[-0.073,-2.502],[2.393,-0.145],[0,0]],"v":[[87.572,-22.587],[81.01,-22.007],[80.72,-28.134],[77.058,-28.134],[77.348,-21.862],[73.396,-21.825],[66.218,-22.007],[66.254,-18.526],[73.396,-18.381],[77.493,-18.417],[77.819,-9.68],[73.65,-10.296],[68.429,-8.665],[66.399,-4.314],[68.393,-0.036],[73.795,1.486],[79.85,-1.088],[81.3,-4.423],[86.521,-0.29],[88.66,-2.973],[81.517,-8.157],[81.155,-18.562],[87.608,-19.106]],"c":true},"ix":2},"nm":"ば","mn":"ADBE Vector Shape - Group","hd":false},{"ind":3,"ty":"sh","ix":4,"ks":{"a":0,"k":{"i":[[-1.414,-0.544],[0.435,-0.725],[1.486,0],[0.58,0.29],[0,0.906],[-0.653,0.471],[-1.124,0]],"o":[[-0.109,1.124],[-0.653,1.051],[-1.051,0],[-0.834,-0.435],[0,-0.834],[0.616,-0.508],[1.378,0]],"v":[[77.819,-6.236],[77.022,-3.48],[73.795,-1.885],[71.33,-2.32],[70.097,-4.314],[71.04,-6.272],[73.65,-7.033]],"c":true},"ix":2},"nm":"ば","mn":"ADBE Vector Shape - Group","hd":false},{"ind":4,"ty":"sh","ix":5,"ks":{"a":0,"k":{"i":[[0,0],[0,-6.127],[-1.595,-3.625],[0,0],[0,4.206],[-1.088,5.003]],"o":[[-1.124,5.293],[0,4.786],[0,0],[-1.414,-3.408],[0,-6.091],[0,0]],"v":[[59.91,-27.953],[58.242,-10.804],[60.598,1.813],[63.97,0.616],[61.867,-10.804],[63.499,-27.409]],"c":true},"ix":2},"nm":"ば","mn":"ADBE Vector Shape - Group","hd":false},{"ty":"mm","mm":1,"nm":"合并路径 1","mn":"ADBE Vector Filter - Merge","hd":false},{"ty":"fl","c":{"a":0,"k":[1,1,1,1],"ix":4},"o":{"a":0,"k":100,"ix":5},"r":1,"bm":0,"nm":"填充 1","mn":"ADBE Vector Graphic - Fill","hd":false},{"ty":"st","c":{"a":0,"k":[0.098040008545,0.098040008545,0.098040008545,1],"ix":3},"o":{"a":0,"k":100,"ix":4},"w":{"a":0,"k":0.01,"ix":5},"lc":1,"lj":1,"ml":4,"bm":0,"nm":"描边 1","mn":"ADBE Vector Graphic - Stroke","hd":false},{"ty":"tr","p":{"a":0,"k":[0,0],"ix":2},"a":{"a":0,"k":[0,0],"ix":1},"s":{"a":0,"k":[100,100],"ix":3},"r":{"a":0,"k":0,"ix":6},"o":{"a":0,"k":100,"ix":7},"sk":{"a":0,"k":0,"ix":4},"sa":{"a":0,"k":0,"ix":5},"nm":"变换"}],"nm":"ば","np":8,"cix":2,"bm":0,"ix":6,"mn":"ADBE Vector Group","hd":false},{"ty":"gr","it":[{"ind":0,"ty":"sh","ix":1,"ks":{"a":0,"k":{"i":[[0,0],[0,0],[-6.961,0],[-2.755,2.937],[-1.486,3.988],[0,0],[5.076,0],[0,4.097],[0,0]],"o":[[0,0],[0,6.163],[4.024,0],[2.03,-2.175],[0,0],[-2.864,7.541],[-4.423,0],[0,0],[0,0]],"v":[[98.012,-27.844],[98.012,-7.469],[108.417,1.776],[118.605,-2.647],[123.862,-11.855],[120.345,-13.161],[108.417,-1.813],[101.783,-7.976],[101.783,-27.844]],"c":true},"ix":2},"nm":"し","mn":"ADBE Vector Shape - Group","hd":false},{"ty":"fl","c":{"a":0,"k":[1,1,1,1],"ix":4},"o":{"a":0,"k":100,"ix":5},"r":1,"bm":0,"nm":"填充 1","mn":"ADBE Vector Graphic - Fill","hd":false},{"ty":"st","c":{"a":0,"k":[0.098040008545,0.098040008545,0.098040008545,1],"ix":3},"o":{"a":0,"k":100,"ix":4},"w":{"a":0,"k":0.01,"ix":5},"lc":1,"lj":1,"ml":4,"bm":0,"nm":"描边 1","mn":"ADBE Vector Graphic - Stroke","hd":false},{"ty":"tr","p":{"a":0,"k":[0,0],"ix":2},"a":{"a":0,"k":[0,0],"ix":1},"s":{"a":0,"k":[100,100],"ix":3},"r":{"a":0,"k":0,"ix":6},"o":{"a":0,"k":100,"ix":7},"sk":{"a":0,"k":0,"ix":4},"sa":{"a":0,"k":0,"ix":5},"nm":"变换"}],"nm":"し","np":3,"cix":2,"bm":0,"ix":7,"mn":"ADBE Vector Group","hd":false}],"ip":40,"op":685,"st":-65,"bm":0},{"ddd":0,"ind":3,"ty":4,"nm":"“総仕事中毒”轮廓","parent":74,"sr":1,"ks":{"o":{"a":1,"k":[{"i":{"x":[0.833],"y":[0.833]},"o":{"x":[0.167],"y":[0.167]},"t":47,"s":[0]},{"i":{"x":[0.833],"y":[0.833]},"o":{"x":[0.167],"y":[0.167]},"t":62,"s":[100]},{"i":{"x":[0.833],"y":[0.833]},"o":{"x":[0.167],"y":[0.167]},"t":165,"s":[100]},{"t":195,"s":[0]}],"ix":11},"r":{"a":0,"k":0,"ix":10},"p":{"a":0,"k":[128.175,58.5,0],"ix":2},"a":{"a":0,"k":[0.766,-13.106,0],"ix":1},"s":{"a":0,"k":[100,100,100],"ix":6}},"ao":0,"shapes":[{"ty":"gr","it":[{"ind":0,"ty":"sh","ix":1,"ks":{"a":0,"k":{"i":[[0,0],[0.544,-2.248],[0,0],[-0.145,3.154]],"o":[[-0.145,2.937],[0,0],[0.471,-2.429],[0,0]],"v":[[-87.426,-5.62],[-88.441,2.175],[-85.359,3.154],[-84.453,-5.221]],"c":true},"ix":2},"nm":"総","mn":"ADBE Vector Shape - Group","hd":false},{"ind":1,"ty":"sh","ix":2,"ks":{"a":0,"k":{"i":[[0.544,2.248],[0,0],[-0.326,-2.828],[0,0]],"o":[[0,0],[0.471,2.175],[0,0],[-0.435,-2.683]],"v":[[-80.61,-6.163],[-83.293,-5.583],[-82.096,1.922],[-79.124,1.233]],"c":true},"ix":2},"nm":"総","mn":"ADBE Vector Shape - Group","hd":false},{"ind":2,"ty":"sh","ix":3,"ks":{"a":0,"k":{"i":[[0.906,2.067],[0,0],[-0.363,-1.015],[1.523,-0.29],[-2.9,5.547],[0,0],[0.653,-1.305],[1.088,-0.181],[-1.668,3.916],[0,0],[1.595,-2.9],[0.544,-0.218],[0,0],[-1.523,0.29],[0.979,-1.088],[0.58,-0.218],[0,0],[-3.19,0.979],[0,0],[0,0]],"o":[[0,0],[0.363,0.943],[-1.523,0.399],[1.958,-2.538],[0,0],[-0.725,1.486],[-1.124,0.218],[1.74,-2.465],[0,0],[-1.16,3.553],[-0.435,0.653],[0,0],[1.631,-0.326],[-1.45,2.574],[-0.399,0.363],[0,0],[2.9,-0.399],[0,0],[0,0],[-0.725,-2.647]],"v":[[-77.166,-15.517],[-79.812,-14.683],[-78.761,-11.783],[-83.365,-10.731],[-76.078,-22.841],[-79.124,-23.928],[-81.19,-19.759],[-84.526,-19.143],[-79.414,-28.678],[-82.785,-29.983],[-86.955,-20.303],[-88.441,-18.961],[-87.571,-15.735],[-82.822,-16.677],[-86.483,-11.203],[-87.933,-10.296],[-87.1,-7.287],[-78,-9.354],[-77.565,-7.722],[-74.7,-8.447]],"c":true},"ix":2},"nm":"総","mn":"ADBE Vector Shape - Group","hd":false},{"ind":3,"ty":"sh","ix":4,"ks":{"a":0,"k":{"i":[[0.653,1.668],[0,0],[-0.508,-2.139],[0,0],[0.399,-0.943],[0,0],[-0.653,3.952],[0,0],[0.653,-2.03]],"o":[[0,0],[0.653,1.595],[0,0],[-0.29,0.943],[0,0],[1.196,-2.9],[0,0],[-0.363,2.103],[-0.435,-1.885]],"v":[[-77.093,-7.36],[-79.667,-6.453],[-77.963,-0.834],[-75.498,-1.922],[-76.549,0.87],[-73.903,2.574],[-71.111,-7.722],[-73.939,-8.302],[-75.462,-2.067]],"c":true},"ix":2},"nm":"総","mn":"ADBE Vector Shape - Group","hd":false},{"ind":4,"ty":"sh","ix":5,"ks":{"a":0,"k":{"i":[[2.03,2.792],[0,0],[-0.508,-0.87],[1.922,-0.29],[-1.305,3.118],[0,0],[1.74,-2.719],[0.58,-0.145],[0,0],[-3.082,0.87],[-0.435,-0.906],[0,0]],"o":[[0,0],[0.544,0.798],[-2.175,0.58],[1.595,-1.885],[0,0],[-0.943,2.61],[-0.399,0.363],[0,0],[4.242,-0.435],[0.508,0.943],[0,0],[-1.088,-2.103]],"v":[[-61.866,-20.085],[-64.368,-18.526],[-62.773,-16.025],[-68.9,-14.756],[-64.549,-22.26],[-67.74,-23.203],[-71.728,-15.191],[-73.214,-14.429],[-72.308,-11.638],[-61.322,-13.596],[-59.908,-10.84],[-57.189,-12.725]],"c":true},"ix":2},"nm":"総","mn":"ADBE Vector Shape - Group","hd":false},{"ind":5,"ty":"sh","ix":6,"ks":{"a":0,"k":{"i":[[1.378,4.097],[0,0],[-3.009,-2.212],[0,0]],"o":[[0,0],[1.523,4.314],[0,0],[-2.719,-1.74]],"v":[[-61.395,-29.765],[-64.114,-28.388],[-57.334,-18.599],[-55.232,-20.992]],"c":true},"ix":2},"nm":"総","mn":"ADBE Vector Shape - Group","hd":false},{"ind":6,"ty":"sh","ix":7,"ks":{"a":0,"k":{"i":[[0,0],[2.393,-2.175],[0,0],[-1.45,4.242]],"o":[[-1.196,3.625],[0,0],[2.393,-2.248],[0,0]],"v":[[-70.277,-29.403],[-75.643,-20.702],[-73.25,-18.562],[-67.486,-28.315]],"c":true},"ix":2},"nm":"総","mn":"ADBE Vector Shape - Group","hd":false},{"ind":7,"ty":"sh","ix":8,"ks":{"a":0,"k":{"i":[[1.015,2.683],[0,0],[-0.87,-3.408],[0,0]],"o":[[0,0],[1.015,2.61],[0,0],[-0.798,-3.082]],"v":[[-57.516,-8.665],[-60.307,-7.759],[-57.516,1.233],[-54.833,0]],"c":true},"ix":2},"nm":"総","mn":"ADBE Vector Shape - Group","hd":false},{"ind":8,"ty":"sh","ix":9,"ks":{"a":0,"k":{"i":[[1.631,2.248],[0,0],[-0.906,-1.849],[0,0]],"o":[[0,0],[1.559,2.248],[0,0],[-0.87,-1.668]],"v":[[-64.513,-11.457],[-66.833,-10.006],[-63.135,-3.879],[-60.742,-5.583]],"c":true},"ix":2},"nm":"総","mn":"ADBE Vector Shape - Group","hd":false},{"ind":9,"ty":"sh","ix":10,"ks":{"a":0,"k":{"i":[[0,0],[-0.616,0.435],[-0.254,2.465],[0,0],[0.29,-0.326],[0.544,0],[0,0],[0,0.87],[0,0],[0,0],[0,0],[-2.212,0]],"o":[[1.269,0],[0.653,-0.508],[0,0],[-0.109,1.523],[-0.29,0.254],[0,0],[-0.689,0],[0,0],[0,0],[0,0],[0,2.32],[0,0]],"v":[[-63.498,3.263],[-60.67,2.61],[-59.292,-1.849],[-62.193,-2.792],[-62.809,0],[-64.078,0.399],[-65.891,0.399],[-66.906,-0.943],[-66.906,-8.411],[-70.096,-8.411],[-70.096,-0.254],[-66.797,3.263]],"c":true},"ix":2},"nm":"総","mn":"ADBE Vector Shape - Group","hd":false},{"ty":"mm","mm":1,"nm":"合并路径 1","mn":"ADBE Vector Filter - Merge","hd":false},{"ty":"fl","c":{"a":0,"k":[1,1,1,1],"ix":4},"o":{"a":0,"k":100,"ix":5},"r":1,"bm":0,"nm":"填充 1","mn":"ADBE Vector Graphic - Fill","hd":false},{"ty":"st","c":{"a":0,"k":[0.098040008545,0.098040008545,0.098040008545,1],"ix":3},"o":{"a":0,"k":100,"ix":4},"w":{"a":0,"k":0.01,"ix":5},"lc":1,"lj":1,"ml":4,"bm":0,"nm":"描边 1","mn":"ADBE Vector Graphic - Stroke","hd":false},{"ty":"tr","p":{"a":0,"k":[0,0],"ix":2},"a":{"a":0,"k":[0,0],"ix":1},"s":{"a":0,"k":[100,100],"ix":3},"r":{"a":0,"k":0,"ix":6},"o":{"a":0,"k":100,"ix":7},"sk":{"a":0,"k":0,"ix":4},"sa":{"a":0,"k":0,"ix":5},"nm":"变换"}],"nm":"総","np":13,"cix":2,"bm":0,"ix":1,"mn":"ADBE Vector Group","hd":false},{"ty":"gr","it":[{"ind":0,"ty":"sh","ix":1,"ks":{"a":0,"k":{"i":[[0,0],[3.771,-4.133],[0,0],[-1.088,1.305],[0,0],[0,0],[0,0],[-0.943,2.755]],"o":[[-1.776,5.547],[0,0],[1.233,-1.233],[0,0],[0,0],[0,0],[1.486,-2.465],[0,0]],"v":[[-44.61,-29.802],[-52.949,-15.263],[-51.861,-11.674],[-48.417,-15.481],[-48.417,3.807],[-45.009,3.807],[-45.009,-20.411],[-41.383,-28.279]],"c":true},"ix":2},"nm":"仕","mn":"ADBE Vector Shape - Group","hd":false},{"ind":1,"ty":"sh","ix":2,"ks":{"a":0,"k":{"i":[[0,0],[0,0],[0,0],[0,0],[0,0],[0,0],[0,0],[0,0],[0,0],[0,0],[0,0],[0,0],[0,0],[0,0],[0,0],[0,0]],"o":[[0,0],[0,0],[0,0],[0,0],[0,0],[0,0],[0,0],[0,0],[0,0],[0,0],[0,0],[0,0],[0,0],[0,0],[0,0],[0,0]],"v":[[-43.124,-19.433],[-43.124,-16.061],[-33.008,-16.061],[-33.008,-0.87],[-41.673,-0.87],[-41.673,2.502],[-20.682,2.502],[-20.682,-0.87],[-29.528,-0.87],[-29.528,-16.061],[-19.34,-16.061],[-19.34,-19.433],[-29.528,-19.433],[-29.528,-29.765],[-33.008,-29.765],[-33.008,-19.433]],"c":true},"ix":2},"nm":"仕","mn":"ADBE Vector Shape - Group","hd":false},{"ty":"mm","mm":1,"nm":"合并路径 1","mn":"ADBE Vector Filter - Merge","hd":false},{"ty":"fl","c":{"a":0,"k":[1,1,1,1],"ix":4},"o":{"a":0,"k":100,"ix":5},"r":1,"bm":0,"nm":"填充 1","mn":"ADBE Vector Graphic - Fill","hd":false},{"ty":"st","c":{"a":0,"k":[0.098040008545,0.098040008545,0.098040008545,1],"ix":3},"o":{"a":0,"k":100,"ix":4},"w":{"a":0,"k":0.01,"ix":5},"lc":1,"lj":1,"ml":4,"bm":0,"nm":"描边 1","mn":"ADBE Vector Graphic - Stroke","hd":false},{"ty":"tr","p":{"a":0,"k":[0,0],"ix":2},"a":{"a":0,"k":[0,0],"ix":1},"s":{"a":0,"k":[100,100],"ix":3},"r":{"a":0,"k":0,"ix":6},"o":{"a":0,"k":100,"ix":7},"sk":{"a":0,"k":0,"ix":4},"sa":{"a":0,"k":0,"ix":5},"nm":"变换"}],"nm":"仕","np":5,"cix":2,"bm":0,"ix":2,"mn":"ADBE Vector Group","hd":false},{"ty":"gr","it":[{"ind":0,"ty":"sh","ix":1,"ks":{"a":0,"k":{"i":[[0,0],[0,0],[0,0],[0,0],[0,0],[0,0],[0,0],[0,0],[0,0],[0,0],[0,0],[0,0],[0,0],[0,0],[0,0],[0,0],[0.87,0],[1.378,0.145],[0,0],[0,0],[0,2.248],[0,0],[0,0],[0,0],[0,0],[0,0],[0,0],[0,0],[0,0],[0,0],[0,0],[0,0],[0,0],[0,0],[0,0],[0,0],[0,0],[0,0],[0,0],[0,0],[0,0],[0,0],[0,0],[0,0]],"o":[[0,0],[0,0],[0,0],[0,0],[0,0],[0,0],[0,0],[0,0],[0,0],[0,0],[0,0],[0,0],[0,0],[0,0],[0,0],[0,0.761],[-1.305,0],[0,0],[0,0],[2.393,0],[0,0],[0,0],[0,0],[0,0],[0,0],[0,0],[0,0],[0,0],[0,0],[0,0],[0,0],[0,0],[0,0],[0,0],[0,0],[0,0],[0,0],[0,0],[0,0],[0,0],[0,0],[0,0],[0,0],[0,0]],"v":[[-12.308,-23.203],[-12.308,-15.735],[-1.577,-15.735],[-1.577,-13.922],[-13.178,-13.922],[-13.178,-11.239],[-1.577,-11.239],[-1.577,-9.172],[-16.477,-9.172],[-16.477,-6.381],[-1.577,-6.381],[-1.577,-4.387],[-13.214,-4.387],[-13.214,-1.631],[-1.577,-1.631],[-1.577,-0.58],[-2.918,0.58],[-6.942,0.326],[-6.217,3.589],[-1.758,3.589],[1.831,0.218],[1.831,-1.631],[13.07,-1.631],[13.07,-6.381],[16.732,-6.381],[16.732,-9.172],[13.07,-9.172],[13.07,-13.922],[1.831,-13.922],[1.831,-15.735],[12.563,-15.735],[12.563,-23.203],[1.831,-23.203],[1.831,-25.016],[15.753,-25.016],[15.753,-27.953],[1.831,-27.953],[1.831,-29.838],[-1.577,-29.838],[-1.577,-27.953],[-15.498,-27.953],[-15.498,-25.016],[-1.577,-25.016],[-1.577,-23.203]],"c":true},"ix":2},"nm":"事","mn":"ADBE Vector Shape - Group","hd":false},{"ind":1,"ty":"sh","ix":2,"ks":{"a":0,"k":{"i":[[0,0],[0,0],[0,0],[0,0]],"o":[[0,0],[0,0],[0,0],[0,0]],"v":[[9.155,-18.309],[1.831,-18.309],[1.831,-20.665],[9.155,-20.665]],"c":true},"ix":2},"nm":"事","mn":"ADBE Vector Shape - Group","hd":false},{"ind":2,"ty":"sh","ix":3,"ks":{"a":0,"k":{"i":[[0,0],[0,0],[0,0],[0,0]],"o":[[0,0],[0,0],[0,0],[0,0]],"v":[[-1.577,-18.309],[-8.9,-18.309],[-8.9,-20.665],[-1.577,-20.665]],"c":true},"ix":2},"nm":"事","mn":"ADBE Vector Shape - Group","hd":false},{"ind":3,"ty":"sh","ix":4,"ks":{"a":0,"k":{"i":[[0,0],[0,0],[0,0],[0,0]],"o":[[0,0],[0,0],[0,0],[0,0]],"v":[[1.831,-11.239],[9.771,-11.239],[9.771,-9.172],[1.831,-9.172]],"c":true},"ix":2},"nm":"事","mn":"ADBE Vector Shape - Group","hd":false},{"ind":4,"ty":"sh","ix":5,"ks":{"a":0,"k":{"i":[[0,0],[0,0],[0,0],[0,0]],"o":[[0,0],[0,0],[0,0],[0,0]],"v":[[9.771,-6.381],[9.771,-4.387],[1.831,-4.387],[1.831,-6.381]],"c":true},"ix":2},"nm":"事","mn":"ADBE Vector Shape - Group","hd":false},{"ty":"mm","mm":1,"nm":"合并路径 1","mn":"ADBE Vector Filter - Merge","hd":false},{"ty":"fl","c":{"a":0,"k":[1,1,1,1],"ix":4},"o":{"a":0,"k":100,"ix":5},"r":1,"bm":0,"nm":"填充 1","mn":"ADBE Vector Graphic - Fill","hd":false},{"ty":"st","c":{"a":0,"k":[0.098040008545,0.098040008545,0.098040008545,1],"ix":3},"o":{"a":0,"k":100,"ix":4},"w":{"a":0,"k":0.01,"ix":5},"lc":1,"lj":1,"ml":4,"bm":0,"nm":"描边 1","mn":"ADBE Vector Graphic - Stroke","hd":false},{"ty":"tr","p":{"a":0,"k":[0,0],"ix":2},"a":{"a":0,"k":[0,0],"ix":1},"s":{"a":0,"k":[100,100],"ix":3},"r":{"a":0,"k":0,"ix":6},"o":{"a":0,"k":100,"ix":7},"sk":{"a":0,"k":0,"ix":4},"sa":{"a":0,"k":0,"ix":5},"nm":"变换"}],"nm":"事","np":8,"cix":2,"bm":0,"ix":3,"mn":"ADBE Vector Group","hd":false},{"ty":"gr","it":[{"ind":0,"ty":"sh","ix":1,"ks":{"a":0,"k":{"i":[[0,0],[0,0],[0,0],[0,0],[0,0],[0,0],[0,0],[0,0],[0,0],[0,0],[0,0],[0,0],[0,0],[0,0],[0,0],[0,0]],"o":[[0,0],[0,0],[0,0],[0,0],[0,0],[0,0],[0,0],[0,0],[0,0],[0,0],[0,0],[0,0],[0,0],[0,0],[0,0],[0,0]],"v":[[34.351,-29.874],[34.351,-23.602],[21.48,-23.602],[21.48,-6.091],[24.925,-6.091],[24.925,-8.157],[34.351,-8.157],[34.351,3.988],[37.904,3.988],[37.904,-8.157],[47.366,-8.157],[47.366,-6.091],[50.811,-6.091],[50.811,-23.602],[37.904,-23.602],[37.904,-29.874]],"c":true},"ix":2},"nm":"中","mn":"ADBE Vector Shape - Group","hd":false},{"ind":1,"ty":"sh","ix":2,"ks":{"a":0,"k":{"i":[[0,0],[0,0],[0,0],[0,0]],"o":[[0,0],[0,0],[0,0],[0,0]],"v":[[24.925,-11.529],[24.925,-20.23],[34.351,-20.23],[34.351,-11.529]],"c":true},"ix":2},"nm":"中","mn":"ADBE Vector Shape - Group","hd":false},{"ind":2,"ty":"sh","ix":3,"ks":{"a":0,"k":{"i":[[0,0],[0,0],[0,0],[0,0]],"o":[[0,0],[0,0],[0,0],[0,0]],"v":[[37.904,-11.529],[37.904,-20.23],[47.366,-20.23],[47.366,-11.529]],"c":true},"ix":2},"nm":"中","mn":"ADBE Vector Shape - Group","hd":false},{"ty":"mm","mm":1,"nm":"合并路径 1","mn":"ADBE Vector Filter - Merge","hd":false},{"ty":"fl","c":{"a":0,"k":[1,1,1,1],"ix":4},"o":{"a":0,"k":100,"ix":5},"r":1,"bm":0,"nm":"填充 1","mn":"ADBE Vector Graphic - Fill","hd":false},{"ty":"st","c":{"a":0,"k":[0.098040008545,0.098040008545,0.098040008545,1],"ix":3},"o":{"a":0,"k":100,"ix":4},"w":{"a":0,"k":0.01,"ix":5},"lc":1,"lj":1,"ml":4,"bm":0,"nm":"描边 1","mn":"ADBE Vector Graphic - Stroke","hd":false},{"ty":"tr","p":{"a":0,"k":[0,0],"ix":2},"a":{"a":0,"k":[0,0],"ix":1},"s":{"a":0,"k":[100,100],"ix":3},"r":{"a":0,"k":0,"ix":6},"o":{"a":0,"k":100,"ix":7},"sk":{"a":0,"k":0,"ix":4},"sa":{"a":0,"k":0,"ix":5},"nm":"变换"}],"nm":"中","np":6,"cix":2,"bm":0,"ix":4,"mn":"ADBE Vector Group","hd":false},{"ty":"gr","it":[{"ind":0,"ty":"sh","ix":1,"ks":{"a":0,"k":{"i":[[0,0],[0,0],[0,0],[0,0],[0,0],[0,0],[0,0],[0,0],[0,0],[0,0],[0,0],[0,0],[0,0],[0,0],[0,0],[0,0],[0,0],[0,0],[0,0],[0,0],[0,0],[0,0],[0,0],[0,0]],"o":[[0,0],[0,0],[0,0],[0,0],[0,0],[0,0],[0,0],[0,0],[0,0],[0,0],[0,0],[0,0],[0,0],[0,0],[0,0],[0,0],[0,0],[0,0],[0,0],[0,0],[0,0],[0,0],[0,0],[0,0]],"v":[[57.372,-27.59],[57.372,-24.871],[70.17,-24.871],[70.17,-23.239],[58.822,-23.239],[58.822,-20.629],[70.17,-20.629],[70.17,-18.889],[55.885,-18.889],[55.885,-16.278],[88.37,-16.278],[88.37,-18.889],[73.65,-18.889],[73.65,-20.629],[85.179,-20.629],[85.179,-23.239],[73.65,-23.239],[73.65,-24.871],[86.956,-24.871],[86.956,-27.59],[73.65,-27.59],[73.65,-29.729],[70.17,-29.729],[70.17,-27.59]],"c":true},"ix":2},"nm":"毒","mn":"ADBE Vector Shape - Group","hd":false},{"ind":1,"ty":"sh","ix":2,"ks":{"a":0,"k":{"i":[[0.616,-1.813],[0,0],[0.036,-0.145],[1.414,-0.073],[1.45,0.145],[0,0],[0,0],[-0.725,0.616],[-0.254,1.668],[0,0],[0,0],[0,0],[-0.073,1.124],[0,0],[0,0],[0,0],[-0.073,2.139],[0,0],[0.29,-1.885],[0,0],[0,0],[0,0]],"o":[[0,0],[-0.073,0.218],[-0.29,0.761],[-1.015,0],[0,0],[0,0],[2.357,-0.073],[0.616,-0.544],[0,0],[0,0],[0,0],[0.036,-0.87],[0,0],[0,0],[0,0],[0.036,-1.668],[0,0],[-0.145,1.922],[0,0],[0,0],[0,0],[-0.435,1.958]],"v":[[58.206,-0.689],[80.031,-0.689],[79.886,-0.181],[77.312,1.051],[73.614,0.834],[74.702,3.662],[77.348,3.625],[81.989,2.61],[83.294,-0.689],[87.463,-0.689],[87.463,-3.372],[83.548,-3.372],[83.693,-6.345],[88.623,-6.345],[88.623,-9.209],[83.765,-9.209],[83.91,-14.901],[60.997,-14.901],[60.308,-9.209],[55.595,-9.209],[55.595,-6.345],[59.765,-6.345]],"c":true},"ix":2},"nm":"毒","mn":"ADBE Vector Shape - Group","hd":false},{"ind":2,"ty":"sh","ix":3,"ks":{"a":0,"k":{"i":[[0.073,-0.906],[0,0],[0.653,0.979],[0,0]],"o":[[0,0],[-0.544,-1.088],[0,0],[-0.073,1.16]],"v":[[80.285,-3.372],[74.085,-3.372],[72.309,-6.49],[80.466,-6.49]],"c":true},"ix":2},"nm":"毒","mn":"ADBE Vector Shape - Group","hd":false},{"ind":3,"ty":"sh","ix":4,"ks":{"a":0,"k":{"i":[[0,0],[-0.58,-1.124],[0,0],[-0.254,1.051]],"o":[[0.653,0.943],[0,0],[0.29,-1.015],[0,0]],"v":[[68.937,-6.49],[70.822,-3.372],[62.375,-3.372],[63.209,-6.49]],"c":true},"ix":2},"nm":"毒","mn":"ADBE Vector Shape - Group","hd":false},{"ind":4,"ty":"sh","ix":5,"ks":{"a":0,"k":{"i":[[0,0],[-0.109,1.088],[0,0],[-0.616,-1.16]],"o":[[0.181,-1.015],[0,0],[0.689,0.943],[0,0]],"v":[[63.753,-9.064],[64.188,-12.254],[69.372,-12.254],[71.33,-9.064]],"c":true},"ix":2},"nm":"毒","mn":"ADBE Vector Shape - Group","hd":false},{"ind":5,"ty":"sh","ix":6,"ks":{"a":0,"k":{"i":[[0,0],[0.653,1.015],[0,0],[0,0]],"o":[[-0.508,-1.124],[0,0],[0,0],[0,0]],"v":[[74.557,-9.064],[72.816,-12.254],[80.611,-12.254],[80.539,-9.064]],"c":true},"ix":2},"nm":"毒","mn":"ADBE Vector Shape - Group","hd":false},{"ty":"mm","mm":1,"nm":"合并路径 1","mn":"ADBE Vector Filter - Merge","hd":false},{"ty":"fl","c":{"a":0,"k":[1,1,1,1],"ix":4},"o":{"a":0,"k":100,"ix":5},"r":1,"bm":0,"nm":"填充 1","mn":"ADBE Vector Graphic - Fill","hd":false},{"ty":"st","c":{"a":0,"k":[0.098040008545,0.098040008545,0.098040008545,1],"ix":3},"o":{"a":0,"k":100,"ix":4},"w":{"a":0,"k":0.01,"ix":5},"lc":1,"lj":1,"ml":4,"bm":0,"nm":"描边 1","mn":"ADBE Vector Graphic - Stroke","hd":false},{"ty":"tr","p":{"a":0,"k":[0,0],"ix":2},"a":{"a":0,"k":[0,0],"ix":1},"s":{"a":0,"k":[100,100],"ix":3},"r":{"a":0,"k":0,"ix":6},"o":{"a":0,"k":100,"ix":7},"sk":{"a":0,"k":0,"ix":4},"sa":{"a":0,"k":0,"ix":5},"nm":"变换"}],"nm":"毒","np":9,"cix":2,"bm":0,"ix":5,"mn":"ADBE Vector Group","hd":false}],"ip":32,"op":692,"st":-58,"bm":0},{"ddd":0,"ind":5,"ty":4,"nm":"“十分なセキュリティ”轮廓","parent":76,"sr":1,"ks":{"o":{"a":1,"k":[{"i":{"x":[0.833],"y":[0.833]},"o":{"x":[0.167],"y":[0.167]},"t":31,"s":[0]},{"i":{"x":[0.833],"y":[0.833]},"o":{"x":[0.167],"y":[0.167]},"t":46,"s":[100]},{"i":{"x":[0.833],"y":[0.833]},"o":{"x":[0.167],"y":[0.167]},"t":165,"s":[100]},{"t":195,"s":[0]}],"ix":11},"r":{"a":0,"k":0,"ix":10},"p":{"a":0,"k":[161.5,58.5,0],"ix":2},"a":{"a":0,"k":[0.63,-13.716,0],"ix":1},"s":{"a":0,"k":[100,100,100],"ix":6}},"ao":0,"shapes":[{"ty":"gr","it":[{"ind":0,"ty":"sh","ix":1,"ks":{"a":0,"k":{"i":[[0,0],[0,0],[0,0],[0,0],[0,0],[0,0],[0,0],[0,0],[0,0],[0,0],[0,0],[0,0]],"o":[[0,0],[0,0],[0,0],[0,0],[0,0],[0,0],[0,0],[0,0],[0,0],[0,0],[0,0],[0,0]],"v":[[-129.337,-26.361],[-129.337,-16.081],[-142.26,-16.081],[-142.26,-13.116],[-129.337,-13.116],[-129.337,3.287],[-126.243,3.287],[-126.243,-13.116],[-113.449,-13.116],[-113.449,-16.081],[-126.243,-16.081],[-126.243,-26.361]],"c":true},"ix":2},"nm":"十","mn":"ADBE Vector Shape - Group","hd":false},{"ty":"fl","c":{"a":0,"k":[1,1,1,1],"ix":4},"o":{"a":0,"k":100,"ix":5},"r":1,"bm":0,"nm":"填充 1","mn":"ADBE Vector Graphic - Fill","hd":false},{"ty":"st","c":{"a":0,"k":[0.098040008545,0.098040008545,0.098040008545,1],"ix":3},"o":{"a":0,"k":100,"ix":4},"w":{"a":0,"k":0.01,"ix":5},"lc":1,"lj":1,"ml":4,"bm":0,"nm":"描边 1","mn":"ADBE Vector Graphic - Stroke","hd":false},{"ty":"tr","p":{"a":0,"k":[0,0],"ix":2},"a":{"a":0,"k":[0,0],"ix":1},"s":{"a":0,"k":[100,100],"ix":3},"r":{"a":0,"k":0,"ix":6},"o":{"a":0,"k":100,"ix":7},"sk":{"a":0,"k":0,"ix":4},"sa":{"a":0,"k":0,"ix":5},"nm":"变换"}],"nm":"十","np":3,"cix":2,"bm":0,"ix":1,"mn":"ADBE Vector Group","hd":false},{"ty":"gr","it":[{"ind":0,"ty":"sh","ix":1,"ks":{"a":0,"k":{"i":[[0,0],[1.482,-1.708],[2.062,-1.16],[0,0],[-1.547,1.74],[-1.482,2.643]],"o":[[-1.321,2.417],[-1.805,2.03],[0,0],[2.771,-1.934],[1.515,-1.676],[0,0]],"v":[[-100.721,-25.813],[-104.91,-19.626],[-110.711,-14.856],[-109.035,-12.182],[-102.59,-17.692],[-98.078,-24.202]],"c":true},"ix":2},"nm":"分","mn":"ADBE Vector Shape - Group","hd":false},{"ind":1,"ty":"sh","ix":2,"ks":{"a":0,"k":{"i":[[0,0],[1.192,-1.708],[2.9,-1.547],[0,0],[-1.676,2.32],[-0.773,3.352],[0,0],[0.516,-1.418],[1.611,0],[1.901,0.064],[0,0],[0,0],[-0.741,0.967],[-0.322,2.514],[-0.129,4.125],[0,0],[0,0]],"o":[[-0.677,2.707],[-1.482,1.901],[0,0],[3.287,-1.869],[1.289,-1.998],[0,0],[-0.161,4.608],[-0.516,1.354],[-1.676,0],[0,0],[0,0],[1.644,-0.097],[0.741,-0.999],[0.322,-2.578],[0,0],[0,0],[0,0]],"v":[[-99.786,-10.925],[-102.59,-4.318],[-109.196,0.87],[-107.23,3.416],[-99.786,-2.9],[-96.692,-10.925],[-89.409,-10.925],[-90.44,-1.869],[-93.663,0.161],[-99.045,0.032],[-98.207,3.062],[-92.116,3.062],[-88.539,1.45],[-86.96,-3.835],[-86.315,-13.857],[-105.812,-13.857],[-105.812,-10.925]],"c":true},"ix":2},"nm":"分","mn":"ADBE Vector Shape - Group","hd":false},{"ind":2,"ty":"sh","ix":3,"ks":{"a":0,"k":{"i":[[1.772,4.834],[0,0],[-4.963,-3.223],[0,0]],"o":[[0,0],[1.966,5.06],[0,0],[-4.77,-2.836]],"v":[[-90.924,-26.232],[-93.599,-24.718],[-83.189,-12.311],[-81.127,-14.728]],"c":true},"ix":2},"nm":"分","mn":"ADBE Vector Shape - Group","hd":false},{"ty":"mm","mm":1,"nm":"合并路径 1","mn":"ADBE Vector Filter - Merge","hd":false},{"ty":"fl","c":{"a":0,"k":[1,1,1,1],"ix":4},"o":{"a":0,"k":100,"ix":5},"r":1,"bm":0,"nm":"填充 1","mn":"ADBE Vector Graphic - Fill","hd":false},{"ty":"st","c":{"a":0,"k":[0.098040008545,0.098040008545,0.098040008545,1],"ix":3},"o":{"a":0,"k":100,"ix":4},"w":{"a":0,"k":0.01,"ix":5},"lc":1,"lj":1,"ml":4,"bm":0,"nm":"描边 1","mn":"ADBE Vector Graphic - Stroke","hd":false},{"ty":"tr","p":{"a":0,"k":[0,0],"ix":2},"a":{"a":0,"k":[0,0],"ix":1},"s":{"a":0,"k":[100,100],"ix":3},"r":{"a":0,"k":0,"ix":6},"o":{"a":0,"k":100,"ix":7},"sk":{"a":0,"k":0,"ix":4},"sa":{"a":0,"k":0,"ix":5},"nm":"变换"}],"nm":"分","np":6,"cix":2,"bm":0,"ix":2,"mn":"ADBE Vector Group","hd":false},{"ty":"gr","it":[{"ind":0,"ty":"sh","ix":1,"ks":{"a":0,"k":{"i":[[1.676,0.548],[0,0],[-1.45,-0.838],[-1.289,-1.128],[0,0],[1.547,0.902]],"o":[[0,0],[1.515,0.483],[1.482,0.838],[0,0],[-1.418,-1.257],[-1.611,-0.935]],"v":[[-59.182,-23.042],[-60.438,-20.238],[-55.991,-18.272],[-51.834,-15.308],[-49.771,-17.563],[-54.219,-20.818]],"c":true},"ix":2},"nm":"な","mn":"ADBE Vector Shape - Group","hd":false},{"ind":1,"ty":"sh","ix":2,"ks":{"a":0,"k":{"i":[[0,0],[1.869,-0.097],[-0.322,1.45],[0,0],[0.451,-1.644],[2.127,0],[0,0],[-1.74,0.032],[0.387,-1.031],[2.03,-2.836],[0,0],[-1.547,3.899],[-0.516,1.547],[0,0]],"o":[[-1.74,0.129],[0.354,-1.386],[0,0],[-0.354,1.74],[-1.966,0.064],[0,0],[1.805,0],[-0.354,1.096],[-1.482,3.932],[0,0],[2.095,-3.19],[0.548,-1.482],[0,0],[0,0]],"v":[[-62.308,-21.366],[-67.722,-21.044],[-66.723,-25.298],[-69.881,-26.007],[-71.073,-20.915],[-77.229,-20.818],[-77.229,-17.886],[-71.943,-17.95],[-73.039,-14.76],[-78.292,-4.576],[-75.553,-2.836],[-70.106,-13.471],[-68.527,-18.047],[-62.114,-18.434]],"c":true},"ix":2},"nm":"な","mn":"ADBE Vector Shape - Group","hd":false},{"ind":2,"ty":"sh","ix":3,"ks":{"a":0,"k":{"i":[[0.161,3.899],[0,0],[-0.064,-1.966],[1.225,0],[1.192,-0.838],[0,-1.74],[-1.547,-0.935],[-1.934,0],[-1.128,0.999],[-0.193,1.805],[-1.869,-1.547],[0,0],[2.288,0.999]],"o":[[0,0],[0.129,3.126],[-1.289,-0.322],[-1.869,0],[-1.418,0.967],[0,1.74],[1.257,0.773],[2.062,0],[1.031,-0.902],[1.482,0.838],[0,0],[-2.417,-1.998],[-0.064,-2.03]],"v":[[-56.571,-16.017],[-59.762,-15.888],[-59.472,-8.25],[-63.21,-8.733],[-67.786,-7.477],[-69.913,-3.448],[-67.625,0.58],[-62.855,1.74],[-58.054,0.226],[-56.249,-3.835],[-51.189,-0.258],[-49.159,-2.61],[-56.217,-7.122]],"c":true},"ix":2},"nm":"な","mn":"ADBE Vector Shape - Group","hd":false},{"ind":3,"ty":"sh","ix":4,"ks":{"a":0,"k":{"i":[[-1.289,-0.451],[0,0],[0.548,-0.677],[1.128,0],[0.677,0.322],[0,0.773],[-0.645,0.451],[-1.031,0]],"o":[[0,0],[0,1.289],[-0.612,0.709],[-0.999,0],[-0.902,-0.419],[0,-0.677],[0.645,-0.483],[1.225,0]],"v":[[-59.407,-5.221],[-59.407,-5.124],[-60.245,-2.191],[-62.855,-1.128],[-65.369,-1.644],[-66.69,-3.448],[-65.756,-5.156],[-63.21,-5.865]],"c":true},"ix":2},"nm":"な","mn":"ADBE Vector Shape - Group","hd":false},{"ty":"mm","mm":1,"nm":"合并路径 1","mn":"ADBE Vector Filter - Merge","hd":false},{"ty":"fl","c":{"a":0,"k":[1,1,1,1],"ix":4},"o":{"a":0,"k":100,"ix":5},"r":1,"bm":0,"nm":"填充 1","mn":"ADBE Vector Graphic - Fill","hd":false},{"ty":"st","c":{"a":0,"k":[0.098040008545,0.098040008545,0.098040008545,1],"ix":3},"o":{"a":0,"k":100,"ix":4},"w":{"a":0,"k":0.01,"ix":5},"lc":1,"lj":1,"ml":4,"bm":0,"nm":"描边 1","mn":"ADBE Vector Graphic - Stroke","hd":false},{"ty":"tr","p":{"a":0,"k":[0,0],"ix":2},"a":{"a":0,"k":[0,0],"ix":1},"s":{"a":0,"k":[100,100],"ix":3},"r":{"a":0,"k":0,"ix":6},"o":{"a":0,"k":100,"ix":7},"sk":{"a":0,"k":0,"ix":4},"sa":{"a":0,"k":0,"ix":5},"nm":"变换"}],"nm":"な","np":7,"cix":2,"bm":0,"ix":3,"mn":"ADBE Vector Group","hd":false},{"ty":"gr","it":[{"ind":0,"ty":"sh","ix":1,"ks":{"a":0,"k":{"i":[[0,0],[0.032,-2.707],[0,0],[0,0],[0,0],[0,-2.933],[-1.515,-0.806],[-3.416,0],[-3.867,0.354],[0,0],[3.287,0],[0.773,0.322],[0,1.096],[-0.064,3.48],[0,0],[2.771,-2.256],[0,0],[-2.61,4.544],[0,0],[0,0],[-0.064,2.771]],"o":[[-0.064,2.933],[0,0],[0,0],[0,0],[-0.064,3.319],[0,2.288],[1.257,0.645],[2.771,0],[0,0],[-3.352,0.387],[-2.191,0],[-0.967,-0.387],[0,-3.029],[0,0],[-1.934,2.675],[0,0],[3.996,-3.223],[0,0],[0,0],[0.032,-2.546],[0,0]],"v":[[-38.106,-25.233],[-38.268,-16.758],[-45.68,-15.694],[-45.132,-12.665],[-38.3,-13.664],[-38.364,-4.286],[-36.108,0.354],[-29.083,1.354],[-19.093,0.806],[-19.093,-2.32],[-29.083,-1.708],[-33.562,-2.191],[-35.013,-4.415],[-34.948,-14.147],[-22.896,-15.92],[-29.953,-8.508],[-27.762,-6.123],[-17.868,-17.757],[-20.027,-19.336],[-34.916,-17.241],[-34.755,-25.233]],"c":true},"ix":2},"nm":"セ","mn":"ADBE Vector Shape - Group","hd":false},{"ty":"fl","c":{"a":0,"k":[1,1,1,1],"ix":4},"o":{"a":0,"k":100,"ix":5},"r":1,"bm":0,"nm":"填充 1","mn":"ADBE Vector Graphic - Fill","hd":false},{"ty":"st","c":{"a":0,"k":[0.098040008545,0.098040008545,0.098040008545,1],"ix":3},"o":{"a":0,"k":100,"ix":4},"w":{"a":0,"k":0.01,"ix":5},"lc":1,"lj":1,"ml":4,"bm":0,"nm":"描边 1","mn":"ADBE Vector Graphic - Stroke","hd":false},{"ty":"tr","p":{"a":0,"k":[0,0],"ix":2},"a":{"a":0,"k":[0,0],"ix":1},"s":{"a":0,"k":[100,100],"ix":3},"r":{"a":0,"k":0,"ix":6},"o":{"a":0,"k":100,"ix":7},"sk":{"a":0,"k":0,"ix":4},"sa":{"a":0,"k":0,"ix":5},"nm":"变换"}],"nm":"セ","np":3,"cix":2,"bm":0,"ix":4,"mn":"ADBE Vector Group","hd":false},{"ty":"gr","it":[{"ind":0,"ty":"sh","ix":1,"ks":{"a":0,"k":{"i":[[0,0],[0,0],[0,0],[0,0],[0,0],[0,0],[0,0],[0,0],[0,0],[0,0],[0,0],[0,0],[0,0],[0,0],[0,0],[0,0],[0,0],[0,0],[0,0],[0,0]],"o":[[0,0],[0,0],[0,0],[0,0],[0,0],[0,0],[0,0],[0,0],[0,0],[0,0],[0,0],[0,0],[0,0],[0,0],[0,0],[0,0],[0,0],[0,0],[0,0],[0,0]],"v":[[10.941,-20.818],[0.436,-19.594],[-0.37,-25.62],[-3.593,-25.169],[-2.787,-19.207],[-13.132,-17.982],[-12.681,-14.953],[-2.4,-16.178],[-1.691,-10.764],[-13.809,-9.346],[-13.357,-6.284],[-1.272,-7.702],[-0.016,1.772],[3.239,1.321],[1.982,-8.089],[14.067,-9.507],[13.616,-12.536],[1.563,-11.15],[0.854,-16.564],[11.393,-17.789]],"c":true},"ix":2},"nm":"キ","mn":"ADBE Vector Shape - Group","hd":false},{"ty":"fl","c":{"a":0,"k":[1,1,1,1],"ix":4},"o":{"a":0,"k":100,"ix":5},"r":1,"bm":0,"nm":"填充 1","mn":"ADBE Vector Graphic - Fill","hd":false},{"ty":"st","c":{"a":0,"k":[0.098040008545,0.098040008545,0.098040008545,1],"ix":3},"o":{"a":0,"k":100,"ix":4},"w":{"a":0,"k":0.01,"ix":5},"lc":1,"lj":1,"ml":4,"bm":0,"nm":"描边 1","mn":"ADBE Vector Graphic - Stroke","hd":false},{"ty":"tr","p":{"a":0,"k":[0,0],"ix":2},"a":{"a":0,"k":[0,0],"ix":1},"s":{"a":0,"k":[100,100],"ix":3},"r":{"a":0,"k":0,"ix":6},"o":{"a":0,"k":100,"ix":7},"sk":{"a":0,"k":0,"ix":4},"sa":{"a":0,"k":0,"ix":5},"nm":"变换"}],"nm":"キ","np":3,"cix":2,"bm":0,"ix":5,"mn":"ADBE Vector Group","hd":false},{"ty":"gr","it":[{"ind":0,"ty":"sh","ix":1,"ks":{"a":0,"k":{"i":[[0,0],[0,0],[0,0],[0,0],[0,0],[0,0],[0,0],[0,0],[0,0],[0,0]],"o":[[0,0],[0,0],[0,0],[0,0],[0,0],[0,0],[0,0],[0,0],[0,0],[0,0]],"v":[[23.928,-15.823],[23.928,-12.858],[35.819,-12.858],[35.014,-2.836],[21.446,-2.836],[21.446,0.129],[42.78,0.129],[42.78,-2.836],[38.204,-2.836],[39.235,-15.823]],"c":true},"ix":2},"nm":"ュ","mn":"ADBE Vector Shape - Group","hd":false},{"ty":"fl","c":{"a":0,"k":[1,1,1,1],"ix":4},"o":{"a":0,"k":100,"ix":5},"r":1,"bm":0,"nm":"填充 1","mn":"ADBE Vector Graphic - Fill","hd":false},{"ty":"st","c":{"a":0,"k":[0.098040008545,0.098040008545,0.098040008545,1],"ix":3},"o":{"a":0,"k":100,"ix":4},"w":{"a":0,"k":0.01,"ix":5},"lc":1,"lj":1,"ml":4,"bm":0,"nm":"描边 1","mn":"ADBE Vector Graphic - Stroke","hd":false},{"ty":"tr","p":{"a":0,"k":[0,0],"ix":2},"a":{"a":0,"k":[0,0],"ix":1},"s":{"a":0,"k":[100,100],"ix":3},"r":{"a":0,"k":0,"ix":6},"o":{"a":0,"k":100,"ix":7},"sk":{"a":0,"k":0,"ix":4},"sa":{"a":0,"k":0,"ix":5},"nm":"变换"}],"nm":"ュ","np":3,"cix":2,"bm":0,"ix":6,"mn":"ADBE Vector Group","hd":false},{"ty":"gr","it":[{"ind":0,"ty":"sh","ix":1,"ks":{"a":0,"k":{"i":[[0,0],[0,0],[1.515,-1.998],[3.964,-0.967],[0,0],[-2.127,2.61],[0,4.061],[0,0]],"o":[[0,0],[0,3.287],[-1.74,2.256],[0,0],[4.286,-1.096],[1.998,-2.546],[0,0],[0,0]],"v":[[70.204,-23.944],[70.204,-13.632],[67.916,-5.704],[59.376,-0.902],[60.923,2.062],[70.526,-3.48],[73.556,-13.374],[73.556,-23.944]],"c":true},"ix":2},"nm":"リ","mn":"ADBE Vector Shape - Group","hd":false},{"ind":1,"ty":"sh","ix":2,"ks":{"a":0,"k":{"i":[[0,0],[0,0],[0,0],[0,0]],"o":[[0,0],[0,0],[0,0],[0,0]],"v":[[54.671,-23.268],[54.671,-7.67],[58.022,-7.67],[58.022,-23.268]],"c":true},"ix":2},"nm":"リ","mn":"ADBE Vector Shape - Group","hd":false},{"ty":"mm","mm":1,"nm":"合并路径 1","mn":"ADBE Vector Filter - Merge","hd":false},{"ty":"fl","c":{"a":0,"k":[1,1,1,1],"ix":4},"o":{"a":0,"k":100,"ix":5},"r":1,"bm":0,"nm":"填充 1","mn":"ADBE Vector Graphic - Fill","hd":false},{"ty":"st","c":{"a":0,"k":[0.098040008545,0.098040008545,0.098040008545,1],"ix":3},"o":{"a":0,"k":100,"ix":4},"w":{"a":0,"k":0.01,"ix":5},"lc":1,"lj":1,"ml":4,"bm":0,"nm":"描边 1","mn":"ADBE Vector Graphic - Stroke","hd":false},{"ty":"tr","p":{"a":0,"k":[0,0],"ix":2},"a":{"a":0,"k":[0,0],"ix":1},"s":{"a":0,"k":[100,100],"ix":3},"r":{"a":0,"k":0,"ix":6},"o":{"a":0,"k":100,"ix":7},"sk":{"a":0,"k":0,"ix":4},"sa":{"a":0,"k":0,"ix":5},"nm":"变换"}],"nm":"リ","np":5,"cix":2,"bm":0,"ix":7,"mn":"ADBE Vector Group","hd":false},{"ty":"gr","it":[{"ind":0,"ty":"sh","ix":1,"ks":{"a":0,"k":{"i":[[0,0],[0,0],[0,0],[0,0]],"o":[[0,0],[0,0],[0,0],[0,0]],"v":[[85.221,-23.235],[85.221,-20.142],[105.813,-20.142],[105.813,-23.235]],"c":true},"ix":2},"nm":"テ","mn":"ADBE Vector Shape - Group","hd":false},{"ind":1,"ty":"sh","ix":2,"ks":{"a":0,"k":{"i":[[0,0],[0,0],[0,0],[1.128,-1.772],[3.126,-1.676],[0,0],[-1.45,2.481],[-0.193,3.287],[0,0],[0,0]],"o":[[0,0],[0,0],[-0.193,2.836],[-1.225,1.901],[0,0],[3.642,-1.998],[1.16,-2.062],[0,0],[0,0],[0,0]],"v":[[82.385,-15.63],[82.385,-12.568],[94.566,-12.568],[92.568,-5.672],[86.026,-0.322],[88.218,2.159],[95.855,-4.576],[97.918,-12.568],[109.455,-12.568],[109.455,-15.63]],"c":true},"ix":2},"nm":"テ","mn":"ADBE Vector Shape - Group","hd":false},{"ty":"mm","mm":1,"nm":"合并路径 1","mn":"ADBE Vector Filter - Merge","hd":false},{"ty":"fl","c":{"a":0,"k":[1,1,1,1],"ix":4},"o":{"a":0,"k":100,"ix":5},"r":1,"bm":0,"nm":"填充 1","mn":"ADBE Vector Graphic - Fill","hd":false},{"ty":"st","c":{"a":0,"k":[0.098040008545,0.098040008545,0.098040008545,1],"ix":3},"o":{"a":0,"k":100,"ix":4},"w":{"a":0,"k":0.01,"ix":5},"lc":1,"lj":1,"ml":4,"bm":0,"nm":"描边 1","mn":"ADBE Vector Graphic - Stroke","hd":false},{"ty":"tr","p":{"a":0,"k":[0,0],"ix":2},"a":{"a":0,"k":[0,0],"ix":1},"s":{"a":0,"k":[100,100],"ix":3},"r":{"a":0,"k":0,"ix":6},"o":{"a":0,"k":100,"ix":7},"sk":{"a":0,"k":0,"ix":4},"sa":{"a":0,"k":0,"ix":5},"nm":"变换"}],"nm":"テ","np":5,"cix":2,"bm":0,"ix":8,"mn":"ADBE Vector Group","hd":false},{"ty":"gr","it":[{"ind":0,"ty":"sh","ix":1,"ks":{"a":0,"k":{"i":[[0,0],[3.158,-2.03],[3.158,-1.289],[0,0],[-2.514,1.482],[0,0],[0,0],[0,0],[-2.062,2.03]],"o":[[-2.062,2.095],[-3.158,2.062],[0,0],[2.804,-1.16],[0,0],[0,0],[0,0],[2.481,-1.772],[0,0]],"v":[[134.172,-19.239],[126.373,-13.052],[116.866,-8.024],[118.639,-5.253],[126.631,-9.217],[126.631,1.192],[129.821,1.192],[129.821,-11.279],[136.621,-16.983]],"c":true},"ix":2},"nm":"ィ","mn":"ADBE Vector Shape - Group","hd":false},{"ty":"fl","c":{"a":0,"k":[1,1,1,1],"ix":4},"o":{"a":0,"k":100,"ix":5},"r":1,"bm":0,"nm":"填充 1","mn":"ADBE Vector Graphic - Fill","hd":false},{"ty":"st","c":{"a":0,"k":[0.098040008545,0.098040008545,0.098040008545,1],"ix":3},"o":{"a":0,"k":100,"ix":4},"w":{"a":0,"k":0.01,"ix":5},"lc":1,"lj":1,"ml":4,"bm":0,"nm":"描边 1","mn":"ADBE Vector Graphic - Stroke","hd":false},{"ty":"tr","p":{"a":0,"k":[0,0],"ix":2},"a":{"a":0,"k":[0,0],"ix":1},"s":{"a":0,"k":[100,100],"ix":3},"r":{"a":0,"k":0,"ix":6},"o":{"a":0,"k":100,"ix":7},"sk":{"a":0,"k":0,"ix":4},"sa":{"a":0,"k":0,"ix":5},"nm":"变换"}],"nm":"ィ","np":3,"cix":2,"bm":0,"ix":9,"mn":"ADBE Vector Group","hd":false}],"ip":16,"op":676,"st":-74,"bm":0},{"ddd":0,"ind":7,"ty":4,"nm":"“自信がない”轮廓","parent":77,"sr":1,"ks":{"o":{"a":1,"k":[{"i":{"x":[0.833],"y":[0.833]},"o":{"x":[0.167],"y":[0.167]},"t":24,"s":[0]},{"i":{"x":[0.833],"y":[0.833]},"o":{"x":[0.167],"y":[0.167]},"t":38,"s":[100]},{"i":{"x":[0.833],"y":[0.833]},"o":{"x":[0.167],"y":[0.167]},"t":165,"s":[100]},{"t":195,"s":[0]}],"ix":11},"r":{"a":0,"k":0,"ix":10},"p":{"a":0,"k":[125.5,60,0],"ix":2},"a":{"a":0,"k":[0.055,-13.142,0],"ix":1},"s":{"a":0,"k":[100,100,100],"ix":6}},"ao":0,"shapes":[{"ty":"gr","it":[{"ind":0,"ty":"sh","ix":1,"ks":{"a":0,"k":{"i":[[0,0],[0,0],[-0.363,1.305],[0,0],[0.725,-1.341],[0,0],[0,0],[0,0],[0,0],[0,0],[0,0],[0,0]],"o":[[0,0],[0.653,-1.16],[0,0],[-0.363,1.45],[0,0],[0,0],[0,0],[0,0],[0,0],[0,0],[0,0],[0,0]],"v":[[-59.401,-25.668],[-72.888,-25.668],[-71.329,-29.33],[-74.845,-29.838],[-76.513,-25.668],[-84.344,-25.668],[-84.344,3.698],[-80.864,3.698],[-80.864,1.668],[-62.881,1.668],[-62.881,3.698],[-59.401,3.698]],"c":true},"ix":2},"nm":"自","mn":"ADBE Vector Shape - Group","hd":false},{"ind":1,"ty":"sh","ix":2,"ks":{"a":0,"k":{"i":[[0,0],[0,0],[0,0],[0,0]],"o":[[0,0],[0,0],[0,0],[0,0]],"v":[[-80.864,-1.595],[-80.864,-6.671],[-62.881,-6.671],[-62.881,-1.595]],"c":true},"ix":2},"nm":"自","mn":"ADBE Vector Shape - Group","hd":false},{"ind":2,"ty":"sh","ix":3,"ks":{"a":0,"k":{"i":[[0,0],[0,0],[0,0],[0,0]],"o":[[0,0],[0,0],[0,0],[0,0]],"v":[[-80.864,-9.861],[-80.864,-14.611],[-62.881,-14.611],[-62.881,-9.861]],"c":true},"ix":2},"nm":"自","mn":"ADBE Vector Shape - Group","hd":false},{"ind":3,"ty":"sh","ix":4,"ks":{"a":0,"k":{"i":[[0,0],[0,0],[0,0],[0,0]],"o":[[0,0],[0,0],[0,0],[0,0]],"v":[[-80.864,-17.801],[-80.864,-22.369],[-62.881,-22.369],[-62.881,-17.801]],"c":true},"ix":2},"nm":"自","mn":"ADBE Vector Shape - Group","hd":false},{"ty":"mm","mm":1,"nm":"合并路径 1","mn":"ADBE Vector Filter - Merge","hd":false},{"ty":"fl","c":{"a":0,"k":[1,1,1,1],"ix":4},"o":{"a":0,"k":100,"ix":5},"r":1,"bm":0,"nm":"填充 1","mn":"ADBE Vector Graphic - Fill","hd":false},{"ty":"st","c":{"a":0,"k":[0.098040008545,0.098040008545,0.098040008545,1],"ix":3},"o":{"a":0,"k":100,"ix":4},"w":{"a":0,"k":0.01,"ix":5},"lc":1,"lj":1,"ml":4,"bm":0,"nm":"描边 1","mn":"ADBE Vector Graphic - Stroke","hd":false},{"ty":"tr","p":{"a":0,"k":[0,0],"ix":2},"a":{"a":0,"k":[0,0],"ix":1},"s":{"a":0,"k":[100,100],"ix":3},"r":{"a":0,"k":0,"ix":6},"o":{"a":0,"k":100,"ix":7},"sk":{"a":0,"k":0,"ix":4},"sa":{"a":0,"k":0,"ix":5},"nm":"变换"}],"nm":"自","np":7,"cix":2,"bm":0,"ix":1,"mn":"ADBE Vector Group","hd":false},{"ty":"gr","it":[{"ind":0,"ty":"sh","ix":1,"ks":{"a":0,"k":{"i":[[-0.943,1.233],[0,0],[0,0],[0,0],[-0.834,2.683],[0,0],[3.335,-4.206],[0,0]],"o":[[0,0],[0,0],[0,0],[1.305,-2.502],[0,0],[-1.631,5.583],[0,0],[1.088,-1.233]],"v":[[-48.816,-15.372],[-48.816,3.807],[-45.444,3.807],[-45.444,-20.774],[-42.253,-28.569],[-45.48,-30.092],[-52.949,-15.372],[-51.825,-11.674]],"c":true},"ix":2},"nm":"信","mn":"ADBE Vector Shape - Group","hd":false},{"ind":1,"ty":"sh","ix":2,"ks":{"a":0,"k":{"i":[[0,0],[0,0],[0,0],[0,0],[0,0],[0.761,1.631],[0,0],[-0.471,-1.233]],"o":[[0,0],[0,0],[0,0],[0,0],[-0.399,-1.378],[0,0],[0.616,1.16],[0,0]],"v":[[-42.906,-25.342],[-42.906,-22.115],[-19.087,-22.115],[-19.087,-25.342],[-28.875,-25.342],[-30.616,-29.838],[-33.915,-28.931],[-32.283,-25.342]],"c":true},"ix":2},"nm":"信","mn":"ADBE Vector Shape - Group","hd":false},{"ind":2,"ty":"sh","ix":3,"ks":{"a":0,"k":{"i":[[0,0],[0,0],[0,0],[0,0]],"o":[[0,0],[0,0],[0,0],[0,0]],"v":[[-39.607,-19.904],[-39.607,-16.822],[-22.168,-16.822],[-22.168,-19.904]],"c":true},"ix":2},"nm":"信","mn":"ADBE Vector Shape - Group","hd":false},{"ind":3,"ty":"sh","ix":4,"ks":{"a":0,"k":{"i":[[0,0],[0,0],[0,0],[0,0]],"o":[[0,0],[0,0],[0,0],[0,0]],"v":[[-39.607,-14.792],[-39.607,-11.674],[-22.168,-11.674],[-22.168,-14.792]],"c":true},"ix":2},"nm":"信","mn":"ADBE Vector Shape - Group","hd":false},{"ind":4,"ty":"sh","ix":5,"ks":{"a":0,"k":{"i":[[0,0],[0,0],[0,0],[0,0],[0,0],[0,0],[0,0],[0,0]],"o":[[0,0],[0,0],[0,0],[0,0],[0,0],[0,0],[0,0],[0,0]],"v":[[-21.407,-9.39],[-40.404,-9.39],[-40.404,3.734],[-37.069,3.734],[-37.069,1.849],[-24.742,1.849],[-24.742,3.734],[-21.407,3.734]],"c":true},"ix":2},"nm":"信","mn":"ADBE Vector Shape - Group","hd":false},{"ind":5,"ty":"sh","ix":6,"ks":{"a":0,"k":{"i":[[0,0],[0,0],[0,0],[0,0]],"o":[[0,0],[0,0],[0,0],[0,0]],"v":[[-37.069,-1.378],[-37.069,-6.2],[-24.742,-6.2],[-24.742,-1.378]],"c":true},"ix":2},"nm":"信","mn":"ADBE Vector Shape - Group","hd":false},{"ty":"mm","mm":1,"nm":"合并路径 1","mn":"ADBE Vector Filter - Merge","hd":false},{"ty":"fl","c":{"a":0,"k":[1,1,1,1],"ix":4},"o":{"a":0,"k":100,"ix":5},"r":1,"bm":0,"nm":"填充 1","mn":"ADBE Vector Graphic - Fill","hd":false},{"ty":"st","c":{"a":0,"k":[0.098040008545,0.098040008545,0.098040008545,1],"ix":3},"o":{"a":0,"k":100,"ix":4},"w":{"a":0,"k":0.01,"ix":5},"lc":1,"lj":1,"ml":4,"bm":0,"nm":"描边 1","mn":"ADBE Vector Graphic - Stroke","hd":false},{"ty":"tr","p":{"a":0,"k":[0,0],"ix":2},"a":{"a":0,"k":[0,0],"ix":1},"s":{"a":0,"k":[100,100],"ix":3},"r":{"a":0,"k":0,"ix":6},"o":{"a":0,"k":100,"ix":7},"sk":{"a":0,"k":0,"ix":4},"sa":{"a":0,"k":0,"ix":5},"nm":"变换"}],"nm":"信","np":9,"cix":2,"bm":0,"ix":2,"mn":"ADBE Vector Group","hd":false},{"ty":"gr","it":[{"ind":0,"ty":"sh","ix":1,"ks":{"a":0,"k":{"i":[[1.668,1.559],[0,0],[-1.088,-1.813],[0,0]],"o":[[0,0],[1.486,1.45],[0,0],[-0.979,-1.668]],"v":[[14.158,-30.889],[12.309,-29.439],[16.152,-24.545],[18.146,-26.031]],"c":true},"ix":2},"nm":"が","mn":"ADBE Vector Shape - Group","hd":false},{"ind":1,"ty":"sh","ix":2,"ks":{"a":0,"k":{"i":[[1.595,1.486],[0,0],[-1.015,-1.813],[0,0]],"o":[[0,0],[1.523,1.45],[0,0],[-1.015,-1.813]],"v":[[10.279,-29.004],[8.43,-27.554],[12.273,-22.659],[14.231,-24.073]],"c":true},"ix":2},"nm":"が","mn":"ADBE Vector Shape - Group","hd":false},{"ind":2,"ty":"sh","ix":3,"ks":{"a":0,"k":{"i":[[0,0],[0.653,-2.465],[3.118,-0.508],[0,0],[-2.067,0.218],[3.045,-5.293],[0,0],[-2.139,7.541],[-0.689,0],[0,-3.916],[0.363,-1.631],[1.704,0],[2.103,0.761],[0,0],[-1.74,0],[-1.233,3.335],[0,3.698],[1.378,1.595],[2.61,0],[0,0],[-0.471,2.284]],"o":[[-0.508,2.61],[-2.61,0.218],[0,0],[2.61,-0.435],[-2.03,6.78],[0,0],[3.335,-5.801],[0.798,-0.073],[3.082,0],[0,2.465],[-0.616,2.864],[-1.559,0],[0,0],[2.32,0.761],[3.045,0],[0.798,-2.248],[0,-2.9],[-1.45,-1.595],[0,0],[0.544,-2.175],[0,0]],"v":[[-4.586,-28.678],[-6.326,-21.1],[-14.882,-20.013],[-14.338,-16.677],[-7.305,-17.62],[-14.882,0.471],[-11.547,2.067],[-3.353,-17.946],[-1.141,-18.019],[3.499,-12.182],[2.955,-6.018],[-0.525,-1.704],[-6,-2.864],[-6.543,0.58],[-0.453,1.74],[5.928,-3.263],[7.161,-12.182],[5.058,-18.925],[-1.033,-21.318],[-2.447,-21.318],[-0.924,-27.989]],"c":true},"ix":2},"nm":"が","mn":"ADBE Vector Shape - Group","hd":false},{"ind":3,"ty":"sh","ix":4,"ks":{"a":0,"k":{"i":[[3.771,3.771],[0,0],[-1.196,-2.574],[-0.725,-3.227],[0,0]],"o":[[0,0],[1.922,1.958],[0.943,2.103],[0,0],[-1.45,-6.743]],"v":[[9.844,-24.037],[7.052,-21.898],[11.729,-15.082],[14.231,-7.07],[17.675,-8.23]],"c":true},"ix":2},"nm":"が","mn":"ADBE Vector Shape - Group","hd":false},{"ty":"mm","mm":1,"nm":"合并路径 1","mn":"ADBE Vector Filter - Merge","hd":false},{"ty":"fl","c":{"a":0,"k":[1,1,1,1],"ix":4},"o":{"a":0,"k":100,"ix":5},"r":1,"bm":0,"nm":"填充 1","mn":"ADBE Vector Graphic - Fill","hd":false},{"ty":"st","c":{"a":0,"k":[0.098040008545,0.098040008545,0.098040008545,1],"ix":3},"o":{"a":0,"k":100,"ix":4},"w":{"a":0,"k":0.01,"ix":5},"lc":1,"lj":1,"ml":4,"bm":0,"nm":"描边 1","mn":"ADBE Vector Graphic - Stroke","hd":false},{"ty":"tr","p":{"a":0,"k":[0,0],"ix":2},"a":{"a":0,"k":[0,0],"ix":1},"s":{"a":0,"k":[100,100],"ix":3},"r":{"a":0,"k":0,"ix":6},"o":{"a":0,"k":100,"ix":7},"sk":{"a":0,"k":0,"ix":4},"sa":{"a":0,"k":0,"ix":5},"nm":"变换"}],"nm":"が","np":7,"cix":2,"bm":0,"ix":3,"mn":"ADBE Vector Group","hd":false},{"ty":"gr","it":[{"ind":0,"ty":"sh","ix":1,"ks":{"a":0,"k":{"i":[[1.885,0.616],[0,0],[-1.631,-0.943],[-1.45,-1.269],[0,0],[1.74,1.015]],"o":[[0,0],[1.704,0.544],[1.668,0.943],[0,0],[-1.595,-1.414],[-1.813,-1.051]],"v":[[41.421,-25.922],[40.007,-22.768],[45.01,-20.557],[49.687,-17.221],[52.007,-19.759],[47.004,-23.421]],"c":true},"ix":2},"nm":"な","mn":"ADBE Vector Shape - Group","hd":false},{"ind":1,"ty":"sh","ix":2,"ks":{"a":0,"k":{"i":[[0,0],[2.103,-0.109],[-0.363,1.631],[0,0],[0.508,-1.849],[2.393,0],[0,0],[-1.958,0.036],[0.435,-1.16],[2.284,-3.19],[0,0],[-1.74,4.387],[-0.58,1.74],[0,0]],"o":[[-1.958,0.145],[0.399,-1.559],[0,0],[-0.399,1.958],[-2.212,0.073],[0,0],[2.03,0],[-0.399,1.233],[-1.668,4.423],[0,0],[2.357,-3.589],[0.616,-1.668],[0,0],[0,0]],"v":[[37.904,-24.037],[31.813,-23.674],[32.937,-28.46],[29.384,-29.258],[28.043,-23.529],[21.118,-23.421],[21.118,-20.121],[27.064,-20.194],[25.831,-16.605],[19.922,-5.148],[23.003,-3.19],[29.13,-15.155],[30.907,-20.303],[38.121,-20.738]],"c":true},"ix":2},"nm":"な","mn":"ADBE Vector Shape - Group","hd":false},{"ind":2,"ty":"sh","ix":3,"ks":{"a":0,"k":{"i":[[0.181,4.387],[0,0],[-0.073,-2.212],[1.378,0],[1.341,-0.943],[0,-1.958],[-1.74,-1.051],[-2.175,0],[-1.269,1.124],[-0.218,2.03],[-2.103,-1.74],[0,0],[2.574,1.124]],"o":[[0,0],[0.145,3.517],[-1.45,-0.363],[-2.103,0],[-1.595,1.088],[0,1.958],[1.414,0.87],[2.32,0],[1.16,-1.015],[1.668,0.943],[0,0],[-2.719,-2.248],[-0.073,-2.284]],"v":[[44.357,-18.019],[40.768,-17.874],[41.094,-9.281],[36.889,-9.825],[31.741,-8.411],[29.348,-3.879],[31.922,0.653],[37.288,1.958],[42.69,0.254],[44.72,-4.314],[50.412,-0.29],[52.696,-2.937],[44.756,-8.012]],"c":true},"ix":2},"nm":"な","mn":"ADBE Vector Shape - Group","hd":false},{"ind":3,"ty":"sh","ix":4,"ks":{"a":0,"k":{"i":[[-1.45,-0.508],[0,0],[0.616,-0.761],[1.269,0],[0.761,0.363],[0,0.87],[-0.725,0.508],[-1.16,0]],"o":[[0,0],[0,1.45],[-0.689,0.798],[-1.124,0],[-1.015,-0.471],[0,-0.761],[0.725,-0.544],[1.378,0]],"v":[[41.167,-5.873],[41.167,-5.765],[40.224,-2.465],[37.288,-1.269],[34.46,-1.849],[32.973,-3.879],[34.025,-5.801],[36.889,-6.598]],"c":true},"ix":2},"nm":"な","mn":"ADBE Vector Shape - Group","hd":false},{"ty":"mm","mm":1,"nm":"合并路径 1","mn":"ADBE Vector Filter - Merge","hd":false},{"ty":"fl","c":{"a":0,"k":[1,1,1,1],"ix":4},"o":{"a":0,"k":100,"ix":5},"r":1,"bm":0,"nm":"填充 1","mn":"ADBE Vector Graphic - Fill","hd":false},{"ty":"st","c":{"a":0,"k":[0.098040008545,0.098040008545,0.098040008545,1],"ix":3},"o":{"a":0,"k":100,"ix":4},"w":{"a":0,"k":0.01,"ix":5},"lc":1,"lj":1,"ml":4,"bm":0,"nm":"描边 1","mn":"ADBE Vector Graphic - Stroke","hd":false},{"ty":"tr","p":{"a":0,"k":[0,0],"ix":2},"a":{"a":0,"k":[0,0],"ix":1},"s":{"a":0,"k":[100,100],"ix":3},"r":{"a":0,"k":0,"ix":6},"o":{"a":0,"k":100,"ix":7},"sk":{"a":0,"k":0,"ix":4},"sa":{"a":0,"k":0,"ix":5},"nm":"变换"}],"nm":"な","np":7,"cix":2,"bm":0,"ix":4,"mn":"ADBE Vector Group","hd":false},{"ty":"gr","it":[{"ind":0,"ty":"sh","ix":1,"ks":{"a":0,"k":{"i":[[4.206,4.894],[0,0],[-0.435,-7.831],[0,0]],"o":[[0,0],[3.698,4.314],[0,0],[-0.435,-8.629]],"v":[[81.771,-24.798],[78.835,-22.587],[84.998,-4.351],[88.732,-4.496]],"c":true},"ix":2},"nm":"い","mn":"ADBE Vector Shape - Group","hd":false},{"ind":1,"ty":"sh","ix":2,"ks":{"a":0,"k":{"i":[[0,0],[0,-3.263],[-1.523,-2.792],[-2.755,0],[-1.16,1.631],[-0.725,3.154],[0,0],[0.399,-1.051],[0.906,0],[0.906,1.885],[0,3.843],[-0.508,3.154]],"o":[[-0.508,3.517],[0,4.786],[1.523,2.792],[1.704,0],[1.088,-1.523],[0,0],[-0.29,1.523],[-0.689,1.885],[-1.233,0],[-1.088,-2.212],[0,-3.299],[0,0]],"v":[[58.024,-24.871],[57.263,-14.719],[59.547,-3.372],[65.964,0.834],[70.242,-1.631],[72.961,-8.629],[69.3,-9.535],[68.248,-5.656],[65.855,-2.828],[62.665,-5.656],[61.033,-14.719],[61.759,-24.4]],"c":true},"ix":2},"nm":"い","mn":"ADBE Vector Shape - Group","hd":false},{"ty":"mm","mm":1,"nm":"合并路径 1","mn":"ADBE Vector Filter - Merge","hd":false},{"ty":"fl","c":{"a":0,"k":[1,1,1,1],"ix":4},"o":{"a":0,"k":100,"ix":5},"r":1,"bm":0,"nm":"填充 1","mn":"ADBE Vector Graphic - Fill","hd":false},{"ty":"st","c":{"a":0,"k":[0.098040008545,0.098040008545,0.098040008545,1],"ix":3},"o":{"a":0,"k":100,"ix":4},"w":{"a":0,"k":0.01,"ix":5},"lc":1,"lj":1,"ml":4,"bm":0,"nm":"描边 1","mn":"ADBE Vector Graphic - Stroke","hd":false},{"ty":"tr","p":{"a":0,"k":[0,0],"ix":2},"a":{"a":0,"k":[0,0],"ix":1},"s":{"a":0,"k":[100,100],"ix":3},"r":{"a":0,"k":0,"ix":6},"o":{"a":0,"k":100,"ix":7},"sk":{"a":0,"k":0,"ix":4},"sa":{"a":0,"k":0,"ix":5},"nm":"变换"}],"nm":"い","np":5,"cix":2,"bm":0,"ix":5,"mn":"ADBE Vector Group","hd":false}],"ip":8,"op":668,"st":-82,"bm":0},{"ddd":0,"ind":73,"ty":2,"nm":"per_0","parent":80,"refId":"image_0","sr":1,"ks":{"o":{"a":1,"k":[{"i":{"x":[0.833],"y":[0.833]},"o":{"x":[0.167],"y":[0.167]},"t":55,"s":[0]},{"i":{"x":[0.833],"y":[0.833]},"o":{"x":[0.167],"y":[0.167]},"t":70,"s":[100]},{"i":{"x":[0.833],"y":[0.833]},"o":{"x":[0.167],"y":[0.167]},"t":165,"s":[100]},{"t":195,"s":[0]}],"ix":11},"r":{"a":0,"k":0,"ix":10},"p":{"a":1,"k":[{"i":{"x":0.7,"y":1},"o":{"x":0.3,"y":0},"t":40,"s":[20,13.79,0],"to":[-173.333,-77.573,0],"ti":[55.333,104.573,0]},{"t":70,"s":[-366,-281.647,0]}],"ix":2},"a":{"a":0,"k":[117.234,55.5,0],"ix":1},"s":{"a":0,"k":[100,100,100],"ix":6}},"ao":0,"ip":40,"op":760,"st":10,"bm":0},{"ddd":0,"ind":74,"ty":2,"nm":"per_1","parent":79,"refId":"image_1","sr":1,"ks":{"o":{"a":1,"k":[{"i":{"x":[0.833],"y":[0.833]},"o":{"x":[0.167],"y":[0.167]},"t":47,"s":[0]},{"i":{"x":[0.833],"y":[0.833]},"o":{"x":[0.167],"y":[0.167]},"t":62,"s":[100]},{"i":{"x":[0.833],"y":[0.833]},"o":{"x":[0.167],"y":[0.167]},"t":165,"s":[100]},{"t":195,"s":[0]}],"ix":11},"r":{"a":0,"k":0,"ix":10},"p":{"a":1,"k":[{"i":{"x":0.7,"y":1},"o":{"x":0.3,"y":0},"t":32,"s":[20,17.438,0],"to":[-161.333,20.427,0],"ti":[151.333,34.573,0]},{"t":62,"s":[-424,-10,0]}],"ix":2},"a":{"a":0,"k":[117.234,55.5,0],"ix":1},"s":{"a":0,"k":[100,100,100],"ix":6}},"ao":0,"ip":32,"op":752,"st":2,"bm":0},{"ddd":0,"ind":75,"ty":2,"nm":"per_2","parent":81,"refId":"image_2","sr":1,"ks":{"o":{"a":1,"k":[{"i":{"x":[0.833],"y":[0.833]},"o":{"x":[0.167],"y":[0.167]},"t":39,"s":[0]},{"i":{"x":[0.833],"y":[0.833]},"o":{"x":[0.167],"y":[0.167]},"t":54,"s":[100]},{"i":{"x":[0.833],"y":[0.833]},"o":{"x":[0.167],"y":[0.167]},"t":165,"s":[100]},{"t":195,"s":[0]}],"ix":11},"r":{"a":0,"k":0,"ix":10},"p":{"a":1,"k":[{"i":{"x":0.7,"y":1},"o":{"x":0.3,"y":0},"t":24,"s":[20,18.795,0],"to":[-81.333,142.427,0],"ti":[109.333,-33.427,0]},{"t":54,"s":[-288,279.357,0]}],"ix":2},"a":{"a":0,"k":[117.234,55.5,0],"ix":1},"s":{"a":0,"k":[100,100,100],"ix":6}},"ao":0,"ip":24,"op":774,"st":24,"bm":0},{"ddd":0,"ind":76,"ty":2,"nm":"per_3","parent":79,"refId":"image_3","sr":1,"ks":{"o":{"a":1,"k":[{"i":{"x":[0.833],"y":[0.833]},"o":{"x":[0.167],"y":[0.167]},"t":31,"s":[0]},{"i":{"x":[0.833],"y":[0.833]},"o":{"x":[0.167],"y":[0.167]},"t":46,"s":[100]},{"i":{"x":[0.833],"y":[0.833]},"o":{"x":[0.167],"y":[0.167]},"t":165,"s":[100]},{"t":195,"s":[0]}],"ix":11},"r":{"a":0,"k":0,"ix":10},"p":{"a":1,"k":[{"i":{"x":0.7,"y":1},"o":{"x":0.3,"y":0},"t":16,"s":[20,14.039,0],"to":[221.667,34.427,0],"ti":[-31.667,-121.427,0]},{"t":46,"s":[310.266,277.602,0]}],"ix":2},"a":{"a":0,"k":[161.5,58.5,0],"ix":1},"s":{"a":0,"k":[100,100,100],"ix":6}},"ao":0,"ip":16,"op":766,"st":16,"bm":0},{"ddd":0,"ind":77,"ty":2,"nm":"per_4","parent":80,"refId":"image_4","sr":1,"ks":{"o":{"a":1,"k":[{"i":{"x":[0.833],"y":[0.833]},"o":{"x":[0.167],"y":[0.167]},"t":24,"s":[0]},{"i":{"x":[0.833],"y":[0.833]},"o":{"x":[0.167],"y":[0.167]},"t":38,"s":[100]},{"i":{"x":[0.833],"y":[0.833]},"o":{"x":[0.167],"y":[0.167]},"t":165,"s":[100]},{"t":195,"s":[0]}],"ix":11},"r":{"a":0,"k":0,"ix":10},"p":{"a":1,"k":[{"i":{"x":0.5,"y":1},"o":{"x":0.3,"y":0},"t":8,"s":[20,13.79,0],"to":[114.667,-89.573,0],"ti":[-138.667,8.573,0]},{"t":38,"s":[396,-103.647,0]}],"ix":2},"a":{"a":0,"k":[117.234,55.5,0],"ix":1},"s":{"a":0,"k":[100,100,100],"ix":6}},"ao":0,"ip":8,"op":728,"st":-22,"bm":0},{"ddd":0,"ind":78,"ty":2,"nm":"per_5","parent":79,"refId":"image_5","sr":1,"ks":{"o":{"a":1,"k":[{"i":{"x":[0.833],"y":[0.833]},"o":{"x":[0.167],"y":[0.167]},"t":15,"s":[0]},{"i":{"x":[0.833],"y":[0.833]},"o":{"x":[0.167],"y":[0.167]},"t":30,"s":[100]},{"i":{"x":[0.833],"y":[0.833]},"o":{"x":[0.167],"y":[0.167]},"t":165,"s":[100]},{"t":195,"s":[0]}],"ix":11},"r":{"a":0,"k":0,"ix":10},"p":{"a":1,"k":[{"i":{"x":0.5,"y":1},"o":{"x":0.3,"y":0},"t":0,"s":[20,29.214,0],"to":[28.667,-185.573,0],"ti":[-150.667,16.573,0]},{"t":30,"s":[340,-316.223,0]}],"ix":2},"a":{"a":0,"k":[73,37,0],"ix":1},"s":{"a":0,"k":[100,100,100],"ix":6}},"ao":0,"ip":0,"op":720,"st":-30,"bm":0},{"ddd":0,"ind":79,"ty":3,"nm":"先下后上(小幅度)","sr":1.3,"ks":{"o":{"a":0,"k":1,"ix":11},"r":{"a":0,"k":0,"ix":10},"p":{"a":1,"k":[{"i":{"x":0.75,"y":1},"o":{"x":0.271,"y":0},"t":44,"s":[562.5,550,0],"to":[0,-0.727,0],"ti":[0,1.897,0]},{"i":{"x":0.757,"y":1},"o":{"x":0.25,"y":0},"t":90,"s":[562.5,565,0],"to":[0,-6.803,0],"ti":[0,-2.607,0]},{"i":{"x":0.75,"y":1},"o":{"x":0.25,"y":0},"t":161,"s":[562.5,535,0],"to":[0,3.333,0],"ti":[0,0,0]},{"i":{"x":0.75,"y":1},"o":{"x":0.25,"y":0},"t":239,"s":[562.5,565,0],"to":[0,0,0],"ti":[0,2.5,0]},{"i":{"x":0.75,"y":1},"o":{"x":0.25,"y":0},"t":317,"s":[562.5,535,0],"to":[0,-2.5,0],"ti":[0,-2.5,0]},{"t":356,"s":[562.5,550,0]}],"ix":2},"a":{"a":0,"k":[0,0,0],"ix":1},"s":{"a":0,"k":[100,100,100],"ix":6}},"ao":0,"ip":44,"op":902,"st":-73,"bm":0},{"ddd":0,"ind":80,"ty":3,"nm":"先上后下 2","sr":1.3,"ks":{"o":{"a":0,"k":1,"ix":11},"r":{"a":0,"k":0,"ix":10},"p":{"a":1,"k":[{"i":{"x":0.75,"y":1},"o":{"x":0.25,"y":0},"t":59,"s":[562.5,550,0],"to":[0,-3.333,0],"ti":[0,-3.333,0]},{"i":{"x":0.75,"y":1},"o":{"x":0.25,"y":0},"t":98,"s":[562.5,530,0],"to":[0,3.333,0],"ti":[0,0,0]},{"i":{"x":0.75,"y":1},"o":{"x":0.25,"y":0},"t":176,"s":[562.5,570,0],"to":[0,0,0],"ti":[0,0,0]},{"i":{"x":0.75,"y":1},"o":{"x":0.25,"y":0},"t":254,"s":[562.5,530,0],"to":[0,0,0],"ti":[0,-3.333,0]},{"i":{"x":0.75,"y":1},"o":{"x":0.25,"y":0},"t":332,"s":[562.5,570,0],"to":[0,3.333,0],"ti":[0,3.333,0]},{"t":371,"s":[562.5,550,0]}],"ix":2},"a":{"a":0,"k":[0,0,0],"ix":1},"s":{"a":0,"k":[100,100,100],"ix":6}},"ao":0,"ip":59,"op":917,"st":-58,"bm":0},{"ddd":0,"ind":81,"ty":3,"nm":"先上后下","sr":1.3,"ks":{"o":{"a":0,"k":1,"ix":11},"r":{"a":0,"k":0,"ix":10},"p":{"a":1,"k":[{"i":{"x":0.75,"y":1},"o":{"x":0.25,"y":0},"t":47,"s":[562.5,550,0],"to":[0,-1.667,0],"ti":[0,-1.667,0]},{"i":{"x":0.661,"y":0.945},"o":{"x":0.25,"y":0},"t":86,"s":[562.5,540,0],"to":[0,1.667,0],"ti":[0,0,0]},{"i":{"x":0.751,"y":1},"o":{"x":0.257,"y":0.041},"t":165,"s":[562.5,560,0],"to":[0,0,0],"ti":[0,0,0]},{"i":{"x":0.75,"y":1},"o":{"x":0.25,"y":0},"t":242,"s":[562.5,540,0],"to":[0,0,0],"ti":[0,-1.667,0]},{"i":{"x":0.75,"y":1},"o":{"x":0.25,"y":0},"t":320,"s":[562.5,565,0],"to":[0,1.667,0],"ti":[0,2.5,0]},{"t":359,"s":[562.5,550,0]}],"ix":2},"a":{"a":0,"k":[0,0,0],"ix":1},"s":{"a":0,"k":[100,100,100],"ix":6}},"ao":0,"ip":47,"op":905,"st":-70,"bm":0}],"markers":[]}