{"v":"5.6.8","fr":30,"ip":0,"op":189,"w":1125,"h":1050,"nm":"订阅视频-变性-多语言","ddd":0,"assets":[],"layers":[{"ddd":0,"ind":24,"ty":4,"nm":"“性别转换”轮廓","sr":1,"ks":{"o":{"a":1,"k":[{"i":{"x":[0.833],"y":[0.833]},"o":{"x":[0.167],"y":[0.167]},"t":0,"s":[0]},{"i":{"x":[0.833],"y":[0.833]},"o":{"x":[0.167],"y":[0.167]},"t":20,"s":[100]},{"i":{"x":[0.833],"y":[0.833]},"o":{"x":[0.167],"y":[0.167]},"t":180,"s":[100]},{"t":189,"s":[0]}],"ix":11},"r":{"a":0,"k":0,"ix":10},"p":{"a":0,"k":[84,548,0],"ix":2},"a":{"a":0,"k":[0,0,0],"ix":1},"s":{"a":0,"k":[100,100,100],"ix":6}},"ao":0,"hasMask":true,"masksProperties":[{"inv":false,"mode":"a","pt":{"a":1,"k":[{"i":{"x":0.667,"y":1},"o":{"x":0.333,"y":0},"t":0,"s":[{"i":[[0,0],[0,0],[0,0],[0,0]],"o":[[0,0],[0,0],[0,0],[0,0]],"v":[[-32,-110],[-500,-110],[-500,52],[-32,52]],"c":true}]},{"i":{"x":0.667,"y":1},"o":{"x":0.333,"y":0},"t":20,"s":[{"i":[[0,0],[0,0],[0,0],[0,0]],"o":[[0,0],[0,0],[0,0],[0,0]],"v":[[398,-109],[-70,-109],[-70,51],[398,51]],"c":true}]},{"i":{"x":0.667,"y":1},"o":{"x":0.333,"y":0},"t":180,"s":[{"i":[[0,0],[0,0],[0,0],[0,0]],"o":[[0,0],[0,0],[0,0],[0,0]],"v":[[398,-109],[-70,-109],[-70,51],[398,51]],"c":true}]},{"t":189,"s":[{"i":[[0,0],[0,0],[0,0],[0,0]],"o":[[0,0],[0,0],[0,0],[0,0]],"v":[[838,-108],[370,-108],[370,50],[838,50]],"c":true}]}],"ix":1},"o":{"a":0,"k":100,"ix":3},"x":{"a":0,"k":0,"ix":4},"nm":"蒙版 1"}],"shapes":[{"ty":"gr","it":[{"ind":0,"ty":"sh","ix":1,"ks":{"a":0,"k":{"i":[[0,0],[1.611,-6.768],[0,0],[-0.161,8.057]],"o":[[-0.242,7.573],[0,0],[1.45,-7.251],[0,0]],"v":[[5.076,-50.273],[2.256,-28.762],[9.023,-26.829],[11.521,-49.79]],"c":true},"ix":2},"nm":"性","mn":"ADBE Vector Shape - Group","hd":false},{"ind":1,"ty":"sh","ix":2,"ks":{"a":0,"k":{"i":[[1.289,3.062],[0,0],[0,0],[0,0],[0,0],[0,0],[0,0],[-1.128,-4.753],[0,0],[0.483,-1.047],[0,0],[-1.45,5.479],[0,0],[0,0],[0,0],[0,0],[0,0],[0,0],[0,0],[0,0],[0,0],[0,0],[0,0],[0,0],[0,0],[0,0],[0,0],[0,0],[0,0],[0,0],[0,0],[0,0],[0,0],[0,0],[0,0],[-0.161,2.739],[0,0],[1.853,-5.801]],"o":[[0,0],[0,0],[0,0],[0,0],[0,0],[0,0],[1.531,4.27],[0,0],[-0.483,0.967],[0,0],[2.578,-4.673],[0,0],[0,0],[0,0],[0,0],[0,0],[0,0],[0,0],[0,0],[0,0],[0,0],[0,0],[0,0],[0,0],[0,0],[0,0],[0,0],[0,0],[0,0],[0,0],[0,0],[0,0],[0,0],[0,0],[0.322,-2.578],[0,0],[-0.322,6.445],[-1.047,-3.545]],"v":[[27.634,-52.288],[21.833,-50.435],[21.833,-65.984],[13.374,-65.984],[13.374,8.137],[21.833,8.137],[21.833,-49.629],[25.781,-36.094],[28.923,-36.899],[27.473,-33.918],[33.757,-28.359],[39.8,-43.586],[50.112,-43.586],[50.112,-26.426],[32.307,-26.426],[32.307,-18.208],[50.112,-18.208],[50.112,-1.853],[28.037,-1.853],[28.037,6.284],[77.424,6.284],[77.424,-1.853],[58.652,-1.853],[58.652,-18.208],[74.524,-18.208],[74.524,-26.426],[58.652,-26.426],[58.652,-43.586],[75.249,-43.586],[75.249,-51.724],[58.652,-51.724],[58.652,-65.823],[50.112,-65.823],[50.112,-51.724],[41.411,-51.724],[42.056,-59.619],[34.402,-60.667],[31.099,-42.378]],"c":true},"ix":2},"nm":"性","mn":"ADBE Vector Shape - Group","hd":false},{"ty":"mm","mm":1,"nm":"合并路径 1","mn":"ADBE Vector Filter - Merge","hd":false},{"ty":"fl","c":{"a":0,"k":[0.596079987171,0.596079987171,0.596079987171,1],"ix":4},"o":{"a":0,"k":100,"ix":5},"r":1,"bm":0,"nm":"填充 1","mn":"ADBE Vector Graphic - Fill","hd":false},{"ty":"tr","p":{"a":0,"k":[0,0],"ix":2},"a":{"a":0,"k":[0,0],"ix":1},"s":{"a":0,"k":[100,100],"ix":3},"r":{"a":0,"k":0,"ix":6},"o":{"a":0,"k":100,"ix":7},"sk":{"a":0,"k":0,"ix":4},"sa":{"a":0,"k":0,"ix":5},"nm":"变换"}],"nm":"性","np":5,"cix":2,"bm":0,"ix":1,"mn":"ADBE Vector Group","hd":false},{"ty":"gr","it":[{"ind":0,"ty":"sh","ix":1,"ks":{"a":0,"k":{"i":[[0,0],[0.161,-2.417],[0,0],[0,0],[0,0],[0.886,-2.014],[5.962,-4.109],[0,0],[-2.981,6.929],[-0.806,4.351],[0,0],[0.403,-1.45],[3.303,0],[2.417,0.161],[0,0],[-1.128,0],[-0.806,5.962],[0,14.421],[0,0],[-0.161,2.739],[0,0],[0,0],[0,0],[0,0]],"o":[[-0.161,2.659],[0,0],[0,0],[0,0],[-0.645,2.82],[-2.417,5.801],[0,0],[6.929,-5.156],[1.128,-2.9],[0,0],[-0.161,8.701],[-0.564,3.545],[-1.772,0],[0,0],[2.659,0.242],[7.332,0],[0.806,-3.384],[0,0],[0.242,-2.417],[0,0],[0,0],[0,0],[0,0],[0,0]],"v":[[99.255,-36.013],[98.691,-28.359],[84.431,-28.359],[84.431,-20.544],[97.483,-20.544],[95.227,-13.293],[82.578,1.531],[87.976,8.298],[102.8,-9.749],[105.781,-20.544],[115.691,-20.544],[114.885,-5.317],[109.084,0],[102.72,-0.322],[104.734,7.009],[110.454,7.412],[122.7,-1.611],[123.909,-28.359],[106.829,-28.359],[107.473,-36.013],[122.781,-36.013],[122.781,-63.647],[87.09,-63.647],[87.09,-36.013]],"c":true},"ix":2},"nm":"别","mn":"ADBE Vector Shape - Group","hd":false},{"ind":1,"ty":"sh","ix":2,"ks":{"a":0,"k":{"i":[[0,0],[0,0],[0,0],[0,0]],"o":[[0,0],[0,0],[0,0],[0,0]],"v":[[130.032,-59.055],[130.032,-9.507],[138.25,-9.507],[138.25,-59.055]],"c":true},"ix":2},"nm":"别","mn":"ADBE Vector Shape - Group","hd":false},{"ind":2,"ty":"sh","ix":3,"ks":{"a":0,"k":{"i":[[0,0],[0,6.123],[0,0],[0,0],[0,0],[2.175,0],[3.706,0.322],[0,0]],"o":[[5.801,0],[0,0],[0,0],[0,0],[0,2.578],[-3.303,0],[0,0],[0,0]],"v":[[146.226,7.654],[155.007,-1.611],[155.007,-65.903],[146.628,-65.903],[146.628,-3.787],[143.325,0.161],[132.771,-0.322],[134.624,7.654]],"c":true},"ix":2},"nm":"别","mn":"ADBE Vector Shape - Group","hd":false},{"ind":3,"ty":"sh","ix":4,"ks":{"a":0,"k":{"i":[[0,0],[0,0],[0,0],[0,0]],"o":[[0,0],[0,0],[0,0],[0,0]],"v":[[114.805,-43.586],[95.066,-43.586],[95.066,-56.074],[114.805,-56.074]],"c":true},"ix":2},"nm":"别","mn":"ADBE Vector Shape - Group","hd":false},{"ty":"mm","mm":1,"nm":"合并路径 1","mn":"ADBE Vector Filter - Merge","hd":false},{"ty":"fl","c":{"a":0,"k":[0.596079987171,0.596079987171,0.596079987171,1],"ix":4},"o":{"a":0,"k":100,"ix":5},"r":1,"bm":0,"nm":"填充 1","mn":"ADBE Vector Graphic - Fill","hd":false},{"ty":"tr","p":{"a":0,"k":[0,0],"ix":2},"a":{"a":0,"k":[0,0],"ix":1},"s":{"a":0,"k":[100,100],"ix":3},"r":{"a":0,"k":0,"ix":6},"o":{"a":0,"k":100,"ix":7},"sk":{"a":0,"k":0,"ix":4},"sa":{"a":0,"k":0,"ix":5},"nm":"变换"}],"nm":"别","np":7,"cix":2,"bm":0,"ix":2,"mn":"ADBE Vector Group","hd":false},{"ty":"gr","it":[{"ind":0,"ty":"sh","ix":1,"ks":{"a":0,"k":{"i":[[0,0],[0,0],[0,0],[-1.692,5.881],[0,0],[0,0],[0,0],[-0.645,2.9],[0,0],[0.645,-3.062],[0,0],[0,0],[0,0],[2.095,-4.189],[0,0],[0,0],[0,0],[5.398,-0.645],[0,0],[-4.512,0.806],[0,0],[0,0],[0,0],[-3.223,0.806],[0,0],[3.464,-0.645],[0,0],[0,0],[0,0],[0,0],[0,0]],"o":[[0,0],[0,0],[1.853,-4.592],[0,0],[0,0],[0,0],[0.645,-2.739],[0,0],[-0.645,3.384],[0,0],[0,0],[0,0],[-1.772,6.365],[0,0],[0,0],[0,0],[-4.834,0.806],[0,0],[4.915,-0.645],[0,0],[0,0],[0,0],[3.384,-0.725],[0,0],[-3.142,0.806],[0,0],[0,0],[0,0],[0,0],[0,0],[0,0]],"v":[[178.208,-43.667],[178.208,-32.71],[172.407,-32.71],[177.725,-48.42],[194.08,-48.42],[194.08,-56.477],[179.819,-56.477],[181.672,-64.937],[173.696,-66.145],[171.682,-56.477],[162.82,-56.477],[162.82,-48.42],[169.668,-48.42],[163.867,-32.549],[165.64,-25.137],[178.208,-25.137],[178.208,-15.308],[162.9,-13.213],[164.028,-4.995],[178.208,-7.09],[178.208,8.298],[186.345,8.298],[186.345,-8.701],[196.255,-11.038],[196.255,-18.933],[186.345,-16.758],[186.345,-25.137],[194.482,-25.137],[194.482,-32.71],[186.345,-32.71],[186.345,-43.667]],"c":true},"ix":2},"nm":"转","mn":"ADBE Vector Shape - Group","hd":false},{"ind":1,"ty":"sh","ix":2,"ks":{"a":0,"k":{"i":[[0,0],[0,0],[0,0],[0.483,-2.256],[0,0],[0,0],[0,0],[1.611,-4.915],[0,0],[3.948,-3.545],[3.706,1.611],[0,0],[-8.218,-6.365],[0,0],[2.739,1.692],[-2.417,4.915],[0,0],[0,0],[-0.806,2.82],[0,0],[0,0],[0,0],[-0.564,2.417],[0,0],[0,0],[0,0],[-0.564,3.062],[0,0],[0,0]],"o":[[0,0],[0,0],[-0.483,2.256],[0,0],[0,0],[0,0],[-1.45,5.317],[0,0],[-2.417,3.545],[-3.545,-1.934],[0,0],[8.701,3.706],[0,0],[-2.498,-1.853],[5.156,-5.076],[0,0],[0,0],[0.806,-2.498],[0,0],[0,0],[0,0],[0.483,-2.175],[0,0],[0,0],[0,0],[0.483,-2.9],[0,0],[0,0],[0,0]],"v":[[196.98,-56.477],[196.98,-48.42],[207.373,-48.42],[205.842,-41.572],[194.724,-41.572],[194.724,-33.596],[203.828,-33.596],[199.316,-18.208],[225.984,-18.208],[216.477,-7.654],[205.601,-12.971],[201.089,-6.284],[226.387,8.862],[231.14,1.611],[223.245,-3.706],[234.604,-18.691],[234.604,-25.62],[209.79,-25.62],[212.207,-33.596],[237.827,-33.596],[237.827,-41.572],[214.221,-41.572],[215.833,-48.42],[235.732,-48.42],[235.732,-56.477],[217.444,-56.477],[218.975,-65.339],[210.676,-66.145],[208.984,-56.477]],"c":true},"ix":2},"nm":"转","mn":"ADBE Vector Shape - Group","hd":false},{"ty":"mm","mm":1,"nm":"合并路径 1","mn":"ADBE Vector Filter - Merge","hd":false},{"ty":"fl","c":{"a":0,"k":[0.596079987171,0.596079987171,0.596079987171,1],"ix":4},"o":{"a":0,"k":100,"ix":5},"r":1,"bm":0,"nm":"填充 1","mn":"ADBE Vector Graphic - Fill","hd":false},{"ty":"tr","p":{"a":0,"k":[0,0],"ix":2},"a":{"a":0,"k":[0,0],"ix":1},"s":{"a":0,"k":[100,100],"ix":3},"r":{"a":0,"k":0,"ix":6},"o":{"a":0,"k":100,"ix":7},"sk":{"a":0,"k":0,"ix":4},"sa":{"a":0,"k":0,"ix":5},"nm":"变换"}],"nm":"转","np":5,"cix":2,"bm":0,"ix":3,"mn":"ADBE Vector Group","hd":false},{"ty":"gr","it":[{"ind":0,"ty":"sh","ix":1,"ks":{"a":0,"k":{"i":[[0,0],[0,0],[-1.934,3.867],[0,0],[0,0],[-0.645,1.611],[0,0],[7.654,-4.915],[0,0],[0,0],[0,0],[0,0],[0,0],[0,0],[0,0],[0,0],[0,0],[3.464,-0.806],[0,0],[-2.739,1.047],[0,0],[1.772,0],[2.095,0.322],[0,0],[0,0],[0,5.479],[0,0],[-2.578,1.37],[0,0],[2.578,-1.289],[0,0],[0,0],[0,0],[0,0],[0,0],[0,0],[0,0],[0,0],[9.668,-4.512],[0,0],[-3.706,8.379],[-9.91,-5.64],[0,0],[4.028,6.768],[0,0],[0,0],[0,0]],"o":[[0,0],[1.934,-2.9],[0,0],[0,0],[0.725,-1.531],[0,0],[-2.739,7.09],[0,0],[0,0],[0,0],[0,0],[0,0],[0,0],[0,0],[0,0],[0,0],[-3.384,1.208],[0,0],[2.739,-0.967],[0,0],[0,1.934],[-1.853,0],[0,0],[0,0],[5.398,0],[0,0],[2.498,-1.128],[0,0],[-2.498,1.37],[0,0],[0,0],[0,0],[0,0],[0,0],[0,0],[0,0],[0,0],[-3.545,6.768],[0,0],[11.118,-6.042],[4.592,8.862],[0,0],[-8.54,-3.948],[0,0],[0,0],[0,0],[0,0]],"v":[[313.396,-44.714],[300.264,-44.714],[305.984,-54.866],[305.984,-60.828],[290.032,-60.828],[292.046,-65.581],[283.909,-66.628],[268.279,-48.582],[268.279,-52.288],[260.947,-52.288],[260.947,-66.064],[252.568,-66.064],[252.568,-52.288],[243.867,-52.288],[243.867,-44.15],[252.568,-44.15],[252.568,-27.634],[242.256,-24.653],[244.431,-16.113],[252.568,-19.094],[252.568,-2.981],[249.91,0],[244.028,-0.483],[245.881,7.493],[252.81,7.493],[260.947,-0.806],[260.947,-22.639],[268.521,-26.426],[268.521,-34.966],[260.947,-31.018],[260.947,-44.15],[268.279,-44.15],[268.279,-48.259],[272.629,-42.539],[272.629,-22.881],[267.715,-22.881],[267.715,-15.146],[284.714,-15.146],[264.895,1.772],[270.374,8.862],[292.69,-12.81],[314.443,8.862],[318.23,0.886],[299.377,-15.146],[317.666,-15.146],[317.666,-22.881],[313.396,-22.881]],"c":true},"ix":2},"nm":"换","mn":"ADBE Vector Shape - Group","hd":false},{"ind":1,"ty":"sh","ix":2,"ks":{"a":0,"k":{"i":[[0,0],[0,0],[0,0],[0.806,-4.189]],"o":[[0,0],[0,0],[-0.161,5.479],[0,0]],"v":[[280.042,-22.881],[280.042,-37.383],[288.823,-37.383],[287.373,-22.881]],"c":true},"ix":2},"nm":"换","mn":"ADBE Vector Shape - Group","hd":false},{"ind":2,"ty":"sh","ix":3,"ks":{"a":0,"k":{"i":[[0,0],[-0.161,5.64],[0,0],[0,0]],"o":[[0.645,-4.028],[0,0],[0,0],[0,0]],"v":[[295.43,-22.881],[296.638,-37.383],[305.984,-37.383],[305.984,-22.881]],"c":true},"ix":2},"nm":"换","mn":"ADBE Vector Shape - Group","hd":false},{"ind":3,"ty":"sh","ix":4,"ks":{"a":0,"k":{"i":[[1.772,-2.578],[0,0],[-2.498,3.223],[0,0]],"o":[[0,0],[3.384,-2.739],[0,0],[-1.934,3.384]],"v":[[291.724,-44.714],[276.899,-44.714],[285.762,-53.738],[297.283,-53.738]],"c":true},"ix":2},"nm":"换","mn":"ADBE Vector Shape - Group","hd":false},{"ty":"mm","mm":1,"nm":"合并路径 1","mn":"ADBE Vector Filter - Merge","hd":false},{"ty":"fl","c":{"a":0,"k":[0.596079987171,0.596079987171,0.596079987171,1],"ix":4},"o":{"a":0,"k":100,"ix":5},"r":1,"bm":0,"nm":"填充 1","mn":"ADBE Vector Graphic - Fill","hd":false},{"ty":"tr","p":{"a":0,"k":[0,0],"ix":2},"a":{"a":0,"k":[0,0],"ix":1},"s":{"a":0,"k":[100,100],"ix":3},"r":{"a":0,"k":0,"ix":6},"o":{"a":0,"k":100,"ix":7},"sk":{"a":0,"k":0,"ix":4},"sa":{"a":0,"k":0,"ix":5},"nm":"变换"}],"nm":"换","np":7,"cix":2,"bm":0,"ix":4,"mn":"ADBE Vector Group","hd":false}],"ip":0,"op":190,"st":0,"bm":0},{"ddd":0,"ind":26,"ty":4,"nm":"“后的我”轮廓","sr":1,"ks":{"o":{"a":1,"k":[{"i":{"x":[0.833],"y":[0.833]},"o":{"x":[0.167],"y":[0.167]},"t":10,"s":[0]},{"i":{"x":[0.833],"y":[0.833]},"o":{"x":[0.167],"y":[0.167]},"t":30,"s":[100]},{"i":{"x":[0.833],"y":[0.833]},"o":{"x":[0.167],"y":[0.167]},"t":180,"s":[100]},{"t":189,"s":[0]}],"ix":11},"r":{"a":0,"k":0,"ix":10},"p":{"a":0,"k":[84,664,0],"ix":2},"a":{"a":0,"k":[0,0,0],"ix":1},"s":{"a":0,"k":[100,100,100],"ix":6}},"ao":0,"hasMask":true,"masksProperties":[{"inv":false,"mode":"a","pt":{"a":1,"k":[{"i":{"x":0.667,"y":1},"o":{"x":0.333,"y":0},"t":10,"s":[{"i":[[0,0],[0,0],[0,0],[0,0]],"o":[[0,0],[0,0],[0,0],[0,0]],"v":[[-40.914,-109],[-432,-109],[-432,50.422],[-40.914,50.422]],"c":true}]},{"i":{"x":0.833,"y":0.833},"o":{"x":0.333,"y":0},"t":30,"s":[{"i":[[0,0],[0,0],[0,0],[0,0]],"o":[[0,0],[0,0],[0,0],[0,0]],"v":[[325.086,-103],[-66,-103],[-66,44.422],[325.086,44.422]],"c":true}]},{"i":{"x":0.667,"y":1},"o":{"x":0.167,"y":0.167},"t":179,"s":[{"i":[[0,0],[0,0],[0,0],[0,0]],"o":[[0,0],[0,0],[0,0],[0,0]],"v":[[325.086,-103],[-66,-103],[-66,44.422],[325.086,44.422]],"c":true}]},{"i":{"x":0.667,"y":1},"o":{"x":0.333,"y":0},"t":180,"s":[{"i":[[0,0],[0,0],[0,0],[0,0]],"o":[[0,0],[0,0],[0,0],[0,0]],"v":[[325.086,-92],[-66,-92],[-66,33.422],[325.086,33.422]],"c":true}]},{"t":189,"s":[{"i":[[0,0],[0,0],[0,0],[0,0]],"o":[[0,0],[0,0],[0,0],[0,0]],"v":[[671.086,-104],[280,-104],[280,45.422],[671.086,45.422]],"c":true}]}],"ix":1},"o":{"a":0,"k":100,"ix":3},"x":{"a":0,"k":0,"ix":4},"nm":"蒙版 1"}],"shapes":[{"ty":"gr","it":[{"ind":0,"ty":"sh","ix":1,"ks":{"a":0,"k":{"i":[[0,0],[0,0],[0,0],[0,0],[0,0],[-15.63,2.9],[0,0],[21.27,-0.161],[0,0],[5.317,-8.862],[0,0],[-0.483,18.208]],"o":[[0,0],[0,0],[0,0],[0,0],[19.497,-0.483],[0,0],[-16.597,3.223],[0,0],[-0.403,15.791],[0,0],[6.606,-10.796],[0,0]],"v":[[19.578,-35.852],[76.538,-35.852],[76.538,-44.07],[19.578,-44.07],[19.578,-53.093],[72.268,-58.169],[68.159,-65.742],[11.279,-60.667],[11.279,-35.288],[2.659,1.692],[8.943,8.298],[19.578,-35.288]],"c":true},"ix":2},"nm":"后","mn":"ADBE Vector Shape - Group","hd":false},{"ind":1,"ty":"sh","ix":2,"ks":{"a":0,"k":{"i":[[0,0],[0,0],[0,0],[0,0],[0,0],[0,0],[0,0],[0,0]],"o":[[0,0],[0,0],[0,0],[0,0],[0,0],[0,0],[0,0],[0,0]],"v":[[70.657,-27.07],[25.137,-27.07],[25.137,8.459],[33.596,8.459],[33.596,5.398],[62.197,5.398],[62.197,8.459],[70.657,8.459]],"c":true},"ix":2},"nm":"后","mn":"ADBE Vector Shape - Group","hd":false},{"ind":2,"ty":"sh","ix":3,"ks":{"a":0,"k":{"i":[[0,0],[0,0],[0,0],[0,0]],"o":[[0,0],[0,0],[0,0],[0,0]],"v":[[33.596,-2.82],[33.596,-19.014],[62.197,-19.014],[62.197,-2.82]],"c":true},"ix":2},"nm":"后","mn":"ADBE Vector Shape - Group","hd":false},{"ty":"mm","mm":1,"nm":"合并路径 1","mn":"ADBE Vector Filter - Merge","hd":false},{"ty":"fl","c":{"a":0,"k":[0.596079987171,0.596079987171,0.596079987171,1],"ix":4},"o":{"a":0,"k":100,"ix":5},"r":1,"bm":0,"nm":"填充 1","mn":"ADBE Vector Graphic - Fill","hd":false},{"ty":"tr","p":{"a":0,"k":[0,0],"ix":2},"a":{"a":0,"k":[0,0],"ix":1},"s":{"a":0,"k":[100,100],"ix":3},"r":{"a":0,"k":0,"ix":6},"o":{"a":0,"k":100,"ix":7},"sk":{"a":0,"k":0,"ix":4},"sa":{"a":0,"k":0,"ix":5},"nm":"变换"}],"nm":"后","np":6,"cix":2,"bm":0,"ix":1,"mn":"ADBE Vector Group","hd":false},{"ty":"gr","it":[{"ind":0,"ty":"sh","ix":1,"ks":{"a":0,"k":{"i":[[0,0],[0,0],[-0.886,4.351],[0,0],[1.45,-4.27],[0,0],[0,0],[0,0],[0,0],[0,0],[0,0],[0,0]],"o":[[0,0],[1.45,-3.706],[0,0],[-0.645,4.592],[0,0],[0,0],[0,0],[0,0],[0,0],[0,0],[0,0],[0,0]],"v":[[113.596,-53.093],[101.35,-53.093],[104.895,-65.259],[96.436,-66.387],[93.293,-53.093],[85.559,-53.093],[85.559,5.72],[93.616,5.72],[93.616,-0.645],[105.54,-0.645],[105.54,3.384],[113.596,3.384]],"c":true},"ix":2},"nm":"的","mn":"ADBE Vector Shape - Group","hd":false},{"ind":1,"ty":"sh","ix":2,"ks":{"a":0,"k":{"i":[[0,0],[0,0],[0,0],[0,0]],"o":[[0,0],[0,0],[0,0],[0,0]],"v":[[93.616,-8.379],[93.616,-23.606],[105.54,-23.606],[105.54,-8.379]],"c":true},"ix":2},"nm":"的","mn":"ADBE Vector Shape - Group","hd":false},{"ind":2,"ty":"sh","ix":3,"ks":{"a":0,"k":{"i":[[0,0],[0,0],[0,0],[0,0]],"o":[[0,0],[0,0],[0,0],[0,0]],"v":[[93.616,-31.099],[93.616,-45.198],[105.54,-45.198],[105.54,-31.099]],"c":true},"ix":2},"nm":"的","mn":"ADBE Vector Shape - Group","hd":false},{"ind":3,"ty":"sh","ix":4,"ks":{"a":0,"k":{"i":[[5.156,6.526],[0,0],[-2.981,-5.317],[0,0]],"o":[[0,0],[4.995,6.445],[0,0],[-2.82,-4.995]],"v":[[128.259,-33.516],[121.411,-29.246],[133.416,-11.602],[140.183,-16.274]],"c":true},"ix":2},"nm":"的","mn":"ADBE Vector Shape - Group","hd":false},{"ind":4,"ty":"sh","ix":5,"ks":{"a":0,"k":{"i":[[0,28.198],[0,0],[-0.806,4.351],[0,0],[5.317,-7.573],[0,0],[-2.175,4.834],[0,0],[0.483,-3.867],[2.9,0],[3.545,0.242],[0,0],[-1.611,0],[-0.806,5.64]],"o":[[0,0],[1.208,-3.867],[0,0],[-1.934,11.038],[0,0],[2.981,-3.867],[0,0],[-0.161,22.8],[-0.483,3.142],[-2.659,0],[0,0],[4.189,0.322],[6.929,0],[0.806,-6.606]],"v":[[155.088,-53.093],[130.596,-53.093],[133.657,-65.42],[125.359,-66.467],[114.563,-38.511],[119.639,-31.824],[127.373,-44.875],[146.87,-44.875],[145.984,-4.915],[140.908,-0.161],[131.562,-0.564],[133.577,7.09],[142.278,7.573],[153.879,-0.886]],"c":true},"ix":2},"nm":"的","mn":"ADBE Vector Shape - Group","hd":false},{"ty":"mm","mm":1,"nm":"合并路径 1","mn":"ADBE Vector Filter - Merge","hd":false},{"ty":"fl","c":{"a":0,"k":[0.596079987171,0.596079987171,0.596079987171,1],"ix":4},"o":{"a":0,"k":100,"ix":5},"r":1,"bm":0,"nm":"填充 1","mn":"ADBE Vector Graphic - Fill","hd":false},{"ty":"tr","p":{"a":0,"k":[0,0],"ix":2},"a":{"a":0,"k":[0,0],"ix":1},"s":{"a":0,"k":[100,100],"ix":3},"r":{"a":0,"k":0,"ix":6},"o":{"a":0,"k":100,"ix":7},"sk":{"a":0,"k":0,"ix":4},"sa":{"a":0,"k":0,"ix":5},"nm":"变换"}],"nm":"的","np":8,"cix":2,"bm":0,"ix":2,"mn":"ADBE Vector Group","hd":false},{"ty":"gr","it":[{"ind":0,"ty":"sh","ix":1,"ks":{"a":0,"k":{"i":[[0,0],[4.673,-1.208],[0,0],[0,0],[-1.208,-4.351],[-0.886,-2.578],[7.412,-2.739],[0,0],[-5.479,4.512],[-1.45,-1.853],[-3.545,0],[-2.095,11.521],[0,0],[0.886,0],[2.256,3.545],[0.806,1.934],[-3.545,7.251],[0,0],[3.303,-4.109],[0.322,1.289],[0.483,5.237],[0,0],[0,0],[0,0],[0.081,7.734],[0,0],[-0.483,-6.204],[0,0],[0,0],[-3.303,1.208],[0,0],[11.118,-1.208],[0,0],[-3.867,0.806],[0,0],[0,0],[0,0],[0,0],[0,0],[5.479,-0.806],[0,0],[-4.673,0.967],[0,0],[1.853,0],[2.82,0.322],[0,0],[0,0],[0,5.317],[0,0],[-4.27,1.45]],"o":[[-4.189,1.45],[0,0],[0,0],[0.645,5.801],[0.725,2.739],[-5.559,4.995],[0,0],[6.687,-2.578],[1.208,2.417],[3.787,4.753],[3.948,0],[0,0],[-0.967,8.057],[-1.128,0],[-0.886,-1.289],[4.915,-5.317],[0,0],[-2.417,4.995],[-0.322,-1.128],[-0.886,-3.384],[0,0],[0,0],[0,0],[-0.483,-5.962],[0,0],[0,7.412],[0,0],[0,0],[3.625,-0.967],[0,0],[-8.701,3.545],[0,0],[4.189,-0.564],[0,0],[0,0],[0,0],[0,0],[0,0],[-4.915,1.047],[0,0],[4.995,-0.806],[0,0],[0,1.772],[-2.578,0],[0,0],[0,0],[5.64,0],[0,0],[4.673,-1.208],[0,0]],"v":[[201.169,-29.568],[187.795,-25.62],[187.795,-37.544],[205.037,-37.544],[207.776,-22.317],[210.193,-14.341],[190.696,-2.739],[195.369,4.431],[213.657,-6.204],[217.686,0.161],[228.723,7.332],[237.747,-9.99],[230.254,-13.938],[227.515,-1.772],[222.358,-7.09],[219.78,-12.004],[232.51,-30.938],[225.259,-34.805],[216.638,-21.108],[215.671,-24.653],[213.577,-37.544],[237.021,-37.544],[237.021,-45.601],[212.932,-45.601],[212.126,-66.064],[203.667,-66.064],[204.312,-45.601],[187.795,-45.601],[187.795,-55.027],[198.188,-58.25],[195.288,-66.145],[165.479,-59.055],[167.251,-51.079],[179.255,-53.093],[179.255,-45.601],[163.545,-45.601],[163.545,-37.544],[179.255,-37.544],[179.255,-23.687],[163.625,-20.867],[164.834,-12.407],[179.255,-15.066],[179.255,-2.9],[176.436,-0.161],[168.379,-0.645],[170.232,7.332],[179.336,7.332],[187.795,-0.725],[187.795,-17.08],[201.169,-21.028]],"c":true},"ix":2},"nm":"我","mn":"ADBE Vector Shape - Group","hd":false},{"ind":1,"ty":"sh","ix":2,"ks":{"a":0,"k":{"i":[[5.64,3.545],[0,0],[-3.303,-3.545],[0,0]],"o":[[0,0],[6.123,4.028],[0,0],[-4.028,-3.545]],"v":[[220.989,-65.339],[215.349,-59.941],[229.448,-48.662],[235.491,-54.705]],"c":true},"ix":2},"nm":"我","mn":"ADBE Vector Shape - Group","hd":false},{"ty":"mm","mm":1,"nm":"合并路径 1","mn":"ADBE Vector Filter - Merge","hd":false},{"ty":"fl","c":{"a":0,"k":[0.596079987171,0.596079987171,0.596079987171,1],"ix":4},"o":{"a":0,"k":100,"ix":5},"r":1,"bm":0,"nm":"填充 1","mn":"ADBE Vector Graphic - Fill","hd":false},{"ty":"tr","p":{"a":0,"k":[0,0],"ix":2},"a":{"a":0,"k":[0,0],"ix":1},"s":{"a":0,"k":[100,100],"ix":3},"r":{"a":0,"k":0,"ix":6},"o":{"a":0,"k":100,"ix":7},"sk":{"a":0,"k":0,"ix":4},"sa":{"a":0,"k":0,"ix":5},"nm":"变换"}],"nm":"我","np":5,"cix":2,"bm":0,"ix":3,"mn":"ADBE Vector Group","hd":false}],"ip":10,"op":190,"st":10,"bm":0}],"markers":[]}