{"v":"5.6.8","fr":30,"ip":0,"op":189,"w":1125,"h":1050,"nm":"订阅视频-变老-多语言","ddd":0,"assets":[],"layers":[{"ddd":0,"ind":40,"ty":4,"nm":"“三十年后”轮廓","sr":1,"ks":{"o":{"a":1,"k":[{"i":{"x":[0.833],"y":[0.833]},"o":{"x":[0.167],"y":[0.167]},"t":0,"s":[0]},{"i":{"x":[0.833],"y":[0.833]},"o":{"x":[0.167],"y":[0.167]},"t":20,"s":[100]},{"i":{"x":[0.833],"y":[0.833]},"o":{"x":[0.167],"y":[0.167]},"t":180,"s":[100]},{"t":189,"s":[0]}],"ix":11},"r":{"a":0,"k":0,"ix":10},"p":{"a":0,"k":[94,480,0],"ix":2},"a":{"a":0,"k":[0,0,0],"ix":1},"s":{"a":0,"k":[100,100,100],"ix":6}},"ao":0,"hasMask":true,"masksProperties":[{"inv":false,"mode":"a","pt":{"a":1,"k":[{"i":{"x":0.667,"y":1},"o":{"x":0.333,"y":0},"t":0,"s":[{"i":[[0,0],[0,0],[0,0],[0,0]],"o":[[0,0],[0,0],[0,0],[0,0]],"v":[[-46,-113],[-450.445,-113],[-450.445,58.684],[-46,58.684]],"c":true}]},{"i":{"x":0.667,"y":1},"o":{"x":0.333,"y":0},"t":20,"s":[{"i":[[0,0],[0,0],[0,0],[0,0]],"o":[[0,0],[0,0],[0,0],[0,0]],"v":[[538,-113],[-53.445,-113],[-53.445,58.684],[538,58.684]],"c":true}]},{"i":{"x":0.667,"y":1},"o":{"x":0.333,"y":0},"t":180,"s":[{"i":[[0,0],[0,0],[0,0],[0,0]],"o":[[0,0],[0,0],[0,0],[0,0]],"v":[[538,-113],[-53.445,-113],[-53.445,58.684],[538,58.684]],"c":true}]},{"t":189,"s":[{"i":[[0,0],[0,0],[0,0],[0,0]],"o":[[0,0],[0,0],[0,0],[0,0]],"v":[[741,-114],[336.555,-114],[336.555,57.684],[741,57.684]],"c":true}]}],"ix":1},"o":{"a":0,"k":100,"ix":3},"x":{"a":0,"k":0,"ix":4},"nm":"蒙版 1"}],"shapes":[{"ty":"gr","it":[{"ind":0,"ty":"sh","ix":1,"ks":{"a":0,"k":{"i":[[0,0],[0,0],[0,0],[0,0]],"o":[[0,0],[0,0],[0,0],[0,0]],"v":[[8.913,-57.026],[8.913,-49.322],[66.769,-49.322],[66.769,-57.026]],"c":true},"ix":2},"nm":"三","mn":"ADBE Vector Shape - Group","hd":false},{"ind":1,"ty":"sh","ix":2,"ks":{"a":0,"k":{"i":[[0,0],[0,0],[0,0],[0,0]],"o":[[0,0],[0,0],[0,0],[0,0]],"v":[[14.049,-31.194],[14.049,-23.49],[61.558,-23.49],[61.558,-31.194]],"c":true},"ix":2},"nm":"三","mn":"ADBE Vector Shape - Group","hd":false},{"ind":2,"ty":"sh","ix":3,"ks":{"a":0,"k":{"i":[[0,0],[0,0],[0,0],[0,0]],"o":[[0,0],[0,0],[0,0],[0,0]],"v":[[3.474,-3.399],[3.474,4.456],[72.057,4.456],[72.057,-3.399]],"c":true},"ix":2},"nm":"三","mn":"ADBE Vector Shape - Group","hd":false},{"ty":"mm","mm":1,"nm":"合并路径 1","mn":"ADBE Vector Filter - Merge","hd":false},{"ty":"fl","c":{"a":0,"k":[0.596079987171,0.596079987171,0.596079987171,1],"ix":4},"o":{"a":0,"k":100,"ix":5},"r":1,"bm":0,"nm":"填充 1","mn":"ADBE Vector Graphic - Fill","hd":false},{"ty":"tr","p":{"a":0,"k":[0,0],"ix":2},"a":{"a":0,"k":[0,0],"ix":1},"s":{"a":0,"k":[100,100],"ix":3},"r":{"a":0,"k":0,"ix":6},"o":{"a":0,"k":100,"ix":7},"sk":{"a":0,"k":0,"ix":4},"sa":{"a":0,"k":0,"ix":5},"nm":"变换"}],"nm":"三","np":6,"cix":2,"bm":0,"ix":1,"mn":"ADBE Vector Group","hd":false},{"ty":"gr","it":[{"ind":0,"ty":"sh","ix":1,"ks":{"a":0,"k":{"i":[[0,0],[0,0],[0,0],[0,0],[0,0],[0,0],[0,0],[0,0],[0,0],[0,0],[0,0],[0,0]],"o":[[0,0],[0,0],[0,0],[0,0],[0,0],[0,0],[0,0],[0,0],[0,0],[0,0],[0,0],[0,0]],"v":[[108.989,-61.935],[108.989,-38.068],[79.003,-38.068],[79.003,-30.363],[108.989,-30.363],[108.989,7.855],[116.995,7.855],[116.995,-30.363],[146.754,-30.363],[146.754,-38.068],[116.995,-38.068],[116.995,-61.935]],"c":true},"ix":2},"nm":"十","mn":"ADBE Vector Shape - Group","hd":false},{"ty":"fl","c":{"a":0,"k":[0.596079987171,0.596079987171,0.596079987171,1],"ix":4},"o":{"a":0,"k":100,"ix":5},"r":1,"bm":0,"nm":"填充 1","mn":"ADBE Vector Graphic - Fill","hd":false},{"ty":"tr","p":{"a":0,"k":[0,0],"ix":2},"a":{"a":0,"k":[0,0],"ix":1},"s":{"a":0,"k":[100,100],"ix":3},"r":{"a":0,"k":0,"ix":6},"o":{"a":0,"k":100,"ix":7},"sk":{"a":0,"k":0,"ix":4},"sa":{"a":0,"k":0,"ix":5},"nm":"变换"}],"nm":"十","np":3,"cix":2,"bm":0,"ix":2,"mn":"ADBE Vector Group","hd":false},{"ty":"gr","it":[{"ind":0,"ty":"sh","ix":1,"ks":{"a":0,"k":{"i":[[-3.172,5.287],[0,0],[0,0],[0,0],[0,0],[0,0],[0,0],[0,0],[0,0],[0,0],[0,0],[0,0],[0,0],[0,0],[0,0],[0,0],[0,0],[0,0],[0,0],[0,0],[0,0],[0,0],[-0.68,2.417],[0,0],[7.478,-5.589],[0,0]],"o":[[0,0],[0,0],[0,0],[0,0],[0,0],[0,0],[0,0],[0,0],[0,0],[0,0],[0,0],[0,0],[0,0],[0,0],[0,0],[0,0],[0,0],[0,0],[0,0],[0,0],[0,0],[0.831,-2.115],[0,0],[-2.568,9.441],[0,0],[4.758,-3.625]],"v":[[169.714,-46.829],[188.143,-46.829],[188.143,-37.086],[165.786,-37.086],[165.786,-15.71],[154.154,-15.71],[154.154,-8.006],[188.143,-8.006],[188.143,8.082],[196.074,8.082],[196.074,-8.006],[221.301,-8.006],[221.301,-15.71],[196.074,-15.71],[196.074,-29.684],[216.392,-29.684],[216.392,-37.086],[196.074,-37.086],[196.074,-46.829],[219.035,-46.829],[219.035,-54.458],[173.49,-54.458],[175.756,-61.256],[167.599,-62.766],[152.493,-40.258],[157.78,-33.536]],"c":true},"ix":2},"nm":"年","mn":"ADBE Vector Shape - Group","hd":false},{"ind":1,"ty":"sh","ix":2,"ks":{"a":0,"k":{"i":[[0,0],[0,0],[0,0],[0,0]],"o":[[0,0],[0,0],[0,0],[0,0]],"v":[[173.717,-15.71],[173.717,-29.684],[188.143,-29.684],[188.143,-15.71]],"c":true},"ix":2},"nm":"年","mn":"ADBE Vector Shape - Group","hd":false},{"ty":"mm","mm":1,"nm":"合并路径 1","mn":"ADBE Vector Filter - Merge","hd":false},{"ty":"fl","c":{"a":0,"k":[0.596079987171,0.596079987171,0.596079987171,1],"ix":4},"o":{"a":0,"k":100,"ix":5},"r":1,"bm":0,"nm":"填充 1","mn":"ADBE Vector Graphic - Fill","hd":false},{"ty":"tr","p":{"a":0,"k":[0,0],"ix":2},"a":{"a":0,"k":[0,0],"ix":1},"s":{"a":0,"k":[100,100],"ix":3},"r":{"a":0,"k":0,"ix":6},"o":{"a":0,"k":100,"ix":7},"sk":{"a":0,"k":0,"ix":4},"sa":{"a":0,"k":0,"ix":5},"nm":"变换"}],"nm":"年","np":5,"cix":2,"bm":0,"ix":3,"mn":"ADBE Vector Group","hd":false},{"ty":"gr","it":[{"ind":0,"ty":"sh","ix":1,"ks":{"a":0,"k":{"i":[[0,0],[0,0],[0,0],[0,0],[0,0],[-14.653,2.719],[0,0],[19.94,-0.151],[0,0],[4.985,-8.308],[0,0],[-0.453,17.07]],"o":[[0,0],[0,0],[0,0],[0,0],[18.279,-0.453],[0,0],[-15.559,3.021],[0,0],[-0.378,14.804],[0,0],[6.194,-10.121],[0,0]],"v":[[243.354,-33.611],[296.754,-33.611],[296.754,-41.315],[243.354,-41.315],[243.354,-49.775],[292.751,-54.533],[288.899,-61.633],[235.574,-56.875],[235.574,-33.083],[227.493,1.586],[233.384,7.78],[243.354,-33.083]],"c":true},"ix":2},"nm":"后","mn":"ADBE Vector Shape - Group","hd":false},{"ind":1,"ty":"sh","ix":2,"ks":{"a":0,"k":{"i":[[0,0],[0,0],[0,0],[0,0],[0,0],[0,0],[0,0],[0,0]],"o":[[0,0],[0,0],[0,0],[0,0],[0,0],[0,0],[0,0],[0,0]],"v":[[291.241,-25.378],[248.566,-25.378],[248.566,7.931],[256.496,7.931],[256.496,5.061],[283.31,5.061],[283.31,7.931],[291.241,7.931]],"c":true},"ix":2},"nm":"后","mn":"ADBE Vector Shape - Group","hd":false},{"ind":2,"ty":"sh","ix":3,"ks":{"a":0,"k":{"i":[[0,0],[0,0],[0,0],[0,0]],"o":[[0,0],[0,0],[0,0],[0,0]],"v":[[256.496,-2.644],[256.496,-17.825],[283.31,-17.825],[283.31,-2.644]],"c":true},"ix":2},"nm":"后","mn":"ADBE Vector Shape - Group","hd":false},{"ty":"mm","mm":1,"nm":"合并路径 1","mn":"ADBE Vector Filter - Merge","hd":false},{"ty":"fl","c":{"a":0,"k":[0.596079987171,0.596079987171,0.596079987171,1],"ix":4},"o":{"a":0,"k":100,"ix":5},"r":1,"bm":0,"nm":"填充 1","mn":"ADBE Vector Graphic - Fill","hd":false},{"ty":"tr","p":{"a":0,"k":[0,0],"ix":2},"a":{"a":0,"k":[0,0],"ix":1},"s":{"a":0,"k":[100,100],"ix":3},"r":{"a":0,"k":0,"ix":6},"o":{"a":0,"k":100,"ix":7},"sk":{"a":0,"k":0,"ix":4},"sa":{"a":0,"k":0,"ix":5},"nm":"变换"}],"nm":"后","np":6,"cix":2,"bm":0,"ix":4,"mn":"ADBE Vector Group","hd":false}],"ip":0,"op":190,"st":0,"bm":0},{"ddd":0,"ind":42,"ty":4,"nm":"“我会是”轮廓","sr":1,"ks":{"o":{"a":1,"k":[{"i":{"x":[0.833],"y":[0.833]},"o":{"x":[0.167],"y":[0.167]},"t":10,"s":[0]},{"i":{"x":[0.833],"y":[0.833]},"o":{"x":[0.167],"y":[0.167]},"t":30,"s":[100]},{"i":{"x":[0.833],"y":[0.833]},"o":{"x":[0.167],"y":[0.167]},"t":180,"s":[100]},{"t":189,"s":[0]}],"ix":11},"r":{"a":0,"k":0,"ix":10},"p":{"a":0,"k":[94,596,0],"ix":2},"a":{"a":0,"k":[0,0,0],"ix":1},"s":{"a":0,"k":[100,100,100],"ix":6}},"ao":0,"hasMask":true,"masksProperties":[{"inv":false,"mode":"a","pt":{"a":1,"k":[{"i":{"x":0.667,"y":1},"o":{"x":0.333,"y":0},"t":10,"s":[{"i":[[0,0],[0,0],[0,0],[0,0]],"o":[[0,0],[0,0],[0,0],[0,0]],"v":[[-48,-101],[-365.648,-101],[-365.648,48.859],[-48,48.859]],"c":true}]},{"i":{"x":0.667,"y":1},"o":{"x":0.333,"y":0},"t":30,"s":[{"i":[[0,0],[0,0],[0,0],[0,0]],"o":[[0,0],[0,0],[0,0],[0,0]],"v":[[520,-101],[-42.648,-101],[-42.648,48.859],[520,48.859]],"c":true}]},{"i":{"x":0.667,"y":1},"o":{"x":0.333,"y":0},"t":180,"s":[{"i":[[0,0],[0,0],[0,0],[0,0]],"o":[[0,0],[0,0],[0,0],[0,0]],"v":[[520,-101],[-42.648,-101],[-42.648,48.859],[520,48.859]],"c":true}]},{"t":189,"s":[{"i":[[0,0],[0,0],[0,0],[0,0]],"o":[[0,0],[0,0],[0,0],[0,0]],"v":[[587,-102],[269.352,-102],[269.352,47.859],[587,47.859]],"c":true}]}],"ix":1},"o":{"a":0,"k":100,"ix":3},"x":{"a":0,"k":0,"ix":4},"nm":"蒙版 1"}],"shapes":[{"ty":"gr","it":[{"ind":0,"ty":"sh","ix":1,"ks":{"a":0,"k":{"i":[[0,0],[4.381,-1.133],[0,0],[0,0],[-1.133,-4.079],[-0.831,-2.417],[6.949,-2.568],[0,0],[-5.136,4.23],[-1.36,-1.737],[-3.323,0],[-1.964,10.801],[0,0],[0.831,0],[2.115,3.323],[0.755,1.813],[-3.323,6.798],[0,0],[3.097,-3.852],[0.302,1.208],[0.453,4.91],[0,0],[0,0],[0,0],[0.076,7.251],[0,0],[-0.453,-5.816],[0,0],[0,0],[-3.097,1.133],[0,0],[10.423,-1.133],[0,0],[-3.625,0.755],[0,0],[0,0],[0,0],[0,0],[0,0],[5.136,-0.755],[0,0],[-4.381,0.906],[0,0],[1.737,0],[2.644,0.302],[0,0],[0,0],[0,4.985],[0,0],[-4.003,1.36]],"o":[[-3.928,1.36],[0,0],[0,0],[0.604,5.438],[0.68,2.568],[-5.212,4.683],[0,0],[6.269,-2.417],[1.133,2.266],[3.55,4.456],[3.701,0],[0,0],[-0.906,7.553],[-1.057,0],[-0.831,-1.208],[4.607,-4.985],[0,0],[-2.266,4.683],[-0.302,-1.057],[-0.831,-3.172],[0,0],[0,0],[0,0],[-0.453,-5.589],[0,0],[0,6.949],[0,0],[0,0],[3.399,-0.906],[0,0],[-8.157,3.323],[0,0],[3.928,-0.529],[0,0],[0,0],[0,0],[0,0],[0,0],[-4.607,0.982],[0,0],[4.683,-0.755],[0,0],[0,1.662],[-2.417,0],[0,0],[0,0],[5.287,0],[0,0],[4.381,-1.133],[0,0]],"v":[[38.596,-27.72],[26.058,-24.019],[26.058,-35.197],[42.222,-35.197],[44.79,-20.922],[47.056,-13.445],[28.777,-2.568],[33.158,4.154],[50.304,-5.816],[54.08,0.151],[64.428,6.873],[72.887,-9.366],[65.863,-13.067],[63.295,-1.662],[58.461,-6.647],[56.044,-11.254],[67.978,-29.004],[61.18,-32.629],[53.098,-19.789],[52.192,-23.112],[50.228,-35.197],[72.208,-35.197],[72.208,-42.751],[49.624,-42.751],[48.869,-61.935],[40.938,-61.935],[41.542,-42.751],[26.058,-42.751],[26.058,-51.588],[35.802,-54.609],[33.083,-62.011],[5.136,-55.364],[6.798,-47.887],[18.052,-49.775],[18.052,-42.751],[3.323,-42.751],[3.323,-35.197],[18.052,-35.197],[18.052,-22.206],[3.399,-19.563],[4.532,-11.632],[18.052,-14.124],[18.052,-2.719],[15.408,-0.151],[7.855,-0.604],[9.592,6.873],[18.127,6.873],[26.058,-0.68],[26.058,-16.013],[38.596,-19.714]],"c":true},"ix":2},"nm":"我","mn":"ADBE Vector Shape - Group","hd":false},{"ind":1,"ty":"sh","ix":2,"ks":{"a":0,"k":{"i":[[5.287,3.323],[0,0],[-3.097,-3.323],[0,0]],"o":[[0,0],[5.74,3.777],[0,0],[-3.777,-3.323]],"v":[[57.177,-61.256],[51.89,-56.195],[65.108,-45.621],[70.773,-51.286]],"c":true},"ix":2},"nm":"我","mn":"ADBE Vector Shape - Group","hd":false},{"ty":"mm","mm":1,"nm":"合并路径 1","mn":"ADBE Vector Filter - Merge","hd":false},{"ty":"fl","c":{"a":0,"k":[0.596079987171,0.596079987171,0.596079987171,1],"ix":4},"o":{"a":0,"k":100,"ix":5},"r":1,"bm":0,"nm":"填充 1","mn":"ADBE Vector Graphic - Fill","hd":false},{"ty":"tr","p":{"a":0,"k":[0,0],"ix":2},"a":{"a":0,"k":[0,0],"ix":1},"s":{"a":0,"k":[100,100],"ix":3},"r":{"a":0,"k":0,"ix":6},"o":{"a":0,"k":100,"ix":7},"sk":{"a":0,"k":0,"ix":4},"sa":{"a":0,"k":0,"ix":5},"nm":"变换"}],"nm":"我","np":5,"cix":2,"bm":0,"ix":1,"mn":"ADBE Vector Group","hd":false},{"ty":"gr","it":[{"ind":0,"ty":"sh","ix":1,"ks":{"a":0,"k":{"i":[[0,0],[13.218,-6.496],[0,0],[-4.003,2.795],[0,0],[0,0],[0,0],[-4.381,-2.266],[0,0],[9.441,10.348]],"o":[[-8.762,9.819],[0,0],[4.532,-2.493],[0,0],[0,0],[0,0],[3.852,2.719],[0,0],[-12.387,-5.891],[0,0]],"v":[[109.895,-62.238],[76.964,-37.766],[81.194,-30.061],[94.034,-37.992],[94.034,-32.252],[131.724,-32.252],[131.724,-37.69],[144.035,-30.137],[148.341,-37.841],[115.636,-62.238]],"c":true},"ix":2},"nm":"会","mn":"ADBE Vector Shape - Group","hd":false},{"ind":1,"ty":"sh","ix":2,"ks":{"a":0,"k":{"i":[[0,0],[-4.683,5.589],[-6.194,-4.607]],"o":[[6.345,-4.683],[4.758,5.74],[0,0]],"v":[[96.3,-39.654],[112.766,-55.138],[129.156,-39.654]],"c":true},"ix":2},"nm":"会","mn":"ADBE Vector Shape - Group","hd":false},{"ind":2,"ty":"sh","ix":3,"ks":{"a":0,"k":{"i":[[0,0],[0,0],[0,0],[3.777,-4.456],[1.888,-0.453],[0,0],[-11.707,1.813],[-1.284,-1.964],[0,0],[6.873,7.402],[0,0],[-2.19,-2.719],[10.197,-0.604],[-3.172,5.891],[0,0],[0,0]],"o":[[0,0],[0,0],[-2.644,4.834],[-0.831,0.906],[0,0],[17.523,-1.057],[1.435,1.964],[0,0],[-3.777,-5.438],[0,0],[2.493,2.87],[-9.668,1.133],[4.23,-4.381],[0,0],[0,0],[0,0]],"v":[[82.175,-24.548],[82.175,-16.843],[99.245,-16.843],[89.653,-2.87],[85.574,-0.755],[87.689,6.118],[131.497,1.813],[135.576,7.78],[142.147,3.172],[126.21,-16.164],[120.092,-12.312],[127.116,-3.928],[97.282,-1.36],[108.385,-16.843],[143.507,-16.843],[143.507,-24.548]],"c":true},"ix":2},"nm":"会","mn":"ADBE Vector Shape - Group","hd":false},{"ty":"mm","mm":1,"nm":"合并路径 1","mn":"ADBE Vector Filter - Merge","hd":false},{"ty":"fl","c":{"a":0,"k":[0.596079987171,0.596079987171,0.596079987171,1],"ix":4},"o":{"a":0,"k":100,"ix":5},"r":1,"bm":0,"nm":"填充 1","mn":"ADBE Vector Graphic - Fill","hd":false},{"ty":"tr","p":{"a":0,"k":[0,0],"ix":2},"a":{"a":0,"k":[0,0],"ix":1},"s":{"a":0,"k":[100,100],"ix":3},"r":{"a":0,"k":0,"ix":6},"o":{"a":0,"k":100,"ix":7},"sk":{"a":0,"k":0,"ix":4},"sa":{"a":0,"k":0,"ix":5},"nm":"变换"}],"nm":"会","np":6,"cix":2,"bm":0,"ix":2,"mn":"ADBE Vector Group","hd":false},{"ty":"gr","it":[{"ind":0,"ty":"sh","ix":1,"ks":{"a":0,"k":{"i":[[0,0],[0,0],[0,0],[0,0]],"o":[[0,0],[0,0],[0,0],[0,0]],"v":[[164.275,-59.821],[164.275,-32.252],[211.558,-32.252],[211.558,-59.821]],"c":true},"ix":2},"nm":"是","mn":"ADBE Vector Shape - Group","hd":false},{"ind":1,"ty":"sh","ix":2,"ks":{"a":0,"k":{"i":[[0,0],[0,0],[0,0],[0,0]],"o":[[0,0],[0,0],[0,0],[0,0]],"v":[[203.778,-38.898],[172.131,-38.898],[172.131,-42.977],[203.778,-42.977]],"c":true},"ix":2},"nm":"是","mn":"ADBE Vector Shape - Group","hd":false},{"ind":2,"ty":"sh","ix":3,"ks":{"a":0,"k":{"i":[[0,0],[0,0],[0,0],[0,0]],"o":[[0,0],[0,0],[0,0],[0,0]],"v":[[172.131,-49.171],[172.131,-53.174],[203.778,-53.174],[203.778,-49.171]],"c":true},"ix":2},"nm":"是","mn":"ADBE Vector Shape - Group","hd":false},{"ind":3,"ty":"sh","ix":4,"ks":{"a":0,"k":{"i":[[0,0],[0,0],[0.755,0.227],[2.87,4.456],[-0.68,2.644],[0,0],[6.798,-5.287],[0,0],[-2.87,5.061],[-3.625,-1.511],[-12.538,-0.076],[-5.287,0],[0,0],[6.722,0],[3.399,0.302],[0,0],[0,0],[0,0],[0,0],[0,0],[0,0],[0,0],[0,0],[0,0]],"o":[[0,0],[-0.906,-0.227],[-3.701,-1.208],[0.906,-2.341],[0,0],[-2.417,8.762],[0,0],[4.305,-3.399],[2.87,4.23],[4.683,1.813],[4.23,0.076],[0,0],[-4.607,0.151],[-4.381,0],[0,0],[0,0],[0,0],[0,0],[0,0],[0,0],[0,0],[0,0],[0,0],[0,0]],"v":[[184.669,-21.149],[184.669,-1.737],[182.176,-2.417],[172.282,-10.876],[174.699,-18.354],[167.221,-19.638],[153.474,1.36],[158.611,7.931],[169.411,-4.758],[179.079,3.928],[204.836,6.798],[219.111,6.949],[221.301,-0.453],[204.307,-0.151],[192.599,-0.604],[192.599,-7.855],[213.446,-7.855],[213.446,-14.804],[192.599,-14.804],[192.599,-21.149],[221.528,-21.149],[221.528,-28.249],[154.079,-28.249],[154.079,-21.149]],"c":true},"ix":2},"nm":"是","mn":"ADBE Vector Shape - Group","hd":false},{"ty":"mm","mm":1,"nm":"合并路径 1","mn":"ADBE Vector Filter - Merge","hd":false},{"ty":"fl","c":{"a":0,"k":[0.596079987171,0.596079987171,0.596079987171,1],"ix":4},"o":{"a":0,"k":100,"ix":5},"r":1,"bm":0,"nm":"填充 1","mn":"ADBE Vector Graphic - Fill","hd":false},{"ty":"tr","p":{"a":0,"k":[0,0],"ix":2},"a":{"a":0,"k":[0,0],"ix":1},"s":{"a":0,"k":[100,100],"ix":3},"r":{"a":0,"k":0,"ix":6},"o":{"a":0,"k":100,"ix":7},"sk":{"a":0,"k":0,"ix":4},"sa":{"a":0,"k":0,"ix":5},"nm":"变换"}],"nm":"是","np":7,"cix":2,"bm":0,"ix":3,"mn":"ADBE Vector Group","hd":false}],"ip":10,"op":190,"st":10,"bm":0},{"ddd":0,"ind":44,"ty":4,"nm":"“什么模样”轮廓","sr":1,"ks":{"o":{"a":1,"k":[{"i":{"x":[0.833],"y":[0.833]},"o":{"x":[0.167],"y":[0.167]},"t":20,"s":[0]},{"i":{"x":[0.833],"y":[0.833]},"o":{"x":[0.167],"y":[0.167]},"t":40,"s":[100]},{"i":{"x":[0.833],"y":[0.833]},"o":{"x":[0.167],"y":[0.167]},"t":180,"s":[100]},{"t":189,"s":[0]}],"ix":11},"r":{"a":0,"k":0,"ix":10},"p":{"a":0,"k":[94,712,0],"ix":2},"a":{"a":0,"k":[0,0,0],"ix":1},"s":{"a":0,"k":[100,100,100],"ix":6}},"ao":0,"hasMask":true,"masksProperties":[{"inv":false,"mode":"a","pt":{"a":1,"k":[{"i":{"x":0.667,"y":1},"o":{"x":0.333,"y":0},"t":20,"s":[{"i":[[0,0],[0,0],[0,0],[0,0]],"o":[[0,0],[0,0],[0,0],[0,0]],"v":[[-39,-98],[-444.633,-98],[-444.633,47.395],[-39,47.395]],"c":true}]},{"i":{"x":0.667,"y":1},"o":{"x":0.333,"y":0},"t":40,"s":[{"i":[[0,0],[0,0],[0,0],[0,0]],"o":[[0,0],[0,0],[0,0],[0,0]],"v":[[550,-98],[-52.633,-98],[-52.633,47.395],[550,47.395]],"c":true}]},{"i":{"x":0.667,"y":1},"o":{"x":0.333,"y":0},"t":180,"s":[{"i":[[0,0],[0,0],[0,0],[0,0]],"o":[[0,0],[0,0],[0,0],[0,0]],"v":[[550,-98],[-52.633,-98],[-52.633,47.395],[550,47.395]],"c":true}]},{"t":189,"s":[{"i":[[0,0],[0,0],[0,0],[0,0]],"o":[[0,0],[0,0],[0,0],[0,0]],"v":[[743,-98],[337.367,-98],[337.367,47.395],[743,47.395]],"c":true}]}],"ix":1},"o":{"a":0,"k":100,"ix":3},"x":{"a":0,"k":0,"ix":4},"nm":"蒙版 1"}],"shapes":[{"ty":"gr","it":[{"ind":0,"ty":"sh","ix":1,"ks":{"a":0,"k":{"i":[[-2.266,2.87],[0,0],[0,0],[0,0],[-1.737,5.212],[0,0],[7.629,-8.611],[0,0]],"o":[[0,0],[0,0],[0,0],[2.719,-4.834],[0,0],[-3.701,11.632],[0,0],[2.568,-2.719]],"v":[[12.009,-32.252],[12.009,8.006],[19.865,8.006],[19.865,-43.959],[26.511,-59.065],[19.109,-62.54],[2.115,-32.176],[4.683,-23.943]],"c":true},"ix":2},"nm":"什","mn":"ADBE Vector Shape - Group","hd":false},{"ind":1,"ty":"sh","ix":2,"ks":{"a":0,"k":{"i":[[0,0],[0,0],[0,0],[0,0],[0,0],[0,0],[0,0],[0,0],[0,0],[0,0],[0,0],[0,0]],"o":[[0,0],[0,0],[0,0],[0,0],[0,0],[0,0],[0,0],[0,0],[0,0],[0,0],[0,0],[0,0]],"v":[[43.581,-61.935],[43.581,-38.068],[24.699,-38.068],[24.699,-30.212],[43.581,-30.212],[43.581,7.855],[51.739,7.855],[51.739,-30.212],[72.283,-30.212],[72.283,-38.068],[51.739,-38.068],[51.739,-61.935]],"c":true},"ix":2},"nm":"什","mn":"ADBE Vector Shape - Group","hd":false},{"ty":"mm","mm":1,"nm":"合并路径 1","mn":"ADBE Vector Filter - Merge","hd":false},{"ty":"fl","c":{"a":0,"k":[0.596079987171,0.596079987171,0.596079987171,1],"ix":4},"o":{"a":0,"k":100,"ix":5},"r":1,"bm":0,"nm":"填充 1","mn":"ADBE Vector Graphic - Fill","hd":false},{"ty":"tr","p":{"a":0,"k":[0,0],"ix":2},"a":{"a":0,"k":[0,0],"ix":1},"s":{"a":0,"k":[100,100],"ix":3},"r":{"a":0,"k":0,"ix":6},"o":{"a":0,"k":100,"ix":7},"sk":{"a":0,"k":0,"ix":4},"sa":{"a":0,"k":0,"ix":5},"nm":"变换"}],"nm":"什","np":5,"cix":2,"bm":0,"ix":1,"mn":"ADBE Vector Group","hd":false},{"ty":"gr","it":[{"ind":0,"ty":"sh","ix":1,"ks":{"a":0,"k":{"i":[[6.194,9.064],[0,0],[-2.946,-5.665],[10.725,-0.831],[-11.707,19.034],[0,0],[10.65,-12.085],[2.115,-0.906],[0,0],[-12.538,2.266],[-1.057,-2.493],[0,0]],"o":[[0,0],[3.172,4.834],[-10.423,1.435],[7.931,-8.384],[0,0],[-8.611,15.106],[-2.341,2.493],[0,0],[18.883,-1.133],[1.057,2.266],[0,0],[-4.456,-10.272]],"v":[[129.987,-25.605],[122.433,-23.188],[131.573,-7.478],[99.85,-4.079],[129.307,-45.168],[121.301,-49.095],[92.448,-8.308],[85.801,-3.248],[87.916,4.758],[135.123,-0.302],[138.295,6.873],[145.999,3.399]],"c":true},"ix":2},"nm":"么","mn":"ADBE Vector Shape - Group","hd":false},{"ind":1,"ty":"sh","ix":2,"ks":{"a":0,"k":{"i":[[0,0],[11.028,-8.611],[0,0],[-8.535,17.221]],"o":[[-8.157,15.862],[0,0],[12.614,-10.348],[0,0]],"v":[[106.572,-62.615],[77.87,-25.983],[83.459,-19.336],[115.182,-60.651]],"c":true},"ix":2},"nm":"么","mn":"ADBE Vector Shape - Group","hd":false},{"ty":"mm","mm":1,"nm":"合并路径 1","mn":"ADBE Vector Filter - Merge","hd":false},{"ty":"fl","c":{"a":0,"k":[0.596079987171,0.596079987171,0.596079987171,1],"ix":4},"o":{"a":0,"k":100,"ix":5},"r":1,"bm":0,"nm":"填充 1","mn":"ADBE Vector Graphic - Fill","hd":false},{"ty":"tr","p":{"a":0,"k":[0,0],"ix":2},"a":{"a":0,"k":[0,0],"ix":1},"s":{"a":0,"k":[100,100],"ix":3},"r":{"a":0,"k":0,"ix":6},"o":{"a":0,"k":100,"ix":7},"sk":{"a":0,"k":0,"ix":4},"sa":{"a":0,"k":0,"ix":5},"nm":"变换"}],"nm":"么","np":5,"cix":2,"bm":0,"ix":2,"mn":"ADBE Vector Group","hd":false},{"ty":"gr","it":[{"ind":0,"ty":"sh","ix":1,"ks":{"a":0,"k":{"i":[[0,0],[0,0],[0,0],[0,0],[0,0],[0,0],[0,0],[0,0],[0,0],[0,0],[0,0],[0,0],[0,0],[0,0],[0,0],[0,0],[0,0],[0,0],[0,0],[0,0]],"o":[[0,0],[0,0],[0,0],[0,0],[0,0],[0,0],[0,0],[0,0],[0,0],[0,0],[0,0],[0,0],[0,0],[0,0],[0,0],[0,0],[0,0],[0,0],[0,0],[0,0]],"v":[[176.36,-56.346],[176.36,-49.397],[186.255,-49.397],[186.255,-44.941],[193.581,-44.941],[193.581,-49.397],[203.476,-49.397],[203.476,-44.941],[210.878,-44.941],[210.878,-49.397],[221.754,-49.397],[221.754,-56.346],[210.878,-56.346],[210.878,-61.784],[203.476,-61.784],[203.476,-56.346],[193.581,-56.346],[193.581,-61.784],[186.255,-61.784],[186.255,-56.346]],"c":true},"ix":2},"nm":"模","mn":"ADBE Vector Shape - Group","hd":false},{"ind":1,"ty":"sh","ix":2,"ks":{"a":0,"k":{"i":[[-0.831,1.36],[-8.913,-3.928],[0,0],[4.079,3.928],[0,0],[0,0],[0,0],[-0.227,1.36],[0,0],[0,0],[0,0],[0,0],[0,0],[0.378,-1.284],[0,0],[0,0],[0,0],[0.302,-0.378],[7.175,-1.964],[0,0],[-3.474,4.456]],"o":[[4.079,5.816],[0,0],[-7.704,-2.568],[0,0],[0,0],[0,0],[0.302,-1.284],[0,0],[0,0],[0,0],[0,0],[0,0],[-0.302,1.36],[0,0],[0,0],[0,0],[-0.151,0.227],[-3.172,3.625],[0,0],[8.762,-2.568],[0.906,-1.208]],"v":[[197.962,-6.345],[217.525,8.233],[222.887,1.888],[205.289,-7.931],[221.906,-7.931],[221.906,-15.031],[201.286,-15.031],[202.041,-19.034],[217.223,-19.034],[217.223,-43.279],[179.759,-43.279],[179.759,-19.034],[195.092,-19.034],[194.11,-15.031],[174.623,-15.031],[174.623,-7.931],[190.485,-7.931],[189.805,-7.024],[174.245,1.435],[176.965,7.931],[195.394,-2.568]],"c":true},"ix":2},"nm":"模","mn":"ADBE Vector Shape - Group","hd":false},{"ind":2,"ty":"sh","ix":3,"ks":{"a":0,"k":{"i":[[0,0],[-1.964,-3.701],[0,0],[3.021,3.55],[0,0],[0,0],[0,0],[0,0],[0,0],[0,0],[0,0],[0,0],[0,0],[0,0],[0,0],[4.683,-6.345],[0,0],[-1.964,5.514],[0,0],[0,0]],"o":[[1.511,2.568],[0,0],[-3.172,-4.305],[0,0],[0,0],[0,0],[0,0],[0,0],[0,0],[0,0],[0,0],[0,0],[0,0],[0,0],[-2.19,8.006],[0,0],[2.719,-4.758],[0,0],[0,0],[0,0]],"v":[[170.167,-28.098],[175.378,-18.732],[179.533,-25.001],[170.167,-36.784],[170.167,-40.711],[177.267,-40.711],[177.267,-47.887],[170.167,-47.887],[170.167,-61.558],[162.765,-61.558],[162.765,-47.887],[154.834,-47.887],[154.834,-40.711],[162.765,-40.711],[162.765,-40.031],[152.417,-18.505],[155.816,-9.743],[162.765,-25.152],[162.765,7.629],[170.167,7.629]],"c":true},"ix":2},"nm":"模","mn":"ADBE Vector Shape - Group","hd":false},{"ind":3,"ty":"sh","ix":4,"ks":{"a":0,"k":{"i":[[0,0],[0,0],[0,0],[0,0]],"o":[[0,0],[0,0],[0,0],[0,0]],"v":[[210.123,-24.925],[186.784,-24.925],[186.784,-28.249],[210.123,-28.249]],"c":true},"ix":2},"nm":"模","mn":"ADBE Vector Shape - Group","hd":false},{"ind":4,"ty":"sh","ix":5,"ks":{"a":0,"k":{"i":[[0,0],[0,0],[0,0],[0,0]],"o":[[0,0],[0,0],[0,0],[0,0]],"v":[[186.784,-33.989],[186.784,-37.237],[210.123,-37.237],[210.123,-33.989]],"c":true},"ix":2},"nm":"模","mn":"ADBE Vector Shape - Group","hd":false},{"ty":"mm","mm":1,"nm":"合并路径 1","mn":"ADBE Vector Filter - Merge","hd":false},{"ty":"fl","c":{"a":0,"k":[0.596079987171,0.596079987171,0.596079987171,1],"ix":4},"o":{"a":0,"k":100,"ix":5},"r":1,"bm":0,"nm":"填充 1","mn":"ADBE Vector Graphic - Fill","hd":false},{"ty":"tr","p":{"a":0,"k":[0,0],"ix":2},"a":{"a":0,"k":[0,0],"ix":1},"s":{"a":0,"k":[100,100],"ix":3},"r":{"a":0,"k":0,"ix":6},"o":{"a":0,"k":100,"ix":7},"sk":{"a":0,"k":0,"ix":4},"sa":{"a":0,"k":0,"ix":5},"nm":"变换"}],"nm":"模","np":8,"cix":2,"bm":0,"ix":3,"mn":"ADBE Vector Group","hd":false},{"ty":"gr","it":[{"ind":0,"ty":"sh","ix":1,"ks":{"a":0,"k":{"i":[[0,0],[0,0],[0,0],[0,0],[0,0],[0,0],[0,0],[0,0],[0,0],[0,0],[0,0],[0,0],[0,0],[0,0],[0,0],[0,0],[0,0],[0,0],[0,0],[0,0],[0,0],[0,0],[0,0],[-1.511,3.777],[0,0],[1.964,-4.079],[0,0],[0,0],[2.115,3.248],[0,0],[-1.813,-3.474],[0,0],[0,0]],"o":[[0,0],[0,0],[0,0],[0,0],[0,0],[0,0],[0,0],[0,0],[0,0],[0,0],[0,0],[0,0],[0,0],[0,0],[0,0],[0,0],[0,0],[0,0],[0,0],[0,0],[0,0],[0,0],[1.813,-3.021],[0,0],[-1.511,4.532],[0,0],[0,0],[-2.039,-3.777],[0,0],[2.039,2.795],[0,0],[0,0],[0,0]],"v":[[271.603,-42.071],[271.603,-33.234],[257.629,-33.234],[257.629,-25.832],[271.603,-25.832],[271.603,-16.692],[253.475,-16.692],[253.475,-9.215],[271.603,-9.215],[271.603,8.082],[279.458,8.082],[279.458,-9.215],[297.661,-9.215],[297.661,-16.692],[279.458,-16.692],[279.458,-25.832],[293.356,-25.832],[293.356,-33.234],[279.458,-33.234],[279.458,-42.071],[295.621,-42.071],[295.621,-49.473],[286.482,-49.473],[291.467,-59.669],[283.99,-62.313],[278.778,-49.473],[268.053,-49.473],[272.131,-51.512],[265.862,-62.086],[259.367,-58.914],[265.182,-49.473],[255.288,-49.473],[255.288,-42.071]],"c":true},"ix":2},"nm":"样","mn":"ADBE Vector Shape - Group","hd":false},{"ind":1,"ty":"sh","ix":2,"ks":{"a":0,"k":{"i":[[0,0],[-1.813,-3.021],[0,0],[3.021,3.097],[0,0],[0,0],[0,0],[0,0],[0,0],[0,0],[0,0],[0,0],[0,0],[0,0],[4.91,-6.496],[0,0],[-1.964,5.212],[0,0],[0,0]],"o":[[1.435,2.115],[0,0],[-3.021,-3.777],[0,0],[0,0],[0,0],[0,0],[0,0],[0,0],[0,0],[0,0],[0,0],[0,0],[-2.266,8.459],[0,0],[2.719,-4.532],[0,0],[0,0],[0,0]],"v":[[245.998,-27.946],[250.907,-20.318],[255.061,-26.662],[245.998,-36.935],[245.998,-40.485],[252.72,-40.485],[252.72,-48.113],[245.998,-48.113],[245.998,-61.935],[238.369,-61.935],[238.369,-48.113],[229.758,-48.113],[229.758,-40.485],[237.916,-40.485],[227.115,-18.052],[231.345,-11.632],[238.369,-26.209],[238.369,7.931],[245.998,7.931]],"c":true},"ix":2},"nm":"样","mn":"ADBE Vector Shape - Group","hd":false},{"ty":"mm","mm":1,"nm":"合并路径 1","mn":"ADBE Vector Filter - Merge","hd":false},{"ty":"fl","c":{"a":0,"k":[0.596079987171,0.596079987171,0.596079987171,1],"ix":4},"o":{"a":0,"k":100,"ix":5},"r":1,"bm":0,"nm":"填充 1","mn":"ADBE Vector Graphic - Fill","hd":false},{"ty":"tr","p":{"a":0,"k":[0,0],"ix":2},"a":{"a":0,"k":[0,0],"ix":1},"s":{"a":0,"k":[100,100],"ix":3},"r":{"a":0,"k":0,"ix":6},"o":{"a":0,"k":100,"ix":7},"sk":{"a":0,"k":0,"ix":4},"sa":{"a":0,"k":0,"ix":5},"nm":"变换"}],"nm":"样","np":5,"cix":2,"bm":0,"ix":4,"mn":"ADBE Vector Group","hd":false}],"ip":20,"op":190,"st":20,"bm":0}],"markers":[]}