{"v":"5.6.8","fr":30,"ip":0,"op":330,"w":1125,"h":1050,"nm":"订阅视频-手相","ddd":0,"assets":[],"layers":[{"ddd":0,"ind":42,"ty":4,"nm":"“vida:”轮廓","parent":84,"sr":1,"ks":{"o":{"a":1,"k":[{"i":{"x":[0.833],"y":[0.833]},"o":{"x":[0.167],"y":[0.167]},"t":230,"s":[0]},{"t":240,"s":[100]}],"ix":11},"r":{"a":0,"k":0,"ix":10},"p":{"a":0,"k":[265.755,-192.692,0],"ix":2},"a":{"a":0,"k":[-0.81,-13.716,0],"ix":1},"s":{"a":0,"k":[100,100,100],"ix":6}},"ao":0,"shapes":[{"ty":"gr","it":[{"ind":0,"ty":"sh","ix":1,"ks":{"a":0,"k":{"i":[[0,0],[0,0],[0,0],[0,0],[0,0],[0,0],[0,0]],"o":[[0,0],[0,0],[0,0],[0,0],[0,0],[0,0],[0,0]],"v":[[0.202,-18.826],[7.146,0],[10.517,0],[17.604,-18.826],[14.142,-18.826],[8.903,-3.498],[3.876,-18.826]],"c":true},"ix":2},"nm":"v","mn":"ADBE Vector Shape - Group","hd":false},{"ty":"fl","c":{"a":0,"k":[1,1,1,1],"ix":4},"o":{"a":0,"k":100,"ix":5},"r":1,"bm":0,"nm":"填充 1","mn":"ADBE Vector Graphic - Fill","hd":false},{"ty":"st","c":{"a":0,"k":[0.098040008545,0.098040008545,0.098040008545,1],"ix":3},"o":{"a":0,"k":100,"ix":4},"w":{"a":0,"k":0.01,"ix":5},"lc":1,"lj":1,"ml":4,"bm":0,"nm":"描边 1","mn":"ADBE Vector Graphic - Stroke","hd":false},{"ty":"tr","p":{"a":0,"k":[0,0],"ix":2},"a":{"a":0,"k":[0,0],"ix":1},"s":{"a":0,"k":[100,100],"ix":3},"r":{"a":0,"k":0,"ix":6},"o":{"a":0,"k":100,"ix":7},"sk":{"a":0,"k":0,"ix":4},"sa":{"a":0,"k":0,"ix":5},"nm":"变换"}],"nm":"v","np":3,"cix":2,"bm":0,"ix":1,"mn":"ADBE Vector Group","hd":false},{"ty":"gr","it":[{"ind":0,"ty":"sh","ix":1,"ks":{"a":0,"k":{"i":[[0,0],[0,0],[0,0],[0,0]],"o":[[0,0],[0,0],[0,0],[0,0]],"v":[[20.32,0],[23.537,0],[23.537,-18.738],[20.32,-18.738]],"c":true},"ix":2},"nm":"i","mn":"ADBE Vector Shape - Group","hd":false},{"ind":1,"ty":"sh","ix":2,"ks":{"a":0,"k":{"i":[[0,0],[0,0],[0,0],[0,0]],"o":[[0,0],[0,0],[0,0],[0,0]],"v":[[20.32,-22.236],[23.537,-22.236],[23.537,-25.822],[20.32,-25.822]],"c":true},"ix":2},"nm":"i","mn":"ADBE Vector Shape - Group","hd":false},{"ty":"mm","mm":1,"nm":"合并路径 1","mn":"ADBE Vector Filter - Merge","hd":false},{"ty":"fl","c":{"a":0,"k":[1,1,1,1],"ix":4},"o":{"a":0,"k":100,"ix":5},"r":1,"bm":0,"nm":"填充 1","mn":"ADBE Vector Graphic - Fill","hd":false},{"ty":"st","c":{"a":0,"k":[0.098040008545,0.098040008545,0.098040008545,1],"ix":3},"o":{"a":0,"k":100,"ix":4},"w":{"a":0,"k":0.01,"ix":5},"lc":1,"lj":1,"ml":4,"bm":0,"nm":"描边 1","mn":"ADBE Vector Graphic - Stroke","hd":false},{"ty":"tr","p":{"a":0,"k":[0,0],"ix":2},"a":{"a":0,"k":[0,0],"ix":1},"s":{"a":0,"k":[100,100],"ix":3},"r":{"a":0,"k":0,"ix":6},"o":{"a":0,"k":100,"ix":7},"sk":{"a":0,"k":0,"ix":4},"sa":{"a":0,"k":0,"ix":5},"nm":"变换"}],"nm":"i","np":5,"cix":2,"bm":0,"ix":2,"mn":"ADBE Vector Group","hd":false},{"ty":"gr","it":[{"ind":0,"ty":"sh","ix":1,"ks":{"a":0,"k":{"i":[[0,2.016],[-0.985,1.219],[-1.586,0],[-0.968,-1.143],[0,-2.379],[0.939,-1.26],[1.457,0],[0.851,1.36]],"o":[[0,-2.367],[0.985,-1.219],[1.422,0],[0.968,1.143],[0,2.355],[-0.939,1.26],[-1.877,0],[-0.851,-1.359]],"v":[[30.322,-9.193],[31.8,-14.572],[35.656,-16.4],[39.242,-14.687],[40.693,-9.404],[39.285,-3.981],[35.692,-2.092],[31.599,-4.131]],"c":true},"ix":2},"nm":"d","mn":"ADBE Vector Shape - Group","hd":false},{"ind":1,"ty":"sh","ix":2,"ks":{"a":0,"k":{"i":[[1.436,0],[1.395,-2.01],[0,-2.742],[-1.529,-1.764],[-2.09,0],[-1.004,0.516],[-0.736,1.16],[0,0],[0,0],[0,0],[0,0],[0,0],[0.56,0.352]],"o":[[-2.592,0],[-1.395,2.01],[0,2.93],[1.529,1.764],[1.296,0],[1.004,-0.516],[0,0],[0,0],[0,0],[0,0],[0,0],[-0.712,-0.879],[-0.969,-0.609]],"v":[[35.055,-19.16],[29.075,-16.146],[26.982,-9.018],[29.276,-1.978],[34.705,0.668],[38.154,-0.105],[40.764,-2.619],[40.764,0],[43.611,0],[43.611,-25.91],[40.57,-25.91],[40.57,-16.4],[38.662,-18.246]],"c":true},"ix":2},"nm":"d","mn":"ADBE Vector Shape - Group","hd":false},{"ty":"mm","mm":1,"nm":"合并路径 1","mn":"ADBE Vector Filter - Merge","hd":false},{"ty":"fl","c":{"a":0,"k":[1,1,1,1],"ix":4},"o":{"a":0,"k":100,"ix":5},"r":1,"bm":0,"nm":"填充 1","mn":"ADBE Vector Graphic - Fill","hd":false},{"ty":"st","c":{"a":0,"k":[0.098040008545,0.098040008545,0.098040008545,1],"ix":3},"o":{"a":0,"k":100,"ix":4},"w":{"a":0,"k":0.01,"ix":5},"lc":1,"lj":1,"ml":4,"bm":0,"nm":"描边 1","mn":"ADBE Vector Graphic - Stroke","hd":false},{"ty":"tr","p":{"a":0,"k":[0,0],"ix":2},"a":{"a":0,"k":[0,0],"ix":1},"s":{"a":0,"k":[100,100],"ix":3},"r":{"a":0,"k":0,"ix":6},"o":{"a":0,"k":100,"ix":7},"sk":{"a":0,"k":0,"ix":4},"sa":{"a":0,"k":0,"ix":5},"nm":"变换"}],"nm":"d","np":5,"cix":2,"bm":0,"ix":3,"mn":"ADBE Vector Group","hd":false},{"ty":"gr","it":[{"ind":0,"ty":"sh","ix":1,"ks":{"a":0,"k":{"i":[[0,0.912],[-0.979,0.55],[-1.146,0.152],[0,0],[-0.608,0.165],[-0.386,0.247],[0,0],[1.758,-0.854],[1.113,0],[0.668,0.526]],"o":[[0,-1.204],[0.578,-0.327],[0,0],[0.585,-0.07],[0.608,-0.165],[0,0],[0,1.942],[-1.043,0.515],[-0.914,0],[-0.668,-0.526]],"v":[[50.766,-5.003],[52.233,-7.634],[54.819,-8.353],[56.731,-8.599],[58.521,-8.951],[60.012,-9.568],[60.012,-7.023],[57.375,-2.829],[54.141,-2.057],[51.768,-2.846]],"c":true},"ix":2},"nm":"a","mn":"ADBE Vector Shape - Group","hd":false},{"ind":1,"ty":"sh","ix":2,"ks":{"a":0,"k":{"i":[[0,0],[1.09,-0.96],[0,-1.744],[-1.107,-1.059],[-1.746,0],[-1.207,0.621],[-0.645,0.844],[-0.258,-0.41],[-1.09,0],[-0.258,0.035],[-0.492,0.141],[0,0],[0.176,-0.018],[0.141,0],[0.135,0.199],[0,0.328],[0,0],[1.369,0.844],[2.212,0],[1.446,-0.911],[0.059,-2.327],[0,0],[-0.386,0.495],[-1.649,0],[-0.766,-0.488],[0,-1.082],[0.14,-0.282],[0.726,-0.093]],"o":[[-1.77,0.222],[-1.09,0.96],[0,1.592],[1.107,1.059],[1.453,0],[1.207,-0.621],[0.105,0.75],[0.492,0.773],[0.445,0],[0.258,-0.035],[0,0],[-0.199,0.035],[-0.176,0.018],[-0.434,0],[-0.135,-0.199],[0,0],[0,-1.781],[-1.381,-0.844],[-1.908,0],[-1.446,0.911],[0,0],[0.117,-0.977],[0.69,-0.895],[1.427,0],[0.766,0.488],[0,0.53],[-0.246,0.515],[0,0]],"v":[[53.385,-10.761],[49.096,-8.988],[47.461,-4.933],[49.122,-0.956],[53.402,0.633],[57.393,-0.299],[60.17,-2.496],[60.715,-0.756],[63.088,0.404],[64.143,0.352],[65.268,0.088],[65.268,-2.25],[64.705,-2.171],[64.23,-2.145],[63.378,-2.443],[63.176,-3.234],[63.176,-14.08],[61.122,-18.018],[55.731,-19.283],[50.701,-17.917],[48.445,-13.061],[51.398,-13.061],[52.153,-15.269],[55.661,-16.611],[58.95,-15.879],[60.1,-13.523],[59.889,-12.306],[58.43,-11.393]],"c":true},"ix":2},"nm":"a","mn":"ADBE Vector Shape - Group","hd":false},{"ty":"mm","mm":1,"nm":"合并路径 1","mn":"ADBE Vector Filter - Merge","hd":false},{"ty":"fl","c":{"a":0,"k":[1,1,1,1],"ix":4},"o":{"a":0,"k":100,"ix":5},"r":1,"bm":0,"nm":"填充 1","mn":"ADBE Vector Graphic - Fill","hd":false},{"ty":"st","c":{"a":0,"k":[0.098040008545,0.098040008545,0.098040008545,1],"ix":3},"o":{"a":0,"k":100,"ix":4},"w":{"a":0,"k":0.01,"ix":5},"lc":1,"lj":1,"ml":4,"bm":0,"nm":"描边 1","mn":"ADBE Vector Graphic - Stroke","hd":false},{"ty":"tr","p":{"a":0,"k":[0,0],"ix":2},"a":{"a":0,"k":[0,0],"ix":1},"s":{"a":0,"k":[100,100],"ix":3},"r":{"a":0,"k":0,"ix":6},"o":{"a":0,"k":100,"ix":7},"sk":{"a":0,"k":0,"ix":4},"sa":{"a":0,"k":0,"ix":5},"nm":"变换"}],"nm":"a","np":5,"cix":2,"bm":0,"ix":4,"mn":"ADBE Vector Group","hd":false},{"ty":"gr","it":[{"ind":0,"ty":"sh","ix":1,"ks":{"a":0,"k":{"i":[[0,0],[0,0],[0,0],[0,0]],"o":[[0,0],[0,0],[0,0],[0,0]],"v":[[70.031,-14.748],[73.705,-14.748],[73.705,-18.58],[70.031,-18.58]],"c":true},"ix":2},"nm":":","mn":"ADBE Vector Shape - Group","hd":false},{"ind":1,"ty":"sh","ix":2,"ks":{"a":0,"k":{"i":[[0,0],[0,0],[0,0],[0,0]],"o":[[0,0],[0,0],[0,0],[0,0]],"v":[[70.031,0],[73.705,0],[73.705,-3.832],[70.031,-3.832]],"c":true},"ix":2},"nm":":","mn":"ADBE Vector Shape - Group","hd":false},{"ty":"mm","mm":1,"nm":"合并路径 1","mn":"ADBE Vector Filter - Merge","hd":false},{"ty":"fl","c":{"a":0,"k":[1,1,1,1],"ix":4},"o":{"a":0,"k":100,"ix":5},"r":1,"bm":0,"nm":"填充 1","mn":"ADBE Vector Graphic - Fill","hd":false},{"ty":"st","c":{"a":0,"k":[0.098040008545,0.098040008545,0.098040008545,1],"ix":3},"o":{"a":0,"k":100,"ix":4},"w":{"a":0,"k":0.01,"ix":5},"lc":1,"lj":1,"ml":4,"bm":0,"nm":"描边 1","mn":"ADBE Vector Graphic - Stroke","hd":false},{"ty":"tr","p":{"a":0,"k":[0,0],"ix":2},"a":{"a":0,"k":[0,0],"ix":1},"s":{"a":0,"k":[100,100],"ix":3},"r":{"a":0,"k":0,"ix":6},"o":{"a":0,"k":100,"ix":7},"sk":{"a":0,"k":0,"ix":4},"sa":{"a":0,"k":0,"ix":5},"nm":"变换"}],"nm":":","np":5,"cix":2,"bm":0,"ix":5,"mn":"ADBE Vector Group","hd":false}],"ip":220,"op":400,"st":40,"bm":0},{"ddd":0,"ind":44,"ty":4,"nm":"“amar：”轮廓","parent":88,"sr":1,"ks":{"o":{"a":1,"k":[{"i":{"x":[0.833],"y":[0.833]},"o":{"x":[0.167],"y":[0.167]},"t":195,"s":[0]},{"t":205,"s":[100]}],"ix":11},"r":{"a":0,"k":0,"ix":10},"p":{"a":0,"k":[266.882,-195.738,0],"ix":2},"a":{"a":0,"k":[-0.81,-13.716,0],"ix":1},"s":{"a":0,"k":[100,100,100],"ix":6}},"ao":0,"shapes":[{"ty":"gr","it":[{"ind":0,"ty":"sh","ix":1,"ks":{"a":0,"k":{"i":[[0,0.912],[-0.979,0.55],[-1.146,0.152],[0,0],[-0.608,0.165],[-0.386,0.247],[0,0],[1.758,-0.854],[1.113,0],[0.668,0.526]],"o":[[0,-1.204],[0.578,-0.327],[0,0],[0.585,-0.07],[0.608,-0.165],[0,0],[0,1.942],[-1.043,0.515],[-0.914,0],[-0.668,-0.526]],"v":[[4.746,-5.003],[6.214,-7.634],[8.799,-8.353],[10.712,-8.599],[12.501,-8.951],[13.992,-9.568],[13.992,-7.023],[11.355,-2.829],[8.121,-2.057],[5.748,-2.846]],"c":true},"ix":2},"nm":"a","mn":"ADBE Vector Shape - Group","hd":false},{"ind":1,"ty":"sh","ix":2,"ks":{"a":0,"k":{"i":[[0,0],[1.09,-0.96],[0,-1.744],[-1.107,-1.059],[-1.746,0],[-1.207,0.621],[-0.645,0.844],[-0.258,-0.41],[-1.09,0],[-0.258,0.035],[-0.492,0.141],[0,0],[0.176,-0.018],[0.141,0],[0.135,0.199],[0,0.328],[0,0],[1.369,0.844],[2.212,0],[1.446,-0.911],[0.059,-2.327],[0,0],[-0.386,0.495],[-1.649,0],[-0.766,-0.488],[0,-1.082],[0.14,-0.282],[0.726,-0.093]],"o":[[-1.77,0.222],[-1.09,0.96],[0,1.592],[1.107,1.059],[1.453,0],[1.207,-0.621],[0.105,0.75],[0.492,0.773],[0.445,0],[0.258,-0.035],[0,0],[-0.199,0.035],[-0.176,0.018],[-0.434,0],[-0.135,-0.199],[0,0],[0,-1.781],[-1.381,-0.844],[-1.908,0],[-1.446,0.911],[0,0],[0.117,-0.977],[0.69,-0.895],[1.427,0],[0.766,0.488],[0,0.53],[-0.246,0.515],[0,0]],"v":[[7.365,-10.761],[3.076,-8.988],[1.441,-4.933],[3.103,-0.956],[7.383,0.633],[11.373,-0.299],[14.15,-2.496],[14.695,-0.756],[17.068,0.404],[18.123,0.352],[19.248,0.088],[19.248,-2.25],[18.686,-2.171],[18.211,-2.145],[17.358,-2.443],[17.156,-3.234],[17.156,-14.08],[15.102,-18.018],[9.712,-19.283],[4.682,-17.917],[2.426,-13.061],[5.379,-13.061],[6.133,-15.269],[9.642,-16.611],[12.931,-15.879],[14.08,-13.523],[13.869,-12.306],[12.41,-11.393]],"c":true},"ix":2},"nm":"a","mn":"ADBE Vector Shape - Group","hd":false},{"ty":"mm","mm":1,"nm":"合并路径 1","mn":"ADBE Vector Filter - Merge","hd":false},{"ty":"fl","c":{"a":0,"k":[1,1,1,1],"ix":4},"o":{"a":0,"k":100,"ix":5},"r":1,"bm":0,"nm":"填充 1","mn":"ADBE Vector Graphic - Fill","hd":false},{"ty":"st","c":{"a":0,"k":[0.098040008545,0.098040008545,0.098040008545,1],"ix":3},"o":{"a":0,"k":100,"ix":4},"w":{"a":0,"k":0.01,"ix":5},"lc":1,"lj":1,"ml":4,"bm":0,"nm":"描边 1","mn":"ADBE Vector Graphic - Stroke","hd":false},{"ty":"tr","p":{"a":0,"k":[0,0],"ix":2},"a":{"a":0,"k":[0,0],"ix":1},"s":{"a":0,"k":[100,100],"ix":3},"r":{"a":0,"k":0,"ix":6},"o":{"a":0,"k":100,"ix":7},"sk":{"a":0,"k":0,"ix":4},"sa":{"a":0,"k":0,"ix":5},"nm":"变换"}],"nm":"a","np":5,"cix":2,"bm":0,"ix":1,"mn":"ADBE Vector Group","hd":false},{"ty":"gr","it":[{"ind":0,"ty":"sh","ix":1,"ks":{"a":0,"k":{"i":[[0,0],[0,0],[0,0],[-0.979,0.926],[-1.195,0],[-0.481,-0.879],[0,-1.277],[0,0],[0,0],[0,0],[-0.896,0.832],[-1.242,0],[-0.627,-0.469],[0,-1.254],[0,0],[0,0],[0,0],[0.492,0.984],[2.531,0],[0.949,-0.486],[0.703,-1.008],[0.516,0.422],[1.5,0],[1.043,-0.715],[0.75,-0.926],[0,0],[0,0]],"o":[[0,0],[0,0],[0,-2.426],[0.978,-0.926],[1.312,0],[0.305,0.586],[0,0],[0,0],[0,0],[0,-1.945],[0.896,-0.832],[0.902,0],[0.627,0.469],[0,0],[0,0],[0,0],[0,-1.664],[-0.914,-1.828],[-1.184,0],[-0.949,0.486],[-0.422,-0.82],[-0.914,-0.738],[-1.324,0],[-0.609,0.422],[0,0],[0,0],[0,0]],"v":[[22.342,0],[25.506,0],[25.506,-9.984],[26.974,-15.012],[30.234,-16.4],[32.924,-15.082],[33.381,-12.287],[33.381,0],[36.598,0],[36.598,-10.951],[37.942,-15.117],[41.15,-16.365],[43.444,-15.662],[44.385,-13.078],[44.385,0],[47.672,0],[47.672,-12.533],[46.934,-16.506],[41.766,-19.248],[38.566,-18.519],[36.088,-16.277],[34.682,-18.141],[31.061,-19.248],[27.51,-18.176],[25.471,-16.154],[25.471,-18.826],[22.342,-18.826]],"c":true},"ix":2},"nm":"m","mn":"ADBE Vector Shape - Group","hd":false},{"ty":"fl","c":{"a":0,"k":[1,1,1,1],"ix":4},"o":{"a":0,"k":100,"ix":5},"r":1,"bm":0,"nm":"填充 1","mn":"ADBE Vector Graphic - Fill","hd":false},{"ty":"st","c":{"a":0,"k":[0.098040008545,0.098040008545,0.098040008545,1],"ix":3},"o":{"a":0,"k":100,"ix":4},"w":{"a":0,"k":0.01,"ix":5},"lc":1,"lj":1,"ml":4,"bm":0,"nm":"描边 1","mn":"ADBE Vector Graphic - Stroke","hd":false},{"ty":"tr","p":{"a":0,"k":[0,0],"ix":2},"a":{"a":0,"k":[0,0],"ix":1},"s":{"a":0,"k":[100,100],"ix":3},"r":{"a":0,"k":0,"ix":6},"o":{"a":0,"k":100,"ix":7},"sk":{"a":0,"k":0,"ix":4},"sa":{"a":0,"k":0,"ix":5},"nm":"变换"}],"nm":"m","np":3,"cix":2,"bm":0,"ix":2,"mn":"ADBE Vector Group","hd":false},{"ty":"gr","it":[{"ind":0,"ty":"sh","ix":1,"ks":{"a":0,"k":{"i":[[0,0.912],[-0.979,0.55],[-1.146,0.152],[0,0],[-0.608,0.165],[-0.386,0.247],[0,0],[1.758,-0.854],[1.113,0],[0.668,0.526]],"o":[[0,-1.204],[0.578,-0.327],[0,0],[0.585,-0.07],[0.608,-0.165],[0,0],[0,1.942],[-1.043,0.515],[-0.914,0],[-0.668,-0.526]],"v":[[54.756,-5.003],[56.224,-7.634],[58.809,-8.353],[60.721,-8.599],[62.511,-8.951],[64.002,-9.568],[64.002,-7.023],[61.365,-2.829],[58.131,-2.057],[55.758,-2.846]],"c":true},"ix":2},"nm":"a","mn":"ADBE Vector Shape - Group","hd":false},{"ind":1,"ty":"sh","ix":2,"ks":{"a":0,"k":{"i":[[0,0],[1.09,-0.96],[0,-1.744],[-1.107,-1.059],[-1.746,0],[-1.207,0.621],[-0.645,0.844],[-0.258,-0.41],[-1.09,0],[-0.258,0.035],[-0.492,0.141],[0,0],[0.176,-0.018],[0.141,0],[0.135,0.199],[0,0.328],[0,0],[1.369,0.844],[2.212,0],[1.446,-0.911],[0.059,-2.327],[0,0],[-0.386,0.495],[-1.649,0],[-0.766,-0.488],[0,-1.082],[0.14,-0.282],[0.726,-0.093]],"o":[[-1.77,0.222],[-1.09,0.96],[0,1.592],[1.107,1.059],[1.453,0],[1.207,-0.621],[0.105,0.75],[0.492,0.773],[0.445,0],[0.258,-0.035],[0,0],[-0.199,0.035],[-0.176,0.018],[-0.434,0],[-0.135,-0.199],[0,0],[0,-1.781],[-1.381,-0.844],[-1.908,0],[-1.446,0.911],[0,0],[0.117,-0.977],[0.69,-0.895],[1.427,0],[0.766,0.488],[0,0.53],[-0.246,0.515],[0,0]],"v":[[57.375,-10.761],[53.086,-8.988],[51.451,-4.933],[53.112,-0.956],[57.393,0.633],[61.383,-0.299],[64.16,-2.496],[64.705,-0.756],[67.078,0.404],[68.133,0.352],[69.258,0.088],[69.258,-2.25],[68.695,-2.171],[68.221,-2.145],[67.368,-2.443],[67.166,-3.234],[67.166,-14.08],[65.112,-18.018],[59.722,-19.283],[54.692,-17.917],[52.436,-13.061],[55.389,-13.061],[56.143,-15.269],[59.652,-16.611],[62.941,-15.879],[64.09,-13.523],[63.879,-12.306],[62.42,-11.393]],"c":true},"ix":2},"nm":"a","mn":"ADBE Vector Shape - Group","hd":false},{"ty":"mm","mm":1,"nm":"合并路径 1","mn":"ADBE Vector Filter - Merge","hd":false},{"ty":"fl","c":{"a":0,"k":[1,1,1,1],"ix":4},"o":{"a":0,"k":100,"ix":5},"r":1,"bm":0,"nm":"填充 1","mn":"ADBE Vector Graphic - Fill","hd":false},{"ty":"st","c":{"a":0,"k":[0.098040008545,0.098040008545,0.098040008545,1],"ix":3},"o":{"a":0,"k":100,"ix":4},"w":{"a":0,"k":0.01,"ix":5},"lc":1,"lj":1,"ml":4,"bm":0,"nm":"描边 1","mn":"ADBE Vector Graphic - Stroke","hd":false},{"ty":"tr","p":{"a":0,"k":[0,0],"ix":2},"a":{"a":0,"k":[0,0],"ix":1},"s":{"a":0,"k":[100,100],"ix":3},"r":{"a":0,"k":0,"ix":6},"o":{"a":0,"k":100,"ix":7},"sk":{"a":0,"k":0,"ix":4},"sa":{"a":0,"k":0,"ix":5},"nm":"变换"}],"nm":"a","np":5,"cix":2,"bm":0,"ix":3,"mn":"ADBE Vector Group","hd":false},{"ty":"gr","it":[{"ind":0,"ty":"sh","ix":1,"ks":{"a":0,"k":{"i":[[0,0],[0,0],[0,0],[-0.856,1.026],[-1.594,0],[-0.158,-0.012],[-0.188,-0.035],[0,0],[0.141,0.012],[0.059,0],[0.961,-0.908],[0.246,-0.633],[0,0],[0,0]],"o":[[0,0],[0,0],[0,-1.336],[0.855,-1.025],[0.187,0],[0.158,0.012],[0,0],[-0.34,-0.035],[-0.141,-0.012],[-1.254,0],[-0.961,0.908],[0,0],[0,0],[0,0]],"v":[[72.439,0],[75.604,0],[75.604,-10.828],[76.887,-14.37],[80.561,-15.908],[81.079,-15.891],[81.598,-15.82],[81.598,-19.16],[80.877,-19.23],[80.578,-19.248],[77.256,-17.886],[75.445,-15.574],[75.445,-18.826],[72.439,-18.826]],"c":true},"ix":2},"nm":"r","mn":"ADBE Vector Shape - Group","hd":false},{"ty":"fl","c":{"a":0,"k":[1,1,1,1],"ix":4},"o":{"a":0,"k":100,"ix":5},"r":1,"bm":0,"nm":"填充 1","mn":"ADBE Vector Graphic - Fill","hd":false},{"ty":"st","c":{"a":0,"k":[0.098040008545,0.098040008545,0.098040008545,1],"ix":3},"o":{"a":0,"k":100,"ix":4},"w":{"a":0,"k":0.01,"ix":5},"lc":1,"lj":1,"ml":4,"bm":0,"nm":"描边 1","mn":"ADBE Vector Graphic - Stroke","hd":false},{"ty":"tr","p":{"a":0,"k":[0,0],"ix":2},"a":{"a":0,"k":[0,0],"ix":1},"s":{"a":0,"k":[100,100],"ix":3},"r":{"a":0,"k":0,"ix":6},"o":{"a":0,"k":100,"ix":7},"sk":{"a":0,"k":0,"ix":4},"sa":{"a":0,"k":0,"ix":5},"nm":"变换"}],"nm":"r","np":3,"cix":2,"bm":0,"ix":4,"mn":"ADBE Vector Group","hd":false},{"ty":"gr","it":[{"ind":0,"ty":"sh","ix":1,"ks":{"a":0,"k":{"i":[[0,0],[0,0],[0,0],[0,0]],"o":[[0,0],[0,0],[0,0],[0,0]],"v":[[92.676,-20.268],[89.292,-20.268],[89.292,-16.812],[92.676,-16.812]],"c":true},"ix":2},"nm":"：","mn":"ADBE Vector Shape - Group","hd":false},{"ind":1,"ty":"sh","ix":2,"ks":{"a":0,"k":{"i":[[0,0],[0,0],[0,0],[0,0]],"o":[[0,0],[0,0],[0,0],[0,0]],"v":[[92.676,-5.616],[89.292,-5.616],[89.292,-2.16],[92.676,-2.16]],"c":true},"ix":2},"nm":"：","mn":"ADBE Vector Shape - Group","hd":false},{"ty":"mm","mm":1,"nm":"合并路径 1","mn":"ADBE Vector Filter - Merge","hd":false},{"ty":"fl","c":{"a":0,"k":[1,1,1,1],"ix":4},"o":{"a":0,"k":100,"ix":5},"r":1,"bm":0,"nm":"填充 1","mn":"ADBE Vector Graphic - Fill","hd":false},{"ty":"st","c":{"a":0,"k":[0.098040008545,0.098040008545,0.098040008545,1],"ix":3},"o":{"a":0,"k":100,"ix":4},"w":{"a":0,"k":0.01,"ix":5},"lc":1,"lj":1,"ml":4,"bm":0,"nm":"描边 1","mn":"ADBE Vector Graphic - Stroke","hd":false},{"ty":"tr","p":{"a":0,"k":[0,0],"ix":2},"a":{"a":0,"k":[0,0],"ix":1},"s":{"a":0,"k":[100,100],"ix":3},"r":{"a":0,"k":0,"ix":6},"o":{"a":0,"k":100,"ix":7},"sk":{"a":0,"k":0,"ix":4},"sa":{"a":0,"k":0,"ix":5},"nm":"变换"}],"nm":"：","np":5,"cix":2,"bm":0,"ix":5,"mn":"ADBE Vector Group","hd":false}],"ip":185,"op":370,"st":5,"bm":0},{"ddd":0,"ind":46,"ty":4,"nm":"“sabedoria：”轮廓","parent":92,"sr":1,"ks":{"o":{"a":1,"k":[{"i":{"x":[0.833],"y":[0.833]},"o":{"x":[0.167],"y":[0.167]},"t":160,"s":[0]},{"t":170,"s":[100]}],"ix":11},"r":{"a":0,"k":0,"ix":10},"p":{"a":0,"k":[264.063,-198.786,0],"ix":2},"a":{"a":0,"k":[-0.81,-13.716,0],"ix":1},"s":{"a":0,"k":[100,100,100],"ix":6}},"ao":0,"shapes":[{"ty":"gr","it":[{"ind":0,"ty":"sh","ix":1,"ks":{"a":0,"k":{"i":[[0,0],[-1.115,-1.201],[-2.678,0],[-1.216,1.151],[0,1.583],[1.162,0.764],[2.188,0.52],[0,0],[0.451,0.276],[0,0.772],[-0.595,0.43],[-1.156,0],[-0.702,-0.781],[-0.057,-0.671],[0,0],[0.751,0.996],[2.714,0],[1.228,-1.04],[0,-1.682],[-1.305,-0.808],[-1.541,-0.376],[0,0],[-0.439,-0.243],[0,-0.764],[0.859,-0.481],[1.129,0],[0.768,0.963],[0.09,0.996]],"o":[[0.078,1.771],[1.115,1.201],[2.488,0],[1.216,-1.151],[0,-1.638],[-0.744,-0.487],[0,0],[-0.88,-0.21],[-0.782,-0.463],[0,-0.706],[0.595,-0.43],[1.733,0],[0.43,0.55],[0,0],[0.022,-1.151],[-1.2,-1.571],[-2.075,0],[-1.228,1.04],[0,1.428],[0.731,0.465],[0,0],[1.293,0.321],[0.686,0.398],[0,1.007],[-0.859,0.481],[-1.898,0],[-0.418,-0.531],[0,0]],"v":[[1.096,-5.578],[2.886,-1.121],[8.575,0.681],[14.13,-1.046],[15.954,-5.146],[14.211,-8.749],[9.813,-10.26],[7.8,-10.741],[5.804,-11.47],[4.632,-13.323],[5.524,-15.027],[8.15,-15.672],[11.803,-14.5],[12.534,-12.667],[15.356,-12.667],[14.262,-15.888],[8.391,-18.245],[3.436,-16.685],[1.594,-12.601],[3.551,-9.247],[6.959,-7.985],[9.372,-7.388],[11.97,-6.541],[12.999,-4.798],[11.711,-2.565],[8.729,-1.843],[4.73,-3.287],[3.968,-5.578]],"c":true},"ix":2},"nm":"s","mn":"ADBE Vector Shape - Group","hd":false},{"ty":"fl","c":{"a":0,"k":[1,1,1,1],"ix":4},"o":{"a":0,"k":100,"ix":5},"r":1,"bm":0,"nm":"填充 1","mn":"ADBE Vector Graphic - Fill","hd":false},{"ty":"st","c":{"a":0,"k":[0.098040008545,0.098040008545,0.098040008545,1],"ix":3},"o":{"a":0,"k":100,"ix":4},"w":{"a":0,"k":0.01,"ix":5},"lc":1,"lj":1,"ml":4,"bm":0,"nm":"描边 1","mn":"ADBE Vector Graphic - Stroke","hd":false},{"ty":"tr","p":{"a":0,"k":[0,0],"ix":2},"a":{"a":0,"k":[0,0],"ix":1},"s":{"a":0,"k":[100,100],"ix":3},"r":{"a":0,"k":0,"ix":6},"o":{"a":0,"k":100,"ix":7},"sk":{"a":0,"k":0,"ix":4},"sa":{"a":0,"k":0,"ix":5},"nm":"变换"}],"nm":"s","np":3,"cix":2,"bm":0,"ix":1,"mn":"ADBE Vector Group","hd":false},{"ty":"gr","it":[{"ind":0,"ty":"sh","ix":1,"ks":{"a":0,"k":{"i":[[0,0.861],[-0.924,0.519],[-1.082,0.144],[0,0],[-0.574,0.156],[-0.365,0.233],[0,0],[1.66,-0.807],[1.051,0],[0.631,0.497]],"o":[[0,-1.137],[0.546,-0.309],[0,0],[0.552,-0.066],[0.574,-0.155],[0,0],[0,1.834],[-0.985,0.486],[-0.863,0],[-0.631,-0.497]],"v":[[21.142,-4.725],[22.529,-7.209],[24.971,-7.889],[26.777,-8.121],[28.467,-8.454],[29.875,-9.036],[29.875,-6.633],[27.385,-2.672],[24.33,-1.942],[22.089,-2.688]],"c":true},"ix":2},"nm":"a","mn":"ADBE Vector Shape - Group","hd":false},{"ind":1,"ty":"sh","ix":2,"ks":{"a":0,"k":{"i":[[0,0],[1.029,-0.906],[0,-1.647],[-1.046,-1],[-1.649,0],[-1.14,0.586],[-0.609,0.797],[-0.244,-0.387],[-1.029,0],[-0.244,0.033],[-0.465,0.133],[0,0],[0.166,-0.017],[0.133,0],[0.127,0.188],[0,0.31],[0,0],[1.293,0.797],[2.089,0],[1.365,-0.86],[0.055,-2.198],[0,0],[-0.364,0.467],[-1.557,0],[-0.723,-0.461],[0,-1.022],[0.133,-0.267],[0.686,-0.088]],"o":[[-1.671,0.21],[-1.029,0.906],[0,1.503],[1.046,1],[1.372,0],[1.14,-0.587],[0.1,0.708],[0.465,0.73],[0.42,0],[0.243,-0.033],[0,0],[-0.188,0.033],[-0.166,0.017],[-0.41,0],[-0.127,-0.188],[0,0],[0,-1.682],[-1.305,-0.797],[-1.802,0],[-1.365,0.86],[0,0],[0.111,-0.923],[0.652,-0.845],[1.347,0],[0.723,0.461],[0,0.5],[-0.232,0.486],[0,0]],"v":[[23.616,-10.164],[19.565,-8.489],[18.021,-4.659],[19.59,-0.903],[23.633,0.598],[27.401,-0.282],[30.024,-2.357],[30.539,-0.714],[32.78,0.382],[33.776,0.332],[34.839,0.083],[34.839,-2.125],[34.307,-2.05],[33.859,-2.025],[33.054,-2.307],[32.863,-3.054],[32.863,-13.298],[30.923,-17.017],[25.832,-18.212],[21.082,-16.922],[18.951,-12.335],[21.74,-12.335],[22.452,-14.421],[25.766,-15.688],[28.873,-14.997],[29.958,-12.772],[29.759,-11.622],[28.381,-10.76]],"c":true},"ix":2},"nm":"a","mn":"ADBE Vector Shape - Group","hd":false},{"ty":"mm","mm":1,"nm":"合并路径 1","mn":"ADBE Vector Filter - Merge","hd":false},{"ty":"fl","c":{"a":0,"k":[1,1,1,1],"ix":4},"o":{"a":0,"k":100,"ix":5},"r":1,"bm":0,"nm":"填充 1","mn":"ADBE Vector Graphic - Fill","hd":false},{"ty":"st","c":{"a":0,"k":[0.098040008545,0.098040008545,0.098040008545,1],"ix":3},"o":{"a":0,"k":100,"ix":4},"w":{"a":0,"k":0.01,"ix":5},"lc":1,"lj":1,"ml":4,"bm":0,"nm":"描边 1","mn":"ADBE Vector Graphic - Stroke","hd":false},{"ty":"tr","p":{"a":0,"k":[0,0],"ix":2},"a":{"a":0,"k":[0,0],"ix":1},"s":{"a":0,"k":[100,100],"ix":3},"r":{"a":0,"k":0,"ix":6},"o":{"a":0,"k":100,"ix":7},"sk":{"a":0,"k":0,"ix":4},"sa":{"a":0,"k":0,"ix":5},"nm":"变换"}],"nm":"a","np":5,"cix":2,"bm":0,"ix":2,"mn":"ADBE Vector Group","hd":false},{"ty":"gr","it":[{"ind":0,"ty":"sh","ix":1,"ks":{"a":0,"k":{"i":[[0,0],[0,0],[0,0],[-0.556,-0.387],[-1.356,0],[-1.367,1.859],[0,2.811],[1.383,1.522],[2.222,0],[0.911,-0.448],[0.656,-0.852],[0,0],[0,0]],"o":[[0,0],[0,0],[0.633,0.852],[0.933,0.653],[2.422,0],[1.367,-1.859],[0,-2.966],[-1.383,-1.522],[-1.067,0],[-0.911,0.448],[0,0],[0,0],[0,0]],"v":[[37.172,0],[39.927,0],[39.927,-2.274],[41.711,-0.415],[45.144,0.564],[50.827,-2.225],[52.877,-9.23],[50.802,-15.962],[45.393,-18.245],[42.427,-17.573],[40.077,-15.622],[40.077,-24.471],[37.172,-24.471]],"c":true},"ix":2},"nm":"b","mn":"ADBE Vector Shape - Group","hd":false},{"ind":1,"ty":"sh","ix":2,"ks":{"a":0,"k":{"i":[[1.621,0],[0.788,1.959],[0,1.671],[-1.027,1.007],[-1.366,0],[-0.805,-1.229],[0,-1.87],[0.805,-1.284]],"o":[[-2.155,0],[-0.422,-1.04],[0,-2.313],[1.027,-1.007],[1.566,0],[0.805,1.229],[0,2.103],[-0.805,1.284]],"v":[[44.958,-2.075],[40.544,-5.014],[39.911,-9.081],[41.452,-14.062],[45.041,-15.572],[48.598,-13.729],[49.805,-9.081],[48.598,-4.001]],"c":true},"ix":2},"nm":"b","mn":"ADBE Vector Shape - Group","hd":false},{"ty":"mm","mm":1,"nm":"合并路径 1","mn":"ADBE Vector Filter - Merge","hd":false},{"ty":"fl","c":{"a":0,"k":[1,1,1,1],"ix":4},"o":{"a":0,"k":100,"ix":5},"r":1,"bm":0,"nm":"填充 1","mn":"ADBE Vector Graphic - Fill","hd":false},{"ty":"st","c":{"a":0,"k":[0.098040008545,0.098040008545,0.098040008545,1],"ix":3},"o":{"a":0,"k":100,"ix":4},"w":{"a":0,"k":0.01,"ix":5},"lc":1,"lj":1,"ml":4,"bm":0,"nm":"描边 1","mn":"ADBE Vector Graphic - Stroke","hd":false},{"ty":"tr","p":{"a":0,"k":[0,0],"ix":2},"a":{"a":0,"k":[0,0],"ix":1},"s":{"a":0,"k":[100,100],"ix":3},"r":{"a":0,"k":0,"ix":6},"o":{"a":0,"k":100,"ix":7},"sk":{"a":0,"k":0,"ix":4},"sa":{"a":0,"k":0,"ix":5},"nm":"变换"}],"nm":"b","np":5,"cix":2,"bm":0,"ix":3,"mn":"ADBE Vector Group","hd":false},{"ty":"gr","it":[{"ind":0,"ty":"sh","ix":1,"ks":{"a":0,"k":{"i":[[1.254,0],[1.54,-1.782],[0,-2.855],[-1.529,-1.61],[-2.2,0],[-0.714,0.177],[-0.901,0.886],[-0.437,0.803],[-0.078,0.653],[0,0],[0.516,-0.6],[1.548,0],[0.791,1.093],[0.055,1.809],[0,0],[0.176,0.819],[0.594,0.896],[1.177,0.592]],"o":[[-2.486,0],[-1.54,1.782],[0,2.9],[1.529,1.61],[0.901,0],[1.329,-0.31],[0.538,-0.509],[0.437,-0.802],[0,0],[-0.215,0.79],[-0.922,1.034],[-1.658,0],[-0.791,-1.093],[0,0],[0,-1.793],[-0.198,-1.195],[-0.616,-0.941],[-1.177,-0.592]],"v":[[63.326,-18.179],[57.287,-15.506],[54.977,-8.55],[57.27,-1.785],[62.863,0.631],[65.285,0.365],[68.63,-1.428],[70.093,-3.395],[70.865,-5.578],[67.926,-5.578],[66.829,-3.493],[63.123,-1.942],[59.45,-3.582],[58.181,-7.936],[71.114,-7.936],[70.85,-11.854],[69.662,-14.991],[66.972,-17.291]],"c":true},"ix":2},"nm":"e","mn":"ADBE Vector Shape - Group","hd":false},{"ind":1,"ty":"sh","ix":2,"ks":{"a":0,"k":{"i":[[0,0],[-0.922,0.991],[-1.361,0],[-0.812,-1.439],[-0.121,-1.295]],"o":[[0.055,-1.527],[0.922,-0.99],[1.899,0],[0.439,0.775],[0,0]],"v":[[58.248,-10.31],[59.713,-14.086],[63.137,-15.572],[67.203,-13.414],[68.042,-10.31]],"c":true},"ix":2},"nm":"e","mn":"ADBE Vector Shape - Group","hd":false},{"ty":"mm","mm":1,"nm":"合并路径 1","mn":"ADBE Vector Filter - Merge","hd":false},{"ty":"fl","c":{"a":0,"k":[1,1,1,1],"ix":4},"o":{"a":0,"k":100,"ix":5},"r":1,"bm":0,"nm":"填充 1","mn":"ADBE Vector Graphic - Fill","hd":false},{"ty":"st","c":{"a":0,"k":[0.098040008545,0.098040008545,0.098040008545,1],"ix":3},"o":{"a":0,"k":100,"ix":4},"w":{"a":0,"k":0.01,"ix":5},"lc":1,"lj":1,"ml":4,"bm":0,"nm":"描边 1","mn":"ADBE Vector Graphic - Stroke","hd":false},{"ty":"tr","p":{"a":0,"k":[0,0],"ix":2},"a":{"a":0,"k":[0,0],"ix":1},"s":{"a":0,"k":[100,100],"ix":3},"r":{"a":0,"k":0,"ix":6},"o":{"a":0,"k":100,"ix":7},"sk":{"a":0,"k":0,"ix":4},"sa":{"a":0,"k":0,"ix":5},"nm":"变换"}],"nm":"e","np":5,"cix":2,"bm":0,"ix":4,"mn":"ADBE Vector Group","hd":false},{"ty":"gr","it":[{"ind":0,"ty":"sh","ix":1,"ks":{"a":0,"k":{"i":[[0,1.904],[-0.93,1.151],[-1.498,0],[-0.914,-1.079],[0,-2.247],[0.886,-1.19],[1.376,0],[0.804,1.284]],"o":[[0,-2.236],[0.93,-1.151],[1.343,0],[0.914,1.079],[0,2.225],[-0.887,1.19],[-1.773,0],[-0.804,-1.284]],"v":[[76.452,-8.683],[77.847,-13.763],[81.489,-15.489],[84.876,-13.871],[86.246,-8.882],[84.917,-3.76],[81.523,-1.976],[77.657,-3.901]],"c":true},"ix":2},"nm":"d","mn":"ADBE Vector Shape - Group","hd":false},{"ind":1,"ty":"sh","ix":2,"ks":{"a":0,"k":{"i":[[1.356,0],[1.317,-1.898],[0,-2.59],[-1.444,-1.666],[-1.974,0],[-0.948,0.487],[-0.695,1.096],[0,0],[0,0],[0,0],[0,0],[0,0],[0.529,0.332]],"o":[[-2.448,0],[-1.317,1.898],[0,2.767],[1.444,1.666],[1.224,0],[0.948,-0.487],[0,0],[0,0],[0,0],[0,0],[0,0],[-0.673,-0.83],[-0.915,-0.575]],"v":[[80.921,-18.096],[75.273,-15.249],[73.297,-8.517],[75.464,-1.868],[80.59,0.631],[83.849,-0.1],[86.313,-2.474],[86.313,0],[89.002,0],[89.002,-24.471],[86.13,-24.471],[86.13,-15.489],[84.328,-17.232]],"c":true},"ix":2},"nm":"d","mn":"ADBE Vector Shape - Group","hd":false},{"ty":"mm","mm":1,"nm":"合并路径 1","mn":"ADBE Vector Filter - Merge","hd":false},{"ty":"fl","c":{"a":0,"k":[1,1,1,1],"ix":4},"o":{"a":0,"k":100,"ix":5},"r":1,"bm":0,"nm":"填充 1","mn":"ADBE Vector Graphic - Fill","hd":false},{"ty":"st","c":{"a":0,"k":[0.098040008545,0.098040008545,0.098040008545,1],"ix":3},"o":{"a":0,"k":100,"ix":4},"w":{"a":0,"k":0.01,"ix":5},"lc":1,"lj":1,"ml":4,"bm":0,"nm":"描边 1","mn":"ADBE Vector Graphic - Stroke","hd":false},{"ty":"tr","p":{"a":0,"k":[0,0],"ix":2},"a":{"a":0,"k":[0,0],"ix":1},"s":{"a":0,"k":[100,100],"ix":3},"r":{"a":0,"k":0,"ix":6},"o":{"a":0,"k":100,"ix":7},"sk":{"a":0,"k":0,"ix":4},"sa":{"a":0,"k":0,"ix":5},"nm":"变换"}],"nm":"d","np":5,"cix":2,"bm":0,"ix":5,"mn":"ADBE Vector Group","hd":false},{"ty":"gr","it":[{"ind":0,"ty":"sh","ix":1,"ks":{"a":0,"k":{"i":[[1.959,0],[0.821,1.26],[0,1.891],[-0.821,1.393],[-1.806,0],[-0.832,-1.636],[0,-1.658],[0.728,-1.498]],"o":[[-1.784,0],[-0.821,-1.26],[0,-1.968],[0.821,-1.393],[2.036,0],[0.525,1.039],[0,1.835],[-0.728,1.498]],"v":[[100.126,-1.942],[96.219,-3.833],[94.988,-8.558],[96.219,-13.599],[100.158,-15.688],[104.459,-13.234],[105.247,-9.188],[104.155,-4.189]],"c":true},"ix":2},"nm":"o","mn":"ADBE Vector Shape - Group","hd":false},{"ind":1,"ty":"sh","ix":2,"ks":{"a":0,"k":{"i":[[2.275,0],[1.506,-1.769],[0,-2.986],[-1.429,-1.653],[-2.429,0],[-1.385,1.869],[0,2.864],[1.571,1.526]],"o":[[-2.539,0],[-1.506,1.769],[0,2.787],[1.429,1.653],[2.912,0],[1.385,-1.869],[0,-2.963],[-1.572,-1.526]],"v":[[100.241,-18.295],[94.175,-15.641],[91.916,-8.509],[94.059,-1.849],[99.846,0.631],[106.291,-2.172],[108.368,-9.272],[106.011,-16.006]],"c":true},"ix":2},"nm":"o","mn":"ADBE Vector Shape - Group","hd":false},{"ty":"mm","mm":1,"nm":"合并路径 1","mn":"ADBE Vector Filter - Merge","hd":false},{"ty":"fl","c":{"a":0,"k":[1,1,1,1],"ix":4},"o":{"a":0,"k":100,"ix":5},"r":1,"bm":0,"nm":"填充 1","mn":"ADBE Vector Graphic - Fill","hd":false},{"ty":"st","c":{"a":0,"k":[0.098040008545,0.098040008545,0.098040008545,1],"ix":3},"o":{"a":0,"k":100,"ix":4},"w":{"a":0,"k":0.01,"ix":5},"lc":1,"lj":1,"ml":4,"bm":0,"nm":"描边 1","mn":"ADBE Vector Graphic - Stroke","hd":false},{"ty":"tr","p":{"a":0,"k":[0,0],"ix":2},"a":{"a":0,"k":[0,0],"ix":1},"s":{"a":0,"k":[100,100],"ix":3},"r":{"a":0,"k":0,"ix":6},"o":{"a":0,"k":100,"ix":7},"sk":{"a":0,"k":0,"ix":4},"sa":{"a":0,"k":0,"ix":5},"nm":"变换"}],"nm":"o","np":5,"cix":2,"bm":0,"ix":6,"mn":"ADBE Vector Group","hd":false},{"ty":"gr","it":[{"ind":0,"ty":"sh","ix":1,"ks":{"a":0,"k":{"i":[[0,0],[0,0],[0,0],[-0.808,0.969],[-1.505,0],[-0.149,-0.011],[-0.177,-0.033],[0,0],[0.133,0.011],[0.055,0],[0.907,-0.858],[0.232,-0.598],[0,0],[0,0]],"o":[[0,0],[0,0],[0,-1.262],[0.808,-0.968],[0.177,0],[0.149,0.011],[0,0],[-0.321,-0.033],[-0.133,-0.011],[-1.184,0],[-0.908,0.858],[0,0],[0,0],[0,0]],"v":[[111.78,0],[114.769,0],[114.769,-10.227],[115.981,-13.572],[119.45,-15.024],[119.94,-15.008],[120.43,-14.941],[120.43,-18.096],[119.749,-18.162],[119.467,-18.179],[116.329,-16.892],[114.619,-14.709],[114.619,-17.78],[111.78,-17.78]],"c":true},"ix":2},"nm":"r","mn":"ADBE Vector Shape - Group","hd":false},{"ty":"fl","c":{"a":0,"k":[1,1,1,1],"ix":4},"o":{"a":0,"k":100,"ix":5},"r":1,"bm":0,"nm":"填充 1","mn":"ADBE Vector Graphic - Fill","hd":false},{"ty":"st","c":{"a":0,"k":[0.098040008545,0.098040008545,0.098040008545,1],"ix":3},"o":{"a":0,"k":100,"ix":4},"w":{"a":0,"k":0.01,"ix":5},"lc":1,"lj":1,"ml":4,"bm":0,"nm":"描边 1","mn":"ADBE Vector Graphic - Stroke","hd":false},{"ty":"tr","p":{"a":0,"k":[0,0],"ix":2},"a":{"a":0,"k":[0,0],"ix":1},"s":{"a":0,"k":[100,100],"ix":3},"r":{"a":0,"k":0,"ix":6},"o":{"a":0,"k":100,"ix":7},"sk":{"a":0,"k":0,"ix":4},"sa":{"a":0,"k":0,"ix":5},"nm":"变换"}],"nm":"r","np":3,"cix":2,"bm":0,"ix":7,"mn":"ADBE Vector Group","hd":false},{"ty":"gr","it":[{"ind":0,"ty":"sh","ix":1,"ks":{"a":0,"k":{"i":[[0,0],[0,0],[0,0],[0,0]],"o":[[0,0],[0,0],[0,0],[0,0]],"v":[[122.68,0],[125.718,0],[125.718,-17.697],[122.68,-17.697]],"c":true},"ix":2},"nm":"i","mn":"ADBE Vector Shape - Group","hd":false},{"ind":1,"ty":"sh","ix":2,"ks":{"a":0,"k":{"i":[[0,0],[0,0],[0,0],[0,0]],"o":[[0,0],[0,0],[0,0],[0,0]],"v":[[122.68,-21.001],[125.718,-21.001],[125.718,-24.388],[122.68,-24.388]],"c":true},"ix":2},"nm":"i","mn":"ADBE Vector Shape - Group","hd":false},{"ty":"mm","mm":1,"nm":"合并路径 1","mn":"ADBE Vector Filter - Merge","hd":false},{"ty":"fl","c":{"a":0,"k":[1,1,1,1],"ix":4},"o":{"a":0,"k":100,"ix":5},"r":1,"bm":0,"nm":"填充 1","mn":"ADBE Vector Graphic - Fill","hd":false},{"ty":"st","c":{"a":0,"k":[0.098040008545,0.098040008545,0.098040008545,1],"ix":3},"o":{"a":0,"k":100,"ix":4},"w":{"a":0,"k":0.01,"ix":5},"lc":1,"lj":1,"ml":4,"bm":0,"nm":"描边 1","mn":"ADBE Vector Graphic - Stroke","hd":false},{"ty":"tr","p":{"a":0,"k":[0,0],"ix":2},"a":{"a":0,"k":[0,0],"ix":1},"s":{"a":0,"k":[100,100],"ix":3},"r":{"a":0,"k":0,"ix":6},"o":{"a":0,"k":100,"ix":7},"sk":{"a":0,"k":0,"ix":4},"sa":{"a":0,"k":0,"ix":5},"nm":"变换"}],"nm":"i","np":5,"cix":2,"bm":0,"ix":8,"mn":"ADBE Vector Group","hd":false},{"ty":"gr","it":[{"ind":0,"ty":"sh","ix":1,"ks":{"a":0,"k":{"i":[[0,0.861],[-0.924,0.519],[-1.082,0.144],[0,0],[-0.574,0.156],[-0.365,0.233],[0,0],[1.66,-0.807],[1.051,0],[0.631,0.497]],"o":[[0,-1.137],[0.546,-0.309],[0,0],[0.552,-0.066],[0.574,-0.155],[0,0],[0,1.834],[-0.985,0.486],[-0.863,0],[-0.631,-0.497]],"v":[[132.184,-4.725],[133.571,-7.209],[136.013,-7.889],[137.818,-8.121],[139.508,-8.454],[140.917,-9.036],[140.917,-6.633],[138.426,-2.672],[135.372,-1.942],[133.131,-2.688]],"c":true},"ix":2},"nm":"a","mn":"ADBE Vector Shape - Group","hd":false},{"ind":1,"ty":"sh","ix":2,"ks":{"a":0,"k":{"i":[[0,0],[1.029,-0.906],[0,-1.647],[-1.046,-1],[-1.649,0],[-1.14,0.586],[-0.609,0.797],[-0.244,-0.387],[-1.029,0],[-0.244,0.033],[-0.465,0.133],[0,0],[0.166,-0.017],[0.133,0],[0.127,0.188],[0,0.31],[0,0],[1.293,0.797],[2.089,0],[1.365,-0.86],[0.055,-2.198],[0,0],[-0.364,0.467],[-1.557,0],[-0.723,-0.461],[0,-1.022],[0.133,-0.267],[0.686,-0.088]],"o":[[-1.671,0.21],[-1.029,0.906],[0,1.503],[1.046,1],[1.372,0],[1.14,-0.587],[0.1,0.708],[0.465,0.73],[0.42,0],[0.243,-0.033],[0,0],[-0.188,0.033],[-0.166,0.017],[-0.41,0],[-0.127,-0.188],[0,0],[0,-1.682],[-1.305,-0.797],[-1.802,0],[-1.365,0.86],[0,0],[0.111,-0.923],[0.652,-0.845],[1.347,0],[0.723,0.461],[0,0.5],[-0.232,0.486],[0,0]],"v":[[134.658,-10.164],[130.607,-8.489],[129.063,-4.659],[130.632,-0.903],[134.675,0.598],[138.443,-0.282],[141.066,-2.357],[141.581,-0.714],[143.822,0.382],[144.818,0.332],[145.881,0.083],[145.881,-2.125],[145.349,-2.05],[144.901,-2.025],[144.096,-2.307],[143.905,-3.054],[143.905,-13.298],[141.965,-17.017],[136.874,-18.212],[132.124,-16.922],[129.993,-12.335],[132.782,-12.335],[133.494,-14.421],[136.808,-15.688],[139.914,-14.997],[141,-12.772],[140.801,-11.622],[139.423,-10.76]],"c":true},"ix":2},"nm":"a","mn":"ADBE Vector Shape - Group","hd":false},{"ty":"mm","mm":1,"nm":"合并路径 1","mn":"ADBE Vector Filter - Merge","hd":false},{"ty":"fl","c":{"a":0,"k":[1,1,1,1],"ix":4},"o":{"a":0,"k":100,"ix":5},"r":1,"bm":0,"nm":"填充 1","mn":"ADBE Vector Graphic - Fill","hd":false},{"ty":"st","c":{"a":0,"k":[0.098040008545,0.098040008545,0.098040008545,1],"ix":3},"o":{"a":0,"k":100,"ix":4},"w":{"a":0,"k":0.01,"ix":5},"lc":1,"lj":1,"ml":4,"bm":0,"nm":"描边 1","mn":"ADBE Vector Graphic - Stroke","hd":false},{"ty":"tr","p":{"a":0,"k":[0,0],"ix":2},"a":{"a":0,"k":[0,0],"ix":1},"s":{"a":0,"k":[100,100],"ix":3},"r":{"a":0,"k":0,"ix":6},"o":{"a":0,"k":100,"ix":7},"sk":{"a":0,"k":0,"ix":4},"sa":{"a":0,"k":0,"ix":5},"nm":"变换"}],"nm":"a","np":5,"cix":2,"bm":0,"ix":9,"mn":"ADBE Vector Group","hd":false},{"ty":"gr","it":[{"ind":0,"ty":"sh","ix":1,"ks":{"a":0,"k":{"i":[[0,0],[0,0],[0,0],[0,0]],"o":[[0,0],[0,0],[0,0],[0,0]],"v":[[156.335,-19.142],[153.139,-19.142],[153.139,-15.878],[156.335,-15.878]],"c":true},"ix":2},"nm":"：","mn":"ADBE Vector Shape - Group","hd":false},{"ind":1,"ty":"sh","ix":2,"ks":{"a":0,"k":{"i":[[0,0],[0,0],[0,0],[0,0]],"o":[[0,0],[0,0],[0,0],[0,0]],"v":[[156.335,-5.304],[153.139,-5.304],[153.139,-2.04],[156.335,-2.04]],"c":true},"ix":2},"nm":"：","mn":"ADBE Vector Shape - Group","hd":false},{"ty":"mm","mm":1,"nm":"合并路径 1","mn":"ADBE Vector Filter - Merge","hd":false},{"ty":"fl","c":{"a":0,"k":[1,1,1,1],"ix":4},"o":{"a":0,"k":100,"ix":5},"r":1,"bm":0,"nm":"填充 1","mn":"ADBE Vector Graphic - Fill","hd":false},{"ty":"st","c":{"a":0,"k":[0.098040008545,0.098040008545,0.098040008545,1],"ix":3},"o":{"a":0,"k":100,"ix":4},"w":{"a":0,"k":0.01,"ix":5},"lc":1,"lj":1,"ml":4,"bm":0,"nm":"描边 1","mn":"ADBE Vector Graphic - Stroke","hd":false},{"ty":"tr","p":{"a":0,"k":[0,0],"ix":2},"a":{"a":0,"k":[0,0],"ix":1},"s":{"a":0,"k":[100,100],"ix":3},"r":{"a":0,"k":0,"ix":6},"o":{"a":0,"k":100,"ix":7},"sk":{"a":0,"k":0,"ix":4},"sa":{"a":0,"k":0,"ix":5},"nm":"变换"}],"nm":"：","np":5,"cix":2,"bm":0,"ix":10,"mn":"ADBE Vector Group","hd":false}],"ip":150,"op":371,"st":-30,"bm":0},{"ddd":0,"ind":48,"ty":4,"nm":"“O SEGREDO ”轮廓","sr":1,"ks":{"o":{"a":1,"k":[{"i":{"x":[0.833],"y":[0.833]},"o":{"x":[0.167],"y":[0.167]},"t":0,"s":[0]},{"i":{"x":[0.833],"y":[0.833]},"o":{"x":[0.167],"y":[0.167]},"t":20,"s":[100]},{"i":{"x":[0.833],"y":[0.833]},"o":{"x":[0.167],"y":[0.167]},"t":60,"s":[100]},{"i":{"x":[0.833],"y":[0.833]},"o":{"x":[0.167],"y":[0.167]},"t":70,"s":[0]},{"i":{"x":[0.833],"y":[0.833]},"o":{"x":[0.167],"y":[0.167]},"t":170,"s":[100]},{"t":179,"s":[0]}],"ix":11},"r":{"a":0,"k":0,"ix":10},"p":{"a":0,"k":[46,556,0],"ix":2},"a":{"a":0,"k":[0,0,0],"ix":1},"s":{"a":0,"k":[100,100,100],"ix":6}},"ao":0,"hasMask":true,"masksProperties":[{"inv":false,"mode":"a","pt":{"a":1,"k":[{"i":{"x":0.667,"y":1},"o":{"x":0.333,"y":0},"t":0,"s":[{"i":[[0,0],[0,0],[0,0],[0,0]],"o":[[0,0],[0,0],[0,0],[0,0]],"v":[[-48,-101],[-365.648,-101],[-365.648,48.859],[-48,48.859]],"c":true}]},{"i":{"x":0.667,"y":1},"o":{"x":0.333,"y":0},"t":20,"s":[{"i":[[0,0],[0,0],[0,0],[0,0]],"o":[[0,0],[0,0],[0,0],[0,0]],"v":[[520,-101],[-42.648,-101],[-42.648,48.859],[520,48.859]],"c":true}]},{"i":{"x":0.667,"y":1},"o":{"x":0.333,"y":0},"t":170,"s":[{"i":[[0,0],[0,0],[0,0],[0,0]],"o":[[0,0],[0,0],[0,0],[0,0]],"v":[[520,-101],[-42.648,-101],[-42.648,48.859],[520,48.859]],"c":true}]},{"t":179,"s":[{"i":[[0,0],[0,0],[0,0],[0,0]],"o":[[0,0],[0,0],[0,0],[0,0]],"v":[[587,-102],[269.352,-102],[269.352,47.859],[587,47.859]],"c":true}]}],"ix":1},"o":{"a":0,"k":100,"ix":3},"x":{"a":0,"k":0,"ix":4},"nm":"蒙版 1"}],"shapes":[{"ty":"gr","it":[{"ind":0,"ty":"sh","ix":1,"ks":{"a":0,"k":{"i":[[7.598,0],[3.711,-5.312],[0,-5.82],[-3.379,-4.219],[-6.621,0],[-3.828,5],[0,6.426],[2.851,3.809]],"o":[[-7.266,0],[-2.891,4.141],[0,6.445],[3.789,4.375],[7.09,0],[3.262,-4.258],[0,-5.937],[-3.652,-4.883]],"v":[[23.145,-44.209],[6.68,-36.24],[2.344,-21.299],[7.412,-5.303],[23.027,1.26],[39.404,-6.24],[44.297,-22.266],[40.02,-36.885]],"c":true},"ix":2},"nm":"O","mn":"ADBE Vector Shape - Group","hd":false},{"ind":1,"ty":"sh","ix":2,"ks":{"a":0,"k":{"i":[[5.137,0],[2.412,3.274],[0,4.77],[-2.812,3.059],[-4.453,0],[-2.647,-3.089],[0,-5.063],[2.295,-3.685]],"o":[[-5.41,0],[-2.412,-3.274],[0,-5.962],[2.812,-3.059],[4.59,0],[2.646,3.089],[0,4.789],[-2.295,3.685]],"v":[[23.73,-3.926],[11.997,-8.837],[8.379,-20.903],[12.598,-34.434],[23.496,-39.023],[34.351,-34.39],[38.32,-22.164],[34.878,-9.453]],"c":true},"ix":2},"nm":"O","mn":"ADBE Vector Shape - Group","hd":false},{"ty":"mm","mm":1,"nm":"合并路径 1","mn":"ADBE Vector Filter - Merge","hd":false},{"ty":"fl","c":{"a":0,"k":[0.596079987171,0.596079987171,0.596079987171,1],"ix":4},"o":{"a":0,"k":100,"ix":5},"r":1,"bm":0,"nm":"填充 1","mn":"ADBE Vector Graphic - Fill","hd":false},{"ty":"tr","p":{"a":0,"k":[0,0],"ix":2},"a":{"a":0,"k":[0,0],"ix":1},"s":{"a":0,"k":[100,100],"ix":3},"r":{"a":0,"k":0,"ix":6},"o":{"a":0,"k":100,"ix":7},"sk":{"a":0,"k":0,"ix":4},"sa":{"a":0,"k":0,"ix":5},"nm":"变换"}],"nm":"O","np":5,"cix":2,"bm":0,"ix":1,"mn":"ADBE Vector Group","hd":false},{"ty":"gr","it":[{"ind":0,"ty":"sh","ix":1,"ks":{"a":0,"k":{"i":[[0,0],[-2.954,-2.715],[-5.219,0],[-3.381,2.051],[0,4.766],[2.65,2.012],[2.82,0.664],[0,0],[1.116,0.625],[0,2.109],[-1.442,1.446],[-3.296,0],[-1.704,-2.246],[-0.281,-2.304],[0,0],[3.069,2.178],[4.39,0],[2.604,-2.48],[0,-3.867],[-2.649,-1.797],[-3.69,-0.859],[0,0],[-1.438,-0.976],[0,-2.344],[3.349,-1.211],[2.107,0],[1.863,2.852],[0.132,2.442]],"o":[[-0.059,4.649],[2.952,2.735],[4.476,0],[3.381,-2.051],[0,-3.828],[-1.533,-1.152],[0,0],[-3.936,-0.938],[-1.703,-0.976],[0,-1.914],[1.442,-1.445],[4.082,0],[0.917,1.23],[0,0],[0,-4.785],[-3.07,-2.178],[-4.771,0],[-2.604,2.481],[0,3.574],[1.533,1.035],[0,0],[3.065,0.723],[1.419,0.996],[0,3.125],[-1.731,0.625],[-4.704,0],[-0.978,-1.523],[0,0]],"v":[[63.84,-13.887],[68.183,-2.842],[80.44,1.26],[92.226,-1.816],[97.297,-12.041],[93.323,-20.801],[86.794,-23.525],[80.947,-24.902],[73.368,-27.246],[70.813,-31.875],[72.975,-36.914],[80.082,-39.082],[88.761,-35.713],[90.559,-30.41],[96.038,-30.41],[91.433,-40.854],[80.243,-44.121],[69.181,-40.4],[65.276,-30.879],[69.249,-22.822],[77.082,-19.98],[82.73,-18.662],[89.485,-16.113],[91.614,-11.104],[86.59,-4.6],[80.833,-3.662],[70.984,-7.939],[69.319,-13.887]],"c":true},"ix":2},"nm":"S","mn":"ADBE Vector Shape - Group","hd":false},{"ty":"fl","c":{"a":0,"k":[0.596079987171,0.596079987171,0.596079987171,1],"ix":4},"o":{"a":0,"k":100,"ix":5},"r":1,"bm":0,"nm":"填充 1","mn":"ADBE Vector Graphic - Fill","hd":false},{"ty":"tr","p":{"a":0,"k":[0,0],"ix":2},"a":{"a":0,"k":[0,0],"ix":1},"s":{"a":0,"k":[100,100],"ix":3},"r":{"a":0,"k":0,"ix":6},"o":{"a":0,"k":100,"ix":7},"sk":{"a":0,"k":0,"ix":4},"sa":{"a":0,"k":0,"ix":5},"nm":"变换"}],"nm":"S","np":3,"cix":2,"bm":0,"ix":2,"mn":"ADBE Vector Group","hd":false},{"ty":"gr","it":[{"ind":0,"ty":"sh","ix":1,"ks":{"a":0,"k":{"i":[[0,0],[0,0],[0,0],[0,0],[0,0],[0,0],[0,0],[0,0],[0,0],[0,0],[0,0],[0,0]],"o":[[0,0],[0,0],[0,0],[0,0],[0,0],[0,0],[0,0],[0,0],[0,0],[0,0],[0,0],[0,0]],"v":[[104.886,0],[136.556,0],[136.556,-5.127],[110.57,-5.127],[110.57,-19.717],[134.183,-19.717],[134.183,-24.697],[110.57,-24.697],[110.57,-37.764],[136.117,-37.764],[136.117,-43.037],[104.886,-43.037]],"c":true},"ix":2},"nm":"E","mn":"ADBE Vector Shape - Group","hd":false},{"ty":"fl","c":{"a":0,"k":[0.596079987171,0.596079987171,0.596079987171,1],"ix":4},"o":{"a":0,"k":100,"ix":5},"r":1,"bm":0,"nm":"填充 1","mn":"ADBE Vector Graphic - Fill","hd":false},{"ty":"tr","p":{"a":0,"k":[0,0],"ix":2},"a":{"a":0,"k":[0,0],"ix":1},"s":{"a":0,"k":[100,100],"ix":3},"r":{"a":0,"k":0,"ix":6},"o":{"a":0,"k":100,"ix":7},"sk":{"a":0,"k":0,"ix":4},"sa":{"a":0,"k":0,"ix":5},"nm":"变换"}],"nm":"E","np":3,"cix":2,"bm":0,"ix":3,"mn":"ADBE Vector Group","hd":false},{"ty":"gr","it":[{"ind":0,"ty":"sh","ix":1,"ks":{"a":0,"k":{"i":[[3.984,0],[3.658,-4.062],[0,-7.207],[-3.939,-4.14],[-5.015,0],[-2.517,1.445],[-1.941,2.168],[0,0],[0,0],[0,0],[0,0],[0,0],[0,0],[2.498,-2.256],[3.809,0],[2.201,3.213],[0,5.117],[-2.668,2.988],[-3.902,0],[-2.162,-1.436],[-0.688,-3.144],[0,0],[4.216,2.246]],"o":[[-5.814,0],[-3.85,4.258],[0,7.227],[3.612,3.301],[3.881,0],[1.498,-0.84],[0,0],[0,0],[0,0],[0,0],[0,0],[0,0],[-0.059,5.039],[-2.498,2.256],[-4.977,0],[-2.201,-3.213],[0,-5.918],[2.668,-2.988],[3.289,0],[2.162,1.436],[0,0],[-0.943,-5.625],[-2.907,-1.562]],"v":[[161.461,-44.15],[147.254,-38.057],[141.479,-20.859],[147.387,-3.809],[160.327,1.143],[169.924,-1.025],[175.083,-5.537],[176.489,0],[180.239,0],[180.239,-23.027],[161.343,-23.027],[161.343,-18.193],[174.819,-18.193],[170.984,-7.251],[161.524,-3.867],[150.758,-8.687],[147.456,-21.182],[151.458,-34.541],[161.313,-39.023],[169.489,-36.87],[173.764,-30],[179.536,-30],[171.797,-41.807]],"c":true},"ix":2},"nm":"G","mn":"ADBE Vector Shape - Group","hd":false},{"ty":"fl","c":{"a":0,"k":[0.596079987171,0.596079987171,0.596079987171,1],"ix":4},"o":{"a":0,"k":100,"ix":5},"r":1,"bm":0,"nm":"填充 1","mn":"ADBE Vector Graphic - Fill","hd":false},{"ty":"tr","p":{"a":0,"k":[0,0],"ix":2},"a":{"a":0,"k":[0,0],"ix":1},"s":{"a":0,"k":[100,100],"ix":3},"r":{"a":0,"k":0,"ix":6},"o":{"a":0,"k":100,"ix":7},"sk":{"a":0,"k":0,"ix":4},"sa":{"a":0,"k":0,"ix":5},"nm":"变换"}],"nm":"G","np":3,"cix":2,"bm":0,"ix":4,"mn":"ADBE Vector Group","hd":false},{"ty":"gr","it":[{"ind":0,"ty":"sh","ix":1,"ks":{"a":0,"k":{"i":[[0,0],[0,0],[0,0],[-1.159,-0.586],[0,-3.066],[1.548,-1.094],[2.659,0]],"o":[[0,0],[0,0],[1.937,0],[2.165,1.113],[0,2.852],[-1.548,1.094],[0,0]],"v":[[195.152,-23.32],[195.152,-38.027],[208.999,-38.027],[213.643,-37.148],[216.891,-30.879],[214.568,-24.961],[208.258,-23.32]],"c":true},"ix":2},"nm":"R","mn":"ADBE Vector Shape - Group","hd":false},{"ind":1,"ty":"sh","ix":2,"ks":{"a":0,"k":{"i":[[0,0],[0,0],[0,0],[0,0],[-1.082,-0.527],[-0.133,-2.812],[0,0],[-0.117,-0.586],[-0.195,-0.371],[0,0],[0,0],[0.352,1.367],[0.059,1.641],[0,0],[0.85,1.113],[1.68,0.684],[-1.065,1.641],[0,2.578],[3.97,1.836],[3.222,0],[0,0]],"o":[[0,0],[0,0],[0,0],[2.315,0],[1.897,0.957],[0,0],[0.078,1.68],[0.117,0.586],[0,0],[0,0],[-0.899,-0.39],[-0.215,-0.801],[0,0],[-0.098,-2.5],[-0.85,-1.113],[1.914,-0.996],[1.064,-1.641],[0,-4.941],[-2.091,-0.957],[0,0],[0,0]],"v":[[189.322,0],[195.152,0],[195.152,-18.457],[208.047,-18.457],[213.142,-17.666],[216.188,-12.012],[216.539,-4.834],[216.832,-1.436],[217.301,0],[224.449,0],[224.449,-0.967],[222.574,-3.604],[222.164,-7.266],[221.959,-13.037],[220.538,-18.457],[216.744,-21.152],[221.212,-25.107],[222.809,-31.436],[216.854,-41.602],[208.885,-43.037],[189.322,-43.037]],"c":true},"ix":2},"nm":"R","mn":"ADBE Vector Shape - Group","hd":false},{"ty":"mm","mm":1,"nm":"合并路径 1","mn":"ADBE Vector Filter - Merge","hd":false},{"ty":"fl","c":{"a":0,"k":[0.596079987171,0.596079987171,0.596079987171,1],"ix":4},"o":{"a":0,"k":100,"ix":5},"r":1,"bm":0,"nm":"填充 1","mn":"ADBE Vector Graphic - Fill","hd":false},{"ty":"tr","p":{"a":0,"k":[0,0],"ix":2},"a":{"a":0,"k":[0,0],"ix":1},"s":{"a":0,"k":[100,100],"ix":3},"r":{"a":0,"k":0,"ix":6},"o":{"a":0,"k":100,"ix":7},"sk":{"a":0,"k":0,"ix":4},"sa":{"a":0,"k":0,"ix":5},"nm":"变换"}],"nm":"R","np":5,"cix":2,"bm":0,"ix":5,"mn":"ADBE Vector Group","hd":false},{"ty":"gr","it":[{"ind":0,"ty":"sh","ix":1,"ks":{"a":0,"k":{"i":[[0,0],[0,0],[0,0],[0,0],[0,0],[0,0],[0,0],[0,0],[0,0],[0,0],[0,0],[0,0]],"o":[[0,0],[0,0],[0,0],[0,0],[0,0],[0,0],[0,0],[0,0],[0,0],[0,0],[0,0],[0,0]],"v":[[231.306,0],[262.976,0],[262.976,-5.127],[236.989,-5.127],[236.989,-19.717],[260.603,-19.717],[260.603,-24.697],[236.989,-24.697],[236.989,-37.764],[262.536,-37.764],[262.536,-43.037],[231.306,-43.037]],"c":true},"ix":2},"nm":"E","mn":"ADBE Vector Shape - Group","hd":false},{"ty":"fl","c":{"a":0,"k":[0.596079987171,0.596079987171,0.596079987171,1],"ix":4},"o":{"a":0,"k":100,"ix":5},"r":1,"bm":0,"nm":"填充 1","mn":"ADBE Vector Graphic - Fill","hd":false},{"ty":"tr","p":{"a":0,"k":[0,0],"ix":2},"a":{"a":0,"k":[0,0],"ix":1},"s":{"a":0,"k":[100,100],"ix":3},"r":{"a":0,"k":0,"ix":6},"o":{"a":0,"k":100,"ix":7},"sk":{"a":0,"k":0,"ix":4},"sa":{"a":0,"k":0,"ix":5},"nm":"变换"}],"nm":"E","np":3,"cix":2,"bm":0,"ix":6,"mn":"ADBE Vector Group","hd":false},{"ty":"gr","it":[{"ind":0,"ty":"sh","ix":1,"ks":{"a":0,"k":{"i":[[0,0],[0,0],[0,0],[-2.072,-2.949],[0,-5.332],[0.287,-1.621],[1.127,-1.738],[2.215,-0.762],[1.929,0]],"o":[[0,0],[0,0],[4.602,0],[2.072,2.949],[0,1.387],[-0.497,2.715],[-1.414,2.168],[-1.241,0.41],[0,0]],"v":[[275.721,-4.98],[275.721,-38.027],[285.834,-38.027],[295.845,-33.604],[298.954,-21.182],[298.524,-16.67],[296.089,-9.99],[290.646,-5.596],[285.891,-4.98]],"c":true},"ix":2},"nm":"D","mn":"ADBE Vector Shape - Group","hd":false},{"ind":1,"ty":"sh","ix":2,"ks":{"a":0,"k":{"i":[[0,0],[0,0],[-2.987,6.524],[0,4.57],[2.872,3.789],[5.84,0],[0,0]],"o":[[0,0],[7.285,0],[1.696,-3.691],[0,-5.918],[-3.219,-4.199],[0,0],[0,0]],"v":[[269.832,0],[286.977,0],[302.386,-9.785],[304.93,-22.178],[300.623,-36.738],[287.034,-43.037],[269.832,-43.037]],"c":true},"ix":2},"nm":"D","mn":"ADBE Vector Shape - Group","hd":false},{"ty":"mm","mm":1,"nm":"合并路径 1","mn":"ADBE Vector Filter - Merge","hd":false},{"ty":"fl","c":{"a":0,"k":[0.596079987171,0.596079987171,0.596079987171,1],"ix":4},"o":{"a":0,"k":100,"ix":5},"r":1,"bm":0,"nm":"填充 1","mn":"ADBE Vector Graphic - Fill","hd":false},{"ty":"tr","p":{"a":0,"k":[0,0],"ix":2},"a":{"a":0,"k":[0,0],"ix":1},"s":{"a":0,"k":[100,100],"ix":3},"r":{"a":0,"k":0,"ix":6},"o":{"a":0,"k":100,"ix":7},"sk":{"a":0,"k":0,"ix":4},"sa":{"a":0,"k":0,"ix":5},"nm":"变换"}],"nm":"D","np":5,"cix":2,"bm":0,"ix":7,"mn":"ADBE Vector Group","hd":false},{"ty":"gr","it":[{"ind":0,"ty":"sh","ix":1,"ks":{"a":0,"k":{"i":[[7.598,0],[3.711,-5.312],[0,-5.82],[-3.379,-4.219],[-6.621,0],[-3.828,5],[0,6.426],[2.851,3.809]],"o":[[-7.266,0],[-2.891,4.141],[0,6.445],[3.789,4.375],[7.09,0],[3.262,-4.258],[0,-5.937],[-3.652,-4.883]],"v":[[330.273,-44.209],[313.808,-36.24],[309.472,-21.299],[314.541,-5.303],[330.156,1.26],[346.533,-6.24],[351.425,-22.266],[347.148,-36.885]],"c":true},"ix":2},"nm":"O","mn":"ADBE Vector Shape - Group","hd":false},{"ind":1,"ty":"sh","ix":2,"ks":{"a":0,"k":{"i":[[5.137,0],[2.412,3.274],[0,4.77],[-2.812,3.059],[-4.453,0],[-2.647,-3.089],[0,-5.063],[2.295,-3.685]],"o":[[-5.41,0],[-2.412,-3.274],[0,-5.962],[2.812,-3.059],[4.59,0],[2.646,3.089],[0,4.789],[-2.295,3.685]],"v":[[330.859,-3.926],[319.126,-8.837],[315.507,-20.903],[319.726,-34.434],[330.625,-39.023],[341.479,-34.39],[345.449,-22.164],[342.006,-9.453]],"c":true},"ix":2},"nm":"O","mn":"ADBE Vector Shape - Group","hd":false},{"ty":"mm","mm":1,"nm":"合并路径 1","mn":"ADBE Vector Filter - Merge","hd":false},{"ty":"fl","c":{"a":0,"k":[0.596079987171,0.596079987171,0.596079987171,1],"ix":4},"o":{"a":0,"k":100,"ix":5},"r":1,"bm":0,"nm":"填充 1","mn":"ADBE Vector Graphic - Fill","hd":false},{"ty":"tr","p":{"a":0,"k":[0,0],"ix":2},"a":{"a":0,"k":[0,0],"ix":1},"s":{"a":0,"k":[100,100],"ix":3},"r":{"a":0,"k":0,"ix":6},"o":{"a":0,"k":100,"ix":7},"sk":{"a":0,"k":0,"ix":4},"sa":{"a":0,"k":0,"ix":5},"nm":"变换"}],"nm":"O","np":5,"cix":2,"bm":0,"ix":8,"mn":"ADBE Vector Group","hd":false}],"ip":0,"op":75,"st":0,"bm":0},{"ddd":0,"ind":50,"ty":4,"nm":"“NA MINHA PALMA”轮廓","sr":1,"ks":{"o":{"a":1,"k":[{"i":{"x":[0.833],"y":[0.833]},"o":{"x":[0.167],"y":[0.167]},"t":10,"s":[0]},{"i":{"x":[0.833],"y":[0.833]},"o":{"x":[0.167],"y":[0.167]},"t":30,"s":[100]},{"i":{"x":[0.833],"y":[0.833]},"o":{"x":[0.167],"y":[0.167]},"t":60,"s":[100]},{"i":{"x":[0.833],"y":[0.833]},"o":{"x":[0.167],"y":[0.167]},"t":70,"s":[0]},{"i":{"x":[0.833],"y":[0.833]},"o":{"x":[0.167],"y":[0.167]},"t":180,"s":[100]},{"t":189,"s":[0]}],"ix":11},"r":{"a":0,"k":0,"ix":10},"p":{"a":0,"k":[46,664,0],"ix":2},"a":{"a":0,"k":[0,0,0],"ix":1},"s":{"a":0,"k":[100,100,100],"ix":6}},"ao":0,"hasMask":true,"masksProperties":[{"inv":false,"mode":"a","pt":{"a":1,"k":[{"i":{"x":0.667,"y":1},"o":{"x":0.333,"y":0},"t":10,"s":[{"i":[[0,0],[0,0],[0,0],[0,0]],"o":[[0,0],[0,0],[0,0],[0,0]],"v":[[-48,-101],[-365.648,-101],[-365.648,48.859],[-48,48.859]],"c":true}]},{"i":{"x":0.667,"y":1},"o":{"x":0.333,"y":0},"t":30,"s":[{"i":[[0,0],[0,0],[0,0],[0,0]],"o":[[0,0],[0,0],[0,0],[0,0]],"v":[[520,-101],[-42.648,-101],[-42.648,48.859],[520,48.859]],"c":true}]},{"i":{"x":0.667,"y":1},"o":{"x":0.333,"y":0},"t":180,"s":[{"i":[[0,0],[0,0],[0,0],[0,0]],"o":[[0,0],[0,0],[0,0],[0,0]],"v":[[520,-101],[-42.648,-101],[-42.648,48.859],[520,48.859]],"c":true}]},{"t":189,"s":[{"i":[[0,0],[0,0],[0,0],[0,0]],"o":[[0,0],[0,0],[0,0],[0,0]],"v":[[587,-102],[269.352,-102],[269.352,47.859],[587,47.859]],"c":true}]}],"ix":1},"o":{"a":0,"k":100,"ix":3},"x":{"a":0,"k":0,"ix":4},"nm":"蒙版 1"}],"shapes":[{"ty":"gr","it":[{"ind":0,"ty":"sh","ix":1,"ks":{"a":0,"k":{"i":[[0,0],[0,0],[0,0],[0,0],[0,0],[0,0],[0,0],[0,0],[0,0],[0,0]],"o":[[0,0],[0,0],[0,0],[0,0],[0,0],[0,0],[0,0],[0,0],[0,0],[0,0]],"v":[[4.57,0],[10.137,0],[10.137,-34.731],[31.917,0],[38.467,0],[38.467,-43.037],[32.9,-43.037],[32.9,-8.264],[11.438,-43.037],[4.57,-43.037]],"c":true},"ix":2},"nm":"N","mn":"ADBE Vector Shape - Group","hd":false},{"ty":"fl","c":{"a":0,"k":[0.596079987171,0.596079987171,0.596079987171,1],"ix":4},"o":{"a":0,"k":100,"ix":5},"r":1,"bm":0,"nm":"填充 1","mn":"ADBE Vector Graphic - Fill","hd":false},{"ty":"tr","p":{"a":0,"k":[0,0],"ix":2},"a":{"a":0,"k":[0,0],"ix":1},"s":{"a":0,"k":[100,100],"ix":3},"r":{"a":0,"k":0,"ix":6},"o":{"a":0,"k":100,"ix":7},"sk":{"a":0,"k":0,"ix":4},"sa":{"a":0,"k":0,"ix":5},"nm":"变换"}],"nm":"N","np":3,"cix":2,"bm":0,"ix":1,"mn":"ADBE Vector Group","hd":false},{"ty":"gr","it":[{"ind":0,"ty":"sh","ix":1,"ks":{"a":0,"k":{"i":[[0,0],[0,0],[0,0]],"o":[[0,0],[0,0],[0,0]],"v":[[55.314,-17.637],[62.257,-36.65],[68.79,-17.637]],"c":true},"ix":2},"nm":"A","mn":"ADBE Vector Shape - Group","hd":false},{"ind":1,"ty":"sh","ix":2,"ks":{"a":0,"k":{"i":[[0,0],[0,0],[0,0],[0,0],[0,0],[0,0],[0,0],[0,0]],"o":[[0,0],[0,0],[0,0],[0,0],[0,0],[0,0],[0,0],[0,0]],"v":[[43.009,0],[48.986,0],[53.644,-12.891],[70.665,-12.891],[75.03,0],[81.417,0],[65.802,-43.037],[59.21,-43.037]],"c":true},"ix":2},"nm":"A","mn":"ADBE Vector Shape - Group","hd":false},{"ty":"mm","mm":1,"nm":"合并路径 1","mn":"ADBE Vector Filter - Merge","hd":false},{"ty":"fl","c":{"a":0,"k":[0.596079987171,0.596079987171,0.596079987171,1],"ix":4},"o":{"a":0,"k":100,"ix":5},"r":1,"bm":0,"nm":"填充 1","mn":"ADBE Vector Graphic - Fill","hd":false},{"ty":"tr","p":{"a":0,"k":[0,0],"ix":2},"a":{"a":0,"k":[0,0],"ix":1},"s":{"a":0,"k":[100,100],"ix":3},"r":{"a":0,"k":0,"ix":6},"o":{"a":0,"k":100,"ix":7},"sk":{"a":0,"k":0,"ix":4},"sa":{"a":0,"k":0,"ix":5},"nm":"变换"}],"nm":"A","np":5,"cix":2,"bm":0,"ix":2,"mn":"ADBE Vector Group","hd":false},{"ty":"gr","it":[{"ind":0,"ty":"sh","ix":1,"ks":{"a":0,"k":{"i":[[0,0],[0,0],[0,0],[0.059,2.158],[0,1.055],[0,0],[0,0],[0,0],[0,0],[0.039,-2.031],[0,-0.879],[0,0],[0,0],[0,0],[0,0],[0,0],[0,0],[0,0]],"o":[[0,0],[0,0],[0,-1.015],[-0.059,-2.158],[0,0],[0,0],[0,0],[0,0],[0,2.325],[-0.039,2.032],[0,0],[0,0],[0,0],[0,0],[0,0],[0,0],[0,0],[0,0]],"v":[[100.843,0],[106.41,0],[106.41,-25.4],[106.322,-30.161],[106.234,-34.98],[106.234,-36.299],[118.638,0],[124.415,0],[136.703,-36.299],[136.644,-29.766],[136.586,-25.4],[136.586,0],[142.152,0],[142.152,-43.037],[133.858,-43.037],[121.571,-6.65],[109.196,-43.037],[100.843,-43.037]],"c":true},"ix":2},"nm":"M","mn":"ADBE Vector Shape - Group","hd":false},{"ty":"fl","c":{"a":0,"k":[0.596079987171,0.596079987171,0.596079987171,1],"ix":4},"o":{"a":0,"k":100,"ix":5},"r":1,"bm":0,"nm":"填充 1","mn":"ADBE Vector Graphic - Fill","hd":false},{"ty":"tr","p":{"a":0,"k":[0,0],"ix":2},"a":{"a":0,"k":[0,0],"ix":1},"s":{"a":0,"k":[100,100],"ix":3},"r":{"a":0,"k":0,"ix":6},"o":{"a":0,"k":100,"ix":7},"sk":{"a":0,"k":0,"ix":4},"sa":{"a":0,"k":0,"ix":5},"nm":"变换"}],"nm":"M","np":3,"cix":2,"bm":0,"ix":3,"mn":"ADBE Vector Group","hd":false},{"ty":"gr","it":[{"ind":0,"ty":"sh","ix":1,"ks":{"a":0,"k":{"i":[[0,0],[0,0],[0,0],[0,0]],"o":[[0,0],[0,0],[0,0],[0,0]],"v":[[151.089,0],[156.977,0],[156.977,-43.037],[151.089,-43.037]],"c":true},"ix":2},"nm":"I","mn":"ADBE Vector Shape - Group","hd":false},{"ty":"fl","c":{"a":0,"k":[0.596079987171,0.596079987171,0.596079987171,1],"ix":4},"o":{"a":0,"k":100,"ix":5},"r":1,"bm":0,"nm":"填充 1","mn":"ADBE Vector Graphic - Fill","hd":false},{"ty":"tr","p":{"a":0,"k":[0,0],"ix":2},"a":{"a":0,"k":[0,0],"ix":1},"s":{"a":0,"k":[100,100],"ix":3},"r":{"a":0,"k":0,"ix":6},"o":{"a":0,"k":100,"ix":7},"sk":{"a":0,"k":0,"ix":4},"sa":{"a":0,"k":0,"ix":5},"nm":"变换"}],"nm":"I","np":3,"cix":2,"bm":0,"ix":4,"mn":"ADBE Vector Group","hd":false},{"ty":"gr","it":[{"ind":0,"ty":"sh","ix":1,"ks":{"a":0,"k":{"i":[[0,0],[0,0],[0,0],[0,0],[0,0],[0,0],[0,0],[0,0],[0,0],[0,0]],"o":[[0,0],[0,0],[0,0],[0,0],[0,0],[0,0],[0,0],[0,0],[0,0],[0,0]],"v":[[165.24,0],[170.807,0],[170.807,-34.731],[192.587,0],[199.137,0],[199.137,-43.037],[193.57,-43.037],[193.57,-8.264],[172.108,-43.037],[165.24,-43.037]],"c":true},"ix":2},"nm":"N","mn":"ADBE Vector Shape - Group","hd":false},{"ty":"fl","c":{"a":0,"k":[0.596079987171,0.596079987171,0.596079987171,1],"ix":4},"o":{"a":0,"k":100,"ix":5},"r":1,"bm":0,"nm":"填充 1","mn":"ADBE Vector Graphic - Fill","hd":false},{"ty":"tr","p":{"a":0,"k":[0,0],"ix":2},"a":{"a":0,"k":[0,0],"ix":1},"s":{"a":0,"k":[100,100],"ix":3},"r":{"a":0,"k":0,"ix":6},"o":{"a":0,"k":100,"ix":7},"sk":{"a":0,"k":0,"ix":4},"sa":{"a":0,"k":0,"ix":5},"nm":"变换"}],"nm":"N","np":3,"cix":2,"bm":0,"ix":5,"mn":"ADBE Vector Group","hd":false},{"ty":"gr","it":[{"ind":0,"ty":"sh","ix":1,"ks":{"a":0,"k":{"i":[[0,0],[0,0],[0,0],[0,0],[0,0],[0,0],[0,0],[0,0],[0,0],[0,0],[0,0],[0,0]],"o":[[0,0],[0,0],[0,0],[0,0],[0,0],[0,0],[0,0],[0,0],[0,0],[0,0],[0,0],[0,0]],"v":[[207.517,0],[213.405,0],[213.405,-20.127],[235.525,-20.127],[235.525,0],[241.413,0],[241.413,-43.037],[235.525,-43.037],[235.525,-25.254],[213.405,-25.254],[213.405,-43.037],[207.517,-43.037]],"c":true},"ix":2},"nm":"H","mn":"ADBE Vector Shape - Group","hd":false},{"ty":"fl","c":{"a":0,"k":[0.596079987171,0.596079987171,0.596079987171,1],"ix":4},"o":{"a":0,"k":100,"ix":5},"r":1,"bm":0,"nm":"填充 1","mn":"ADBE Vector Graphic - Fill","hd":false},{"ty":"tr","p":{"a":0,"k":[0,0],"ix":2},"a":{"a":0,"k":[0,0],"ix":1},"s":{"a":0,"k":[100,100],"ix":3},"r":{"a":0,"k":0,"ix":6},"o":{"a":0,"k":100,"ix":7},"sk":{"a":0,"k":0,"ix":4},"sa":{"a":0,"k":0,"ix":5},"nm":"变换"}],"nm":"H","np":3,"cix":2,"bm":0,"ix":6,"mn":"ADBE Vector Group","hd":false},{"ty":"gr","it":[{"ind":0,"ty":"sh","ix":1,"ks":{"a":0,"k":{"i":[[0,0],[0,0],[0,0]],"o":[[0,0],[0,0],[0,0]],"v":[[258.114,-17.637],[265.057,-36.65],[271.59,-17.637]],"c":true},"ix":2},"nm":"A","mn":"ADBE Vector Shape - Group","hd":false},{"ind":1,"ty":"sh","ix":2,"ks":{"a":0,"k":{"i":[[0,0],[0,0],[0,0],[0,0],[0,0],[0,0],[0,0],[0,0]],"o":[[0,0],[0,0],[0,0],[0,0],[0,0],[0,0],[0,0],[0,0]],"v":[[245.809,0],[251.786,0],[256.444,-12.891],[273.465,-12.891],[277.83,0],[284.217,0],[268.602,-43.037],[262.01,-43.037]],"c":true},"ix":2},"nm":"A","mn":"ADBE Vector Shape - Group","hd":false},{"ty":"mm","mm":1,"nm":"合并路径 1","mn":"ADBE Vector Filter - Merge","hd":false},{"ty":"fl","c":{"a":0,"k":[0.596079987171,0.596079987171,0.596079987171,1],"ix":4},"o":{"a":0,"k":100,"ix":5},"r":1,"bm":0,"nm":"填充 1","mn":"ADBE Vector Graphic - Fill","hd":false},{"ty":"tr","p":{"a":0,"k":[0,0],"ix":2},"a":{"a":0,"k":[0,0],"ix":1},"s":{"a":0,"k":[100,100],"ix":3},"r":{"a":0,"k":0,"ix":6},"o":{"a":0,"k":100,"ix":7},"sk":{"a":0,"k":0,"ix":4},"sa":{"a":0,"k":0,"ix":5},"nm":"变换"}],"nm":"A","np":5,"cix":2,"bm":0,"ix":7,"mn":"ADBE Vector Group","hd":false},{"ty":"gr","it":[{"ind":0,"ty":"sh","ix":1,"ks":{"a":0,"k":{"i":[[0,0],[0,0],[0,0],[0,0],[-2.089,2.49],[0,3.36],[2.341,2.158],[3.807,0],[0,0]],"o":[[0,0],[0,0],[0,0],[4.305,0],[2.089,-2.49],[0,-3.906],[-2.341,-2.158],[0,0],[0,0]],"v":[[304.346,0],[310.177,0],[310.177,-18.193],[323.615,-18.193],[333.205,-21.929],[336.339,-30.703],[332.827,-39.8],[323.605,-43.037],[304.346,-43.037]],"c":true},"ix":2},"nm":"P","mn":"ADBE Vector Shape - Group","hd":false},{"ind":1,"ty":"sh","ix":2,"ks":{"a":0,"k":{"i":[[0,-3.164],[1.619,-1.113],[2.598,0],[0,0],[0,0],[0,0],[-1.28,-0.605]],"o":[[0,2.812],[-1.619,1.113],[0,0],[0,0],[0,0],[2.23,0],[2.327,1.133]],"v":[[330.45,-30.674],[328.021,-24.785],[321.695,-23.115],[310.177,-23.115],[310.177,-38.027],[321.695,-38.027],[326.96,-37.119]],"c":true},"ix":2},"nm":"P","mn":"ADBE Vector Shape - Group","hd":false},{"ty":"mm","mm":1,"nm":"合并路径 1","mn":"ADBE Vector Filter - Merge","hd":false},{"ty":"fl","c":{"a":0,"k":[0.596079987171,0.596079987171,0.596079987171,1],"ix":4},"o":{"a":0,"k":100,"ix":5},"r":1,"bm":0,"nm":"填充 1","mn":"ADBE Vector Graphic - Fill","hd":false},{"ty":"tr","p":{"a":0,"k":[0,0],"ix":2},"a":{"a":0,"k":[0,0],"ix":1},"s":{"a":0,"k":[100,100],"ix":3},"r":{"a":0,"k":0,"ix":6},"o":{"a":0,"k":100,"ix":7},"sk":{"a":0,"k":0,"ix":4},"sa":{"a":0,"k":0,"ix":5},"nm":"变换"}],"nm":"P","np":5,"cix":2,"bm":0,"ix":8,"mn":"ADBE Vector Group","hd":false},{"ty":"gr","it":[{"ind":0,"ty":"sh","ix":1,"ks":{"a":0,"k":{"i":[[0,0],[0,0],[0,0]],"o":[[0,0],[0,0],[0,0]],"v":[[351.223,-17.637],[358.166,-36.65],[364.699,-17.637]],"c":true},"ix":2},"nm":"A","mn":"ADBE Vector Shape - Group","hd":false},{"ind":1,"ty":"sh","ix":2,"ks":{"a":0,"k":{"i":[[0,0],[0,0],[0,0],[0,0],[0,0],[0,0],[0,0],[0,0]],"o":[[0,0],[0,0],[0,0],[0,0],[0,0],[0,0],[0,0],[0,0]],"v":[[338.918,0],[344.895,0],[349.553,-12.891],[366.574,-12.891],[370.939,0],[377.326,0],[361.711,-43.037],[355.119,-43.037]],"c":true},"ix":2},"nm":"A","mn":"ADBE Vector Shape - Group","hd":false},{"ty":"mm","mm":1,"nm":"合并路径 1","mn":"ADBE Vector Filter - Merge","hd":false},{"ty":"fl","c":{"a":0,"k":[0.596079987171,0.596079987171,0.596079987171,1],"ix":4},"o":{"a":0,"k":100,"ix":5},"r":1,"bm":0,"nm":"填充 1","mn":"ADBE Vector Graphic - Fill","hd":false},{"ty":"tr","p":{"a":0,"k":[0,0],"ix":2},"a":{"a":0,"k":[0,0],"ix":1},"s":{"a":0,"k":[100,100],"ix":3},"r":{"a":0,"k":0,"ix":6},"o":{"a":0,"k":100,"ix":7},"sk":{"a":0,"k":0,"ix":4},"sa":{"a":0,"k":0,"ix":5},"nm":"变换"}],"nm":"A","np":5,"cix":2,"bm":0,"ix":9,"mn":"ADBE Vector Group","hd":false},{"ty":"gr","it":[{"ind":0,"ty":"sh","ix":1,"ks":{"a":0,"k":{"i":[[0,0],[0,0],[0,0],[0,0],[0,0],[0,0]],"o":[[0,0],[0,0],[0,0],[0,0],[0,0],[0,0]],"v":[[381.429,0],[408.851,0],[408.851,-5.127],[387.259,-5.127],[387.259,-43.037],[381.429,-43.037]],"c":true},"ix":2},"nm":"L","mn":"ADBE Vector Shape - Group","hd":false},{"ty":"fl","c":{"a":0,"k":[0.596079987171,0.596079987171,0.596079987171,1],"ix":4},"o":{"a":0,"k":100,"ix":5},"r":1,"bm":0,"nm":"填充 1","mn":"ADBE Vector Graphic - Fill","hd":false},{"ty":"tr","p":{"a":0,"k":[0,0],"ix":2},"a":{"a":0,"k":[0,0],"ix":1},"s":{"a":0,"k":[100,100],"ix":3},"r":{"a":0,"k":0,"ix":6},"o":{"a":0,"k":100,"ix":7},"sk":{"a":0,"k":0,"ix":4},"sa":{"a":0,"k":0,"ix":5},"nm":"变换"}],"nm":"L","np":3,"cix":2,"bm":0,"ix":10,"mn":"ADBE Vector Group","hd":false},{"ty":"gr","it":[{"ind":0,"ty":"sh","ix":1,"ks":{"a":0,"k":{"i":[[0,0],[0,0],[0,0],[0.059,2.158],[0,1.055],[0,0],[0,0],[0,0],[0,0],[0.039,-2.031],[0,-0.879],[0,0],[0,0],[0,0],[0,0],[0,0],[0,0],[0,0]],"o":[[0,0],[0,0],[0,-1.015],[-0.059,-2.158],[0,0],[0,0],[0,0],[0,0],[0,2.325],[-0.039,2.032],[0,0],[0,0],[0,0],[0,0],[0,0],[0,0],[0,0],[0,0]],"v":[[413.452,0],[419.018,0],[419.018,-25.4],[418.93,-30.161],[418.842,-34.98],[418.842,-36.299],[431.247,0],[437.024,0],[449.311,-36.299],[449.252,-29.766],[449.194,-25.4],[449.194,0],[454.76,0],[454.76,-43.037],[446.466,-43.037],[434.179,-6.65],[421.804,-43.037],[413.452,-43.037]],"c":true},"ix":2},"nm":"M","mn":"ADBE Vector Shape - Group","hd":false},{"ty":"fl","c":{"a":0,"k":[0.596079987171,0.596079987171,0.596079987171,1],"ix":4},"o":{"a":0,"k":100,"ix":5},"r":1,"bm":0,"nm":"填充 1","mn":"ADBE Vector Graphic - Fill","hd":false},{"ty":"tr","p":{"a":0,"k":[0,0],"ix":2},"a":{"a":0,"k":[0,0],"ix":1},"s":{"a":0,"k":[100,100],"ix":3},"r":{"a":0,"k":0,"ix":6},"o":{"a":0,"k":100,"ix":7},"sk":{"a":0,"k":0,"ix":4},"sa":{"a":0,"k":0,"ix":5},"nm":"变换"}],"nm":"M","np":3,"cix":2,"bm":0,"ix":11,"mn":"ADBE Vector Group","hd":false},{"ty":"gr","it":[{"ind":0,"ty":"sh","ix":1,"ks":{"a":0,"k":{"i":[[0,0],[0,0],[0,0]],"o":[[0,0],[0,0],[0,0]],"v":[[470.992,-17.637],[477.935,-36.65],[484.468,-17.637]],"c":true},"ix":2},"nm":"A","mn":"ADBE Vector Shape - Group","hd":false},{"ind":1,"ty":"sh","ix":2,"ks":{"a":0,"k":{"i":[[0,0],[0,0],[0,0],[0,0],[0,0],[0,0],[0,0],[0,0]],"o":[[0,0],[0,0],[0,0],[0,0],[0,0],[0,0],[0,0],[0,0]],"v":[[458.687,0],[464.664,0],[469.322,-12.891],[486.343,-12.891],[490.709,0],[497.095,0],[481.48,-43.037],[474.888,-43.037]],"c":true},"ix":2},"nm":"A","mn":"ADBE Vector Shape - Group","hd":false},{"ty":"mm","mm":1,"nm":"合并路径 1","mn":"ADBE Vector Filter - Merge","hd":false},{"ty":"fl","c":{"a":0,"k":[0.596079987171,0.596079987171,0.596079987171,1],"ix":4},"o":{"a":0,"k":100,"ix":5},"r":1,"bm":0,"nm":"填充 1","mn":"ADBE Vector Graphic - Fill","hd":false},{"ty":"tr","p":{"a":0,"k":[0,0],"ix":2},"a":{"a":0,"k":[0,0],"ix":1},"s":{"a":0,"k":[100,100],"ix":3},"r":{"a":0,"k":0,"ix":6},"o":{"a":0,"k":100,"ix":7},"sk":{"a":0,"k":0,"ix":4},"sa":{"a":0,"k":0,"ix":5},"nm":"变换"}],"nm":"A","np":5,"cix":2,"bm":0,"ix":12,"mn":"ADBE Vector Group","hd":false}],"ip":10,"op":75,"st":10,"bm":0},{"ddd":0,"ind":84,"ty":3,"nm":"健康-bg","sr":1,"ks":{"o":{"a":1,"k":[{"i":{"x":[0.833],"y":[0.833]},"o":{"x":[0.167],"y":[0.167]},"t":230,"s":[0]},{"t":240,"s":[100]}],"ix":11},"r":{"a":0,"k":0,"ix":10},"p":{"a":1,"k":[{"i":{"x":0.3,"y":1},"o":{"x":0.3,"y":0},"t":220,"s":[481.163,706.034,0],"to":[-43.527,124.052,0],"ti":[0,0,0]},{"i":{"x":0.833,"y":0.833},"o":{"x":0.144,"y":0.144},"t":240,"s":[242,885.672,0],"to":[0,0,0],"ti":[0,0,0]},{"i":{"x":0.833,"y":0.83},"o":{"x":0.167,"y":0.111},"t":255,"s":[242,885.672,0],"to":[0,0,0],"ti":[9.249,0.234,0]},{"i":{"x":0.833,"y":0.836},"o":{"x":0.167,"y":0.163},"t":285,"s":[232,875.047,0],"to":[-9.249,-0.234,0],"ti":[0,-3.438,0]},{"i":{"x":0.833,"y":0.836},"o":{"x":0.167,"y":0.169},"t":315,"s":[222,885.672,0],"to":[0,3.438,0],"ti":[-9.376,-0.078,0]},{"i":{"x":0.833,"y":0.829},"o":{"x":0.167,"y":0.17},"t":345,"s":[232,895.672,0],"to":[9.376,0.078,0],"ti":[0,0,0]},{"i":{"x":0.965,"y":0},"o":{"x":0.167,"y":0.162},"t":375,"s":[242,885.672,0],"to":[0,0,0],"ti":[8.687,-0.016,0]},{"i":{"x":0.833,"y":0.995},"o":{"x":0.167,"y":0.079},"t":404,"s":[232,875.047,0],"to":[-8.687,0.016,0],"ti":[0,0,0]},{"i":{"x":0.7,"y":1},"o":{"x":0.167,"y":0.007},"t":429,"s":[-487,435.672,0],"to":[0,0,0],"ti":[0,0,0]},{"i":{"x":0.833,"y":0.76},"o":{"x":0.3,"y":0},"t":459,"s":[199.999,289.672,0],"to":[0,0,0],"ti":[0,0,0]},{"t":489,"s":[199.999,269.672,0]}],"ix":2},"a":{"a":0,"k":[284.145,-175.98,0],"ix":1},"s":{"a":0,"k":[100,100,100],"ix":6}},"ao":0,"ip":220,"op":405,"st":40,"bm":0},{"ddd":0,"ind":88,"ty":3,"nm":"爱情-bg","sr":1,"ks":{"o":{"a":1,"k":[{"i":{"x":[0.833],"y":[0.833]},"o":{"x":[0.167],"y":[0.167]},"t":195,"s":[0]},{"t":205,"s":[100]}],"ix":11},"r":{"a":0,"k":0,"ix":10},"p":{"a":1,"k":[{"i":{"x":0.3,"y":1},"o":{"x":0.3,"y":0},"t":185,"s":[697.163,680.034,0],"to":[86.473,64.052,0],"ti":[0,0,0]},{"i":{"x":0.833,"y":0.833},"o":{"x":0.144,"y":0.144},"t":205,"s":[938.999,759.672,0],"to":[0,0,0],"ti":[0,0,0]},{"i":{"x":0.833,"y":0.83},"o":{"x":0.167,"y":0.111},"t":220,"s":[938.999,759.672,0],"to":[0,0,0],"ti":[9.249,0.234,0]},{"i":{"x":0.833,"y":0.836},"o":{"x":0.167,"y":0.163},"t":250,"s":[928.999,749.047,0],"to":[-9.249,-0.234,0],"ti":[0,-3.438,0]},{"i":{"x":0.833,"y":0.836},"o":{"x":0.167,"y":0.169},"t":280,"s":[918.999,759.672,0],"to":[0,3.438,0],"ti":[-9.376,-0.078,0]},{"i":{"x":0.833,"y":0.829},"o":{"x":0.167,"y":0.17},"t":310,"s":[928.999,769.672,0],"to":[9.376,0.078,0],"ti":[0,0,0]},{"i":{"x":0.965,"y":0},"o":{"x":0.167,"y":0.162},"t":340,"s":[938.999,759.672,0],"to":[0,0,0],"ti":[8.687,-0.016,0]},{"i":{"x":0.833,"y":0.995},"o":{"x":0.167,"y":0.079},"t":369,"s":[928.999,749.047,0],"to":[-8.687,0.016,0],"ti":[0,0,0]},{"i":{"x":0.7,"y":1},"o":{"x":0.167,"y":0.234},"t":394,"s":[209.999,309.672,0],"to":[0,0,0],"ti":[0,0,0]},{"i":{"x":0.833,"y":0.921},"o":{"x":0.3,"y":0},"t":424,"s":[209.999,329.672,0],"to":[0,0,0],"ti":[0,0,0]},{"t":454,"s":[199.999,269.672,0]}],"ix":2},"a":{"a":0,"k":[284.145,-175.98,0],"ix":1},"s":{"a":0,"k":[100,100,100],"ix":6}},"ao":0,"ip":185,"op":370,"st":5,"bm":0},{"ddd":0,"ind":92,"ty":3,"nm":"智慧-bg","sr":1,"ks":{"o":{"a":1,"k":[{"i":{"x":[0.833],"y":[0.833]},"o":{"x":[0.167],"y":[0.167]},"t":160,"s":[0]},{"t":170,"s":[100]}],"ix":11},"r":{"a":0,"k":0,"ix":10},"p":{"a":1,"k":[{"i":{"x":0.3,"y":1},"o":{"x":0.3,"y":0},"t":150,"s":[367.163,496.034,0],"to":[-111.527,-49.948,0],"ti":[0,0,0]},{"i":{"x":0.833,"y":0.833},"o":{"x":0.144,"y":0.144},"t":170,"s":[191.999,335.672,0],"to":[0,0,0],"ti":[0,0,0]},{"i":{"x":0.833,"y":0.83},"o":{"x":0.167,"y":0.111},"t":185,"s":[191.999,335.672,0],"to":[0,0,0],"ti":[9.249,0.234,0]},{"i":{"x":0.833,"y":0.836},"o":{"x":0.167,"y":0.163},"t":215,"s":[181.999,325.047,0],"to":[-9.249,-0.234,0],"ti":[0,-3.438,0]},{"i":{"x":0.833,"y":0.836},"o":{"x":0.167,"y":0.169},"t":245,"s":[171.999,335.672,0],"to":[0,3.438,0],"ti":[-9.376,-0.078,0]},{"i":{"x":0.833,"y":0.829},"o":{"x":0.167,"y":0.17},"t":275,"s":[181.999,345.672,0],"to":[9.376,0.078,0],"ti":[0,0,0]},{"i":{"x":0.833,"y":0.821},"o":{"x":0.167,"y":0.162},"t":305,"s":[191.999,335.672,0],"to":[0,0,0],"ti":[8.687,-0.016,0]},{"i":{"x":0.833,"y":0.756},"o":{"x":0.167,"y":0.154},"t":334,"s":[181.999,325.047,0],"to":[-8.687,0.016,0],"ti":[0,0,0]},{"i":{"x":0.7,"y":1},"o":{"x":0.167,"y":0.165},"t":359,"s":[171.999,335.672,0],"to":[0,0,0],"ti":[0,0,0]},{"i":{"x":0.833,"y":0.76},"o":{"x":0.3,"y":0},"t":389,"s":[191.999,355.672,0],"to":[0,0,0],"ti":[0,0,0]},{"t":419,"s":[191.999,335.672,0]}],"ix":2},"a":{"a":0,"k":[284.145,-175.98,0],"ix":1},"s":{"a":0,"k":[100,100,100],"ix":6}},"ao":0,"ip":150,"op":391,"st":-30,"bm":0}],"markers":[]}