{"v":"5.6.8","fr":30,"ip":0,"op":240,"w":1125,"h":1050,"nm":"订阅视频-性格标签-多语言","ddd":0,"assets":[{"id":"image_0","w":323,"h":138,"u":"images/","p":"img_0.png","e":0},{"id":"image_1","w":255,"h":117,"u":"images/","p":"img_1.png","e":0},{"id":"image_2","w":156,"h":74,"u":"images/","p":"img_2.png","e":0},{"id":"image_3","w":323,"h":117,"u":"images/","p":"img_3.png","e":0},{"id":"image_4","w":251,"h":120,"u":"images/","p":"img_4.png","e":0},{"id":"image_5","w":146,"h":74,"u":"images/","p":"img_5.png","e":0}],"layers":[{"ddd":0,"ind":9,"ty":4,"nm":"“嚴重拖延症”轮廓","parent":73,"sr":1,"ks":{"o":{"a":1,"k":[{"i":{"x":[0.833],"y":[0.833]},"o":{"x":[0.167],"y":[0.167]},"t":55,"s":[0]},{"i":{"x":[0.833],"y":[0.833]},"o":{"x":[0.167],"y":[0.167]},"t":70,"s":[100]},{"i":{"x":[0.833],"y":[0.833]},"o":{"x":[0.167],"y":[0.167]},"t":165,"s":[100]},{"t":195,"s":[0]}],"ix":11},"r":{"a":0,"k":0,"ix":10},"p":{"a":0,"k":[161.5,69,0],"ix":2},"a":{"a":0,"k":[-0.362,-12.943,0],"ix":1},"s":{"a":0,"k":[100,100,100],"ix":6}},"ao":0,"shapes":[{"ty":"gr","it":[{"ind":0,"ty":"sh","ix":1,"ks":{"a":0,"k":{"i":[[0,0],[0,0],[0,0],[0,0]],"o":[[0,0],[0,0],[0,0],[0,0]],"v":[[-85.794,-28.605],[-85.794,-21.862],[-72.996,-21.862],[-72.996,-28.605]],"c":true},"ix":2},"nm":"嚴","mn":"ADBE Vector Shape - Group","hd":false},{"ind":1,"ty":"sh","ix":2,"ks":{"a":0,"k":{"i":[[0,0],[0,0],[0,0],[0,0]],"o":[[0,0],[0,0],[0,0],[0,0]],"v":[[-76.223,-24.255],[-82.531,-24.255],[-82.531,-26.067],[-76.223,-26.067]],"c":true},"ix":2},"nm":"嚴","mn":"ADBE Vector Shape - Group","hd":false},{"ind":2,"ty":"sh","ix":3,"ks":{"a":0,"k":{"i":[[-0.29,5.583],[0,0],[0,0],[0,0],[0,0],[-2.538,0.29],[0,0],[0,0],[0,0],[-0.435,0.073],[0,0],[0.435,-0.109],[0,0],[0,0],[0,0],[0,0],[0,0],[0,0],[0,0],[0,0],[0,0],[0,0],[0,0],[0,0],[0,0],[0,0],[0,0],[0,0],[1.559,-3.19],[0,0]],"o":[[0,0],[0,0],[0,0],[0,0],[3.625,-0.29],[0,0],[0,0],[0,0],[0.435,-0.073],[0,0],[-0.435,0.073],[0,0],[0,0],[0,0],[0,0],[0,0],[0,0],[0,0],[0,0],[0,0],[0,0],[0,0],[0,0],[0,0],[0,0],[0,0],[0,0],[-0.073,5.656],[0,0],[1.885,-3.48]],"v":[[-83.039,-9.861],[-81.589,-9.861],[-81.589,-0.145],[-83.547,-0.073],[-83.148,2.574],[-73.903,1.704],[-73.903,3.625],[-70.712,3.625],[-70.712,1.233],[-69.407,0.979],[-69.407,-1.45],[-70.712,-1.196],[-70.712,-9.861],[-68.682,-9.861],[-68.682,-12.363],[-71.583,-12.363],[-70.567,-15.3],[-70.567,-16.496],[-81.408,-16.496],[-81.408,-14.067],[-74.084,-14.067],[-74.628,-12.363],[-82.967,-12.363],[-82.967,-17.765],[-55.703,-17.765],[-55.703,-20.702],[-86.411,-20.702],[-86.411,-11.783],[-88.876,1.45],[-86.266,3.771]],"c":true},"ix":2},"nm":"嚴","mn":"ADBE Vector Shape - Group","hd":false},{"ind":3,"ty":"sh","ix":4,"ks":{"a":0,"k":{"i":[[1.631,-0.145],[0,0],[0,0],[0,0]],"o":[[0,0],[0,0],[0,0],[-1.378,0.145]],"v":[[-78.435,-0.326],[-78.435,-2.32],[-73.903,-2.32],[-73.903,-0.761]],"c":true},"ix":2},"nm":"嚴","mn":"ADBE Vector Shape - Group","hd":false},{"ind":4,"ty":"sh","ix":5,"ks":{"a":0,"k":{"i":[[0,0],[0,0],[0,0],[0,0]],"o":[[0,0],[0,0],[0,0],[0,0]],"v":[[-78.435,-4.387],[-78.435,-6.091],[-73.903,-6.091],[-73.903,-4.387]],"c":true},"ix":2},"nm":"嚴","mn":"ADBE Vector Shape - Group","hd":false},{"ind":5,"ty":"sh","ix":6,"ks":{"a":0,"k":{"i":[[0,0],[0,0],[0,0],[0,0]],"o":[[0,0],[0,0],[0,0],[0,0]],"v":[[-78.435,-8.121],[-78.435,-9.861],[-73.903,-9.861],[-73.903,-8.121]],"c":true},"ix":2},"nm":"嚴","mn":"ADBE Vector Shape - Group","hd":false},{"ind":6,"ty":"sh","ix":7,"ks":{"a":0,"k":{"i":[[-0.145,0.508],[0,0],[0.943,-1.813],[0.653,1.776]],"o":[[0,0],[-0.145,2.32],[-0.943,-1.341],[0.145,-0.471]],"v":[[-64.658,-10.876],[-61.105,-10.876],[-62.773,-4.713],[-65.129,-9.39]],"c":true},"ix":2},"nm":"嚴","mn":"ADBE Vector Shape - Group","hd":false},{"ind":7,"ty":"sh","ix":8,"ks":{"a":0,"k":{"i":[[-0.798,-1.16],[1.885,-0.87],[0,0],[-1.341,1.45],[-1.994,-0.943],[0,0],[1.45,1.414],[-0.181,3.335],[0,0],[0,0],[0,0],[-0.145,1.015],[0,0],[1.885,-2.755],[0,0],[-0.508,0.87]],"o":[[-1.233,1.305],[0,0],[1.958,-1.015],[1.414,1.486],[0,0],[-1.958,-0.798],[1.45,-2.393],[0,0],[0,0],[0,0],[0.181,-0.87],[0,0],[-0.653,4.604],[0,0],[0.544,-0.725],[0.58,1.305]],"v":[[-64.513,-2.248],[-69.153,1.051],[-67.413,3.843],[-62.483,0.145],[-57.371,3.771],[-55.522,1.088],[-60.67,-2.248],[-58.204,-10.876],[-56.573,-10.876],[-56.573,-13.813],[-63.896,-13.813],[-63.389,-16.677],[-66.362,-17.149],[-70.205,-6.091],[-68.175,-3.553],[-66.616,-5.946]],"c":true},"ix":2},"nm":"嚴","mn":"ADBE Vector Shape - Group","hd":false},{"ind":8,"ty":"sh","ix":9,"ks":{"a":0,"k":{"i":[[0,0],[0,0],[0,0],[0,0]],"o":[[0,0],[0,0],[0,0],[0,0]],"v":[[-70.712,-28.605],[-70.712,-21.862],[-57.951,-21.862],[-57.951,-28.605]],"c":true},"ix":2},"nm":"嚴","mn":"ADBE Vector Shape - Group","hd":false},{"ind":9,"ty":"sh","ix":10,"ks":{"a":0,"k":{"i":[[0,0],[0,0],[0,0],[0,0]],"o":[[0,0],[0,0],[0,0],[0,0]],"v":[[-61.177,-24.255],[-67.486,-24.255],[-67.486,-26.067],[-61.177,-26.067]],"c":true},"ix":2},"nm":"嚴","mn":"ADBE Vector Shape - Group","hd":false},{"ty":"mm","mm":1,"nm":"合并路径 1","mn":"ADBE Vector Filter - Merge","hd":false},{"ty":"fl","c":{"a":0,"k":[1,1,1,1],"ix":4},"o":{"a":0,"k":100,"ix":5},"r":1,"bm":0,"nm":"填充 1","mn":"ADBE Vector Graphic - Fill","hd":false},{"ty":"st","c":{"a":0,"k":[0.098040008545,0.098040008545,0.098040008545,1],"ix":3},"o":{"a":0,"k":100,"ix":4},"w":{"a":0,"k":0.01,"ix":5},"lc":1,"lj":1,"ml":4,"bm":0,"nm":"描边 1","mn":"ADBE Vector Graphic - Stroke","hd":false},{"ty":"tr","p":{"a":0,"k":[0,0],"ix":2},"a":{"a":0,"k":[0,0],"ix":1},"s":{"a":0,"k":[100,100],"ix":3},"r":{"a":0,"k":0,"ix":6},"o":{"a":0,"k":100,"ix":7},"sk":{"a":0,"k":0,"ix":4},"sa":{"a":0,"k":0,"ix":5},"nm":"变换"}],"nm":"嚴","np":13,"cix":2,"bm":0,"ix":1,"mn":"ADBE Vector Group","hd":false},{"ty":"gr","it":[{"ind":0,"ty":"sh","ix":1,"ks":{"a":0,"k":{"i":[[0,0],[0,0],[0,0],[0,0],[0,0],[0,0],[0,0],[0,0],[0,0],[0,0],[0,0],[0,0],[0,0],[0,0],[0,0],[0,0],[0,0],[0,0],[0,0],[0,0],[0,0],[0,0],[0,0],[0,0],[0,0],[0,0],[-3.444,0.29],[0,0],[9.426,-0.29],[0,0],[-3.48,0.181],[0,0],[0,0],[0,0],[0,0],[0,0]],"o":[[0,0],[0,0],[0,0],[0,0],[0,0],[0,0],[0,0],[0,0],[0,0],[0,0],[0,0],[0,0],[0,0],[0,0],[0,0],[0,0],[0,0],[0,0],[0,0],[0,0],[0,0],[0,0],[0,0],[0,0],[0,0],[3.952,-0.254],[0,0],[-7.287,0.725],[0,0],[3.843,-0.145],[0,0],[0,0],[0,0],[0,0],[0,0],[0,0]],"v":[[-48.743,-19.179],[-48.743,-6.707],[-37.649,-6.707],[-37.649,-4.786],[-50.193,-4.786],[-50.193,-2.067],[-37.649,-2.067],[-37.649,0],[-52.006,0],[-52.006,2.937],[-19.739,2.937],[-19.739,0],[-34.205,0],[-34.205,-2.067],[-21.552,-2.067],[-21.552,-4.786],[-34.205,-4.786],[-34.205,-6.707],[-23.075,-6.707],[-23.075,-19.179],[-34.205,-19.179],[-34.205,-20.955],[-20.283,-20.955],[-20.283,-23.856],[-34.205,-23.856],[-34.205,-26.031],[-23.111,-26.865],[-24.162,-29.656],[-49.214,-28.134],[-48.634,-25.378],[-37.649,-25.85],[-37.649,-23.856],[-51.498,-23.856],[-51.498,-20.955],[-37.649,-20.955],[-37.649,-19.179]],"c":true},"ix":2},"nm":"重","mn":"ADBE Vector Shape - Group","hd":false},{"ind":1,"ty":"sh","ix":2,"ks":{"a":0,"k":{"i":[[0,0],[0,0],[0,0],[0,0]],"o":[[0,0],[0,0],[0,0],[0,0]],"v":[[-26.41,-9.426],[-34.205,-9.426],[-34.205,-11.674],[-26.41,-11.674]],"c":true},"ix":2},"nm":"重","mn":"ADBE Vector Shape - Group","hd":false},{"ind":2,"ty":"sh","ix":3,"ks":{"a":0,"k":{"i":[[0,0],[0,0],[0,0],[0,0]],"o":[[0,0],[0,0],[0,0],[0,0]],"v":[[-37.649,-9.426],[-45.444,-9.426],[-45.444,-11.674],[-37.649,-11.674]],"c":true},"ix":2},"nm":"重","mn":"ADBE Vector Shape - Group","hd":false},{"ind":3,"ty":"sh","ix":4,"ks":{"a":0,"k":{"i":[[0,0],[0,0],[0,0],[0,0]],"o":[[0,0],[0,0],[0,0],[0,0]],"v":[[-45.444,-14.284],[-45.444,-16.46],[-37.649,-16.46],[-37.649,-14.284]],"c":true},"ix":2},"nm":"重","mn":"ADBE Vector Shape - Group","hd":false},{"ind":4,"ty":"sh","ix":5,"ks":{"a":0,"k":{"i":[[0,0],[0,0],[0,0],[0,0]],"o":[[0,0],[0,0],[0,0],[0,0]],"v":[[-34.205,-16.46],[-26.41,-16.46],[-26.41,-14.284],[-34.205,-14.284]],"c":true},"ix":2},"nm":"重","mn":"ADBE Vector Shape - Group","hd":false},{"ty":"mm","mm":1,"nm":"合并路径 1","mn":"ADBE Vector Filter - Merge","hd":false},{"ty":"fl","c":{"a":0,"k":[1,1,1,1],"ix":4},"o":{"a":0,"k":100,"ix":5},"r":1,"bm":0,"nm":"填充 1","mn":"ADBE Vector Graphic - Fill","hd":false},{"ty":"st","c":{"a":0,"k":[0.098040008545,0.098040008545,0.098040008545,1],"ix":3},"o":{"a":0,"k":100,"ix":4},"w":{"a":0,"k":0.01,"ix":5},"lc":1,"lj":1,"ml":4,"bm":0,"nm":"描边 1","mn":"ADBE Vector Graphic - Stroke","hd":false},{"ty":"tr","p":{"a":0,"k":[0,0],"ix":2},"a":{"a":0,"k":[0,0],"ix":1},"s":{"a":0,"k":[100,100],"ix":3},"r":{"a":0,"k":0,"ix":6},"o":{"a":0,"k":100,"ix":7},"sk":{"a":0,"k":0,"ix":4},"sa":{"a":0,"k":0,"ix":5},"nm":"变换"}],"nm":"重","np":8,"cix":2,"bm":0,"ix":2,"mn":"ADBE Vector Group","hd":false},{"ty":"gr","it":[{"ind":0,"ty":"sh","ix":1,"ks":{"a":0,"k":{"i":[[0,0],[0,2.393],[0,0],[-1.16,0.544],[0,0],[1.16,-0.508],[0,0],[0,0],[0,0],[0,0],[0,0],[0,0],[0,0],[0,0],[0,0],[0,0],[0,0],[1.595,-0.363],[0,0],[-1.305,0.471],[0,0],[0.87,0],[0.943,0.145],[0,0]],"o":[[2.32,0],[0,0],[1.16,-0.508],[0,0],[-1.16,0.58],[0,0],[0,0],[0,0],[0,0],[0,0],[0,0],[0,0],[0,0],[0,0],[0,0],[0,0],[-1.595,0.508],[0,0],[1.305,-0.399],[0,0],[0,0.943],[-0.87,0],[0,0],[0,0]],"v":[[-12.127,3.408],[-8.646,-0.218],[-8.646,-9.97],[-5.166,-11.529],[-5.166,-14.973],[-8.646,-13.342],[-8.646,-19.759],[-5.42,-19.759],[-5.42,-23.058],[-8.646,-23.058],[-8.646,-29.62],[-11.982,-29.62],[-11.982,-23.058],[-16.115,-23.058],[-16.115,-19.759],[-11.982,-19.759],[-11.982,-12.109],[-16.767,-10.84],[-15.897,-7.36],[-11.982,-8.665],[-11.982,-1.051],[-13.287,0.399],[-15.97,0.145],[-15.245,3.408]],"c":true},"ix":2},"nm":"拖","mn":"ADBE Vector Shape - Group","hd":false},{"ind":1,"ty":"sh","ix":2,"ks":{"a":0,"k":{"i":[[-1.269,2.465],[0,0],[0,0],[0,0],[-0.399,1.16],[0,0],[2.393,-2.683],[0,0]],"o":[[0,0],[0,0],[0,0],[0.435,-1.015],[0,0],[-1.668,4.713],[0,0],[1.523,-1.813]],"v":[[0.381,-22.587],[15.898,-22.587],[15.898,-25.886],[1.904,-25.886],[3.137,-29.149],[0.019,-29.838],[-6.072,-18.78],[-3.824,-16.133]],"c":true},"ix":2},"nm":"拖","mn":"ADBE Vector Shape - Group","hd":false},{"ind":2,"ty":"sh","ix":3,"ks":{"a":0,"k":{"i":[[0,6.598],[0,0],[0,0],[0,0],[0,0],[0,0],[0,0],[0,0],[0,0],[0,0],[0,0],[0,0],[0,0],[-2.465,0],[0,0],[-0.798,0.725],[-0.29,3.48],[0,0],[0.435,-0.471],[1.088,0],[0,0],[0,1.196],[0,0],[0,0],[0,0],[0,0],[0,0],[0,0],[0.073,-0.58],[0.508,0],[0.834,0],[0,0],[0,0],[-0.363,1.378]],"o":[[0,0],[0,0],[0,0],[0,0],[0,0],[0,0],[0,0],[0,0],[0,0],[0,0],[0,0],[0,0],[0,2.973],[0,0],[2.03,0],[0.761,-0.725],[0,0],[-0.145,2.647],[-0.508,0.435],[0,0],[-0.906,0],[0,0],[0,0],[0,0],[0,0],[0,0],[0,0],[-0.036,3.408],[-0.109,0.58],[-0.653,0],[0,0],[0,0],[2.538,0],[0.326,-1.378]],"v":[[14.847,-19.251],[7.705,-16.931],[7.705,-21.245],[4.659,-21.245],[4.659,-15.916],[1.36,-14.865],[1.36,-18.708],[-1.722,-18.708],[-1.722,-13.849],[-4.187,-13.052],[-4.187,-10.006],[-1.722,-10.804],[-1.722,-1.378],[1.94,3.118],[10.931,3.118],[15.173,2.03],[16.732,-4.314],[13.723,-5.293],[12.817,-0.616],[10.388,0.036],[2.702,0.036],[1.36,-1.776],[1.36,-11.783],[4.659,-12.834],[4.659,-2.719],[7.705,-2.719],[7.705,-13.813],[11.729,-15.082],[11.548,-9.1],[10.605,-8.194],[8.394,-8.23],[9.3,-5.221],[10.025,-5.221],[14.339,-7.323]],"c":true},"ix":2},"nm":"拖","mn":"ADBE Vector Shape - Group","hd":false},{"ty":"mm","mm":1,"nm":"合并路径 1","mn":"ADBE Vector Filter - Merge","hd":false},{"ty":"fl","c":{"a":0,"k":[1,1,1,1],"ix":4},"o":{"a":0,"k":100,"ix":5},"r":1,"bm":0,"nm":"填充 1","mn":"ADBE Vector Graphic - Fill","hd":false},{"ty":"st","c":{"a":0,"k":[0.098040008545,0.098040008545,0.098040008545,1],"ix":3},"o":{"a":0,"k":100,"ix":4},"w":{"a":0,"k":0.01,"ix":5},"lc":1,"lj":1,"ml":4,"bm":0,"nm":"描边 1","mn":"ADBE Vector Graphic - Stroke","hd":false},{"ty":"tr","p":{"a":0,"k":[0,0],"ix":2},"a":{"a":0,"k":[0,0],"ix":1},"s":{"a":0,"k":[100,100],"ix":3},"r":{"a":0,"k":0,"ix":6},"o":{"a":0,"k":100,"ix":7},"sk":{"a":0,"k":0,"ix":4},"sa":{"a":0,"k":0,"ix":5},"nm":"变换"}],"nm":"拖","np":6,"cix":2,"bm":0,"ix":3,"mn":"ADBE Vector Group","hd":false},{"ty":"gr","it":[{"ind":0,"ty":"sh","ix":1,"ks":{"a":0,"k":{"i":[[0,0],[0,0],[0,0],[2.139,-2.393],[0,0],[0,0],[1.051,-2.284],[0.943,2.212],[0,0],[-1.559,-2.03],[1.958,-1.088],[0,0],[-1.523,1.885],[-0.943,-0.471],[-8.302,0],[0,0],[0,0],[2.465,0],[3.045,1.269],[0.906,0.87],[-0.145,4.568],[0,0],[0,0],[-1.74,3.045],[0,0]],"o":[[0,0],[0,0],[-1.668,2.792],[0,0],[0,0],[-0.218,2.973],[-1.088,-1.523],[0,0],[1.16,3.045],[-1.269,1.668],[0,0],[2.103,-1.233],[0.798,0.653],[3.625,1.74],[0,0],[0,0],[-2.61,0.145],[-6.526,-0.073],[-1.015,-0.435],[1.668,-3.19],[0,0],[0,0],[1.668,-2.103],[0,0],[0,0]],"v":[[20.393,-27.953],[20.393,-24.835],[26.919,-24.835],[21.19,-17.04],[21.19,-14.574],[27.825,-14.574],[25.94,-6.671],[22.931,-12.29],[20.03,-11.239],[24.091,-3.625],[19.269,0.508],[21.009,3.517],[26.447,-1.16],[29.058,0.544],[46.968,3.154],[52.333,3.154],[53.022,-0.254],[45.409,0],[31.088,-1.994],[28.224,-3.952],[30.907,-15.553],[30.907,-17.475],[25.541,-17.475],[30.689,-25.197],[30.689,-27.953]],"c":true},"ix":2},"nm":"延","mn":"ADBE Vector Shape - Group","hd":false},{"ind":1,"ty":"sh","ix":2,"ks":{"a":0,"k":{"i":[[0,0],[0,0],[0,0],[0,0],[0,0],[0,0],[0,0],[0,0],[0,0],[0,0],[-1.994,0.761],[0,0],[6.743,0],[0,0],[-2.32,0.218],[0,0],[0,0],[0,0]],"o":[[0,0],[0,0],[0,0],[0,0],[0,0],[0,0],[0,0],[0,0],[0,0],[2.538,-0.435],[0,0],[-4.568,1.595],[0,0],[2.683,0],[0,0],[0,0],[0,0],[0,0]],"v":[[33.843,-19.831],[33.843,-3.916],[51.608,-3.916],[51.608,-7.178],[44.357,-7.178],[44.357,-14.901],[50.412,-14.901],[50.412,-18.019],[44.357,-18.019],[44.357,-24.798],[51.137,-26.611],[49.469,-29.511],[32.502,-27.082],[33.553,-24.001],[41.058,-24.363],[41.058,-7.178],[37.106,-7.178],[37.106,-19.831]],"c":true},"ix":2},"nm":"延","mn":"ADBE Vector Shape - Group","hd":false},{"ty":"mm","mm":1,"nm":"合并路径 1","mn":"ADBE Vector Filter - Merge","hd":false},{"ty":"fl","c":{"a":0,"k":[1,1,1,1],"ix":4},"o":{"a":0,"k":100,"ix":5},"r":1,"bm":0,"nm":"填充 1","mn":"ADBE Vector Graphic - Fill","hd":false},{"ty":"st","c":{"a":0,"k":[0.098040008545,0.098040008545,0.098040008545,1],"ix":3},"o":{"a":0,"k":100,"ix":4},"w":{"a":0,"k":0.01,"ix":5},"lc":1,"lj":1,"ml":4,"bm":0,"nm":"描边 1","mn":"ADBE Vector Graphic - Stroke","hd":false},{"ty":"tr","p":{"a":0,"k":[0,0],"ix":2},"a":{"a":0,"k":[0,0],"ix":1},"s":{"a":0,"k":[100,100],"ix":3},"r":{"a":0,"k":0,"ix":6},"o":{"a":0,"k":100,"ix":7},"sk":{"a":0,"k":0,"ix":4},"sa":{"a":0,"k":0,"ix":5},"nm":"变换"}],"nm":"延","np":5,"cix":2,"bm":0,"ix":4,"mn":"ADBE Vector Group","hd":false},{"ty":"gr","it":[{"ind":0,"ty":"sh","ix":1,"ks":{"a":0,"k":{"i":[[0,0],[0,0],[0,0],[0,0],[0,0],[0,0],[0,0],[0,0],[0,0],[0,0],[0,0],[0,0],[0,0],[0,0],[0,0],[0,0],[0,0],[0,0],[0,0],[0,0]],"o":[[0,0],[0,0],[0,0],[0,0],[0,0],[0,0],[0,0],[0,0],[0,0],[0,0],[0,0],[0,0],[0,0],[0,0],[0,0],[0,0],[0,0],[0,0],[0,0],[0,0]],"v":[[65.674,-19.94],[65.674,-16.714],[75.318,-16.714],[75.318,-0.218],[71.221,-0.218],[71.221,-13.016],[67.886,-13.016],[67.886,-0.218],[63.716,-0.218],[63.716,2.973],[87.79,2.973],[87.79,-0.218],[78.69,-0.218],[78.69,-7.614],[86.122,-7.614],[86.122,-10.695],[78.69,-10.695],[78.69,-16.714],[86.956,-16.714],[86.956,-19.94]],"c":true},"ix":2},"nm":"症","mn":"ADBE Vector Shape - Group","hd":false},{"ind":1,"ty":"sh","ix":2,"ks":{"a":0,"k":{"i":[[0,0],[2.103,-1.16],[0,0],[-1.414,1.233],[2.067,-2.9],[0,0],[-0.145,7.215],[0,0],[0,0],[0,0],[0,0],[0.326,0.906],[0,0],[-0.29,-0.87],[0,0]],"o":[[-1.74,1.45],[0,0],[1.595,-1.088],[-0.508,4.641],[0,0],[3.082,-4.351],[0,0],[0,0],[0,0],[0,0],[-0.326,-1.088],[0,0],[0.363,0.725],[0,0],[0,0]],"v":[[61.215,-13.596],[55.414,-9.68],[56.429,-6.272],[60.961,-9.753],[57.118,1.523],[59.692,3.843],[64.55,-13.487],[64.55,-23.457],[88.152,-23.457],[88.152,-26.792],[76.659,-26.792],[75.68,-29.802],[72.2,-29.221],[73.179,-26.792],[61.215,-26.792]],"c":true},"ix":2},"nm":"症","mn":"ADBE Vector Shape - Group","hd":false},{"ind":2,"ty":"sh","ix":3,"ks":{"a":0,"k":{"i":[[1.16,2.212],[0,0],[-0.87,-2.719],[0,0]],"o":[[0,0],[1.051,1.994],[0,0],[-0.834,-2.465]],"v":[[58.206,-23.747],[55.341,-22.551],[58.242,-15.481],[61.178,-16.75]],"c":true},"ix":2},"nm":"症","mn":"ADBE Vector Shape - Group","hd":false},{"ty":"mm","mm":1,"nm":"合并路径 1","mn":"ADBE Vector Filter - Merge","hd":false},{"ty":"fl","c":{"a":0,"k":[1,1,1,1],"ix":4},"o":{"a":0,"k":100,"ix":5},"r":1,"bm":0,"nm":"填充 1","mn":"ADBE Vector Graphic - Fill","hd":false},{"ty":"st","c":{"a":0,"k":[0.098040008545,0.098040008545,0.098040008545,1],"ix":3},"o":{"a":0,"k":100,"ix":4},"w":{"a":0,"k":0.01,"ix":5},"lc":1,"lj":1,"ml":4,"bm":0,"nm":"描边 1","mn":"ADBE Vector Graphic - Stroke","hd":false},{"ty":"tr","p":{"a":0,"k":[0,0],"ix":2},"a":{"a":0,"k":[0,0],"ix":1},"s":{"a":0,"k":[100,100],"ix":3},"r":{"a":0,"k":0,"ix":6},"o":{"a":0,"k":100,"ix":7},"sk":{"a":0,"k":0,"ix":4},"sa":{"a":0,"k":0,"ix":5},"nm":"变换"}],"nm":"症","np":6,"cix":2,"bm":0,"ix":5,"mn":"ADBE Vector Group","hd":false}],"ip":40,"op":685,"st":-65,"bm":0},{"ddd":0,"ind":11,"ty":4,"nm":"“工作狂 2”轮廓","parent":74,"sr":1,"ks":{"o":{"a":1,"k":[{"i":{"x":[0.833],"y":[0.833]},"o":{"x":[0.167],"y":[0.167]},"t":47,"s":[0]},{"i":{"x":[0.833],"y":[0.833]},"o":{"x":[0.167],"y":[0.167]},"t":62,"s":[100]},{"i":{"x":[0.833],"y":[0.833]},"o":{"x":[0.167],"y":[0.167]},"t":165,"s":[100]},{"t":195,"s":[0]}],"ix":11},"r":{"a":0,"k":0,"ix":10},"p":{"a":0,"k":[127.5,58.5,0],"ix":2},"a":{"a":0,"k":[0.766,-13.106,0],"ix":1},"s":{"a":0,"k":[100,100,100],"ix":6}},"ao":0,"shapes":[{"ty":"gr","it":[{"ind":0,"ty":"sh","ix":1,"ks":{"a":0,"k":{"i":[[0,0],[0,0],[0,0],[0,0],[0,0],[0,0],[0,0],[0,0],[0,0],[0,0],[0,0],[0,0]],"o":[[0,0],[0,0],[0,0],[0,0],[0,0],[0,0],[0,0],[0,0],[0,0],[0,0],[0,0],[0,0]],"v":[[-37.577,-23.892],[-37.577,-1.849],[-52.078,-1.849],[-52.078,1.486],[-19.63,1.486],[-19.63,-1.849],[-34.096,-1.849],[-34.096,-23.892],[-21.914,-23.892],[-21.914,-27.191],[-49.722,-27.191],[-49.722,-23.892]],"c":true},"ix":2},"nm":"工","mn":"ADBE Vector Shape - Group","hd":false},{"ty":"fl","c":{"a":0,"k":[1,1,1,1],"ix":4},"o":{"a":0,"k":100,"ix":5},"r":1,"bm":0,"nm":"填充 1","mn":"ADBE Vector Graphic - Fill","hd":false},{"ty":"st","c":{"a":0,"k":[0.098040008545,0.098040008545,0.098040008545,1],"ix":3},"o":{"a":0,"k":100,"ix":4},"w":{"a":0,"k":0.01,"ix":5},"lc":1,"lj":1,"ml":4,"bm":0,"nm":"描边 1","mn":"ADBE Vector Graphic - Stroke","hd":false},{"ty":"tr","p":{"a":0,"k":[0,0],"ix":2},"a":{"a":0,"k":[0,0],"ix":1},"s":{"a":0,"k":[100,100],"ix":3},"r":{"a":0,"k":0,"ix":6},"o":{"a":0,"k":100,"ix":7},"sk":{"a":0,"k":0,"ix":4},"sa":{"a":0,"k":0,"ix":5},"nm":"变换"}],"nm":"工","np":3,"cix":2,"bm":0,"ix":1,"mn":"ADBE Vector Group","hd":false},{"ty":"gr","it":[{"ind":0,"ty":"sh","ix":1,"ks":{"a":0,"k":{"i":[[-1.668,3.48],[0,0],[0,0],[0,0],[0,0],[0,0],[0,0],[0,0],[0,0],[0,0],[0,0],[0,0],[0,0],[0,0],[0,0],[0,0],[-0.508,1.523],[0,0],[3.009,-3.517],[0,0]],"o":[[0,0],[0,0],[0,0],[0,0],[0,0],[0,0],[0,0],[0,0],[0,0],[0,0],[0,0],[0,0],[0,0],[0,0],[0,0],[0.544,-1.378],[0,0],[-2.103,6.163],[0,0],[2.067,-2.538]],"v":[[-0.09,-21.535],[1.215,-21.535],[1.215,3.807],[4.696,3.807],[4.696,-4.387],[14.956,-4.387],[14.956,-7.686],[4.696,-7.686],[4.696,-13.016],[14.883,-13.016],[14.883,-16.351],[4.696,-16.351],[4.696,-21.535],[16.333,-21.535],[16.333,-24.907],[1.396,-24.907],[2.992,-29.258],[-0.489,-30.019],[-8.175,-15.481],[-5.71,-12.508]],"c":true},"ix":2},"nm":"作","mn":"ADBE Vector Shape - Group","hd":false},{"ind":1,"ty":"sh","ix":2,"ks":{"a":0,"k":{"i":[[-1.015,1.233],[0,0],[0,0],[0,0],[-0.943,2.755],[0,0],[3.734,-4.097],[0,0]],"o":[[0,0],[0,0],[0,0],[1.45,-2.465],[0,0],[-1.776,5.438],[0,0],[1.16,-1.196]],"v":[[-12.453,-15.553],[-12.453,3.807],[-8.973,3.807],[-8.973,-20.557],[-5.383,-28.388],[-8.646,-29.91],[-16.912,-15.59],[-15.752,-11.892]],"c":true},"ix":2},"nm":"作","mn":"ADBE Vector Shape - Group","hd":false},{"ty":"mm","mm":1,"nm":"合并路径 1","mn":"ADBE Vector Filter - Merge","hd":false},{"ty":"fl","c":{"a":0,"k":[1,1,1,1],"ix":4},"o":{"a":0,"k":100,"ix":5},"r":1,"bm":0,"nm":"填充 1","mn":"ADBE Vector Graphic - Fill","hd":false},{"ty":"st","c":{"a":0,"k":[0.098040008545,0.098040008545,0.098040008545,1],"ix":3},"o":{"a":0,"k":100,"ix":4},"w":{"a":0,"k":0.01,"ix":5},"lc":1,"lj":1,"ml":4,"bm":0,"nm":"描边 1","mn":"ADBE Vector Graphic - Stroke","hd":false},{"ty":"tr","p":{"a":0,"k":[0,0],"ix":2},"a":{"a":0,"k":[0,0],"ix":1},"s":{"a":0,"k":[100,100],"ix":3},"r":{"a":0,"k":0,"ix":6},"o":{"a":0,"k":100,"ix":7},"sk":{"a":0,"k":0,"ix":4},"sa":{"a":0,"k":0,"ix":5},"nm":"变换"}],"nm":"作","np":5,"cix":2,"bm":0,"ix":2,"mn":"ADBE Vector Group","hd":false},{"ty":"gr","it":[{"ind":0,"ty":"sh","ix":1,"ks":{"a":0,"k":{"i":[[0,0],[0,0],[0,0],[0,0],[0,0],[0,0],[0,0],[0,0],[0,0],[0,0],[0,0],[0,0],[0,0],[0,0],[0,0],[0,0],[0,0],[0,0],[0,0],[0,0]],"o":[[0,0],[0,0],[0,0],[0,0],[0,0],[0,0],[0,0],[0,0],[0,0],[0,0],[0,0],[0,0],[0,0],[0,0],[0,0],[0,0],[0,0],[0,0],[0,0],[0,0]],"v":[[40.768,-25.197],[40.768,-15.263],[33.59,-15.263],[33.59,-11.928],[40.768,-11.928],[40.768,-0.834],[32.139,-0.834],[32.139,2.538],[52.261,2.538],[52.261,-0.834],[44.212,-0.834],[44.212,-11.928],[51.137,-11.928],[51.137,-15.263],[44.212,-15.263],[44.212,-25.197],[51.862,-25.197],[51.862,-28.533],[33.01,-28.533],[33.01,-25.197]],"c":true},"ix":2},"nm":"狂","mn":"ADBE Vector Shape - Group","hd":false},{"ind":1,"ty":"sh","ix":2,"ks":{"a":0,"k":{"i":[[-0.254,-1.414],[3.19,-2.139],[0,0],[-1.704,2.393],[0,-1.015],[0.761,-0.87],[1.051,0],[1.124,0.145],[0,0],[-1.233,0],[-0.87,0.653],[0,5.873],[1.088,2.937],[0.145,0.363],[-1.378,2.248],[0,0],[1.088,-1.305],[1.414,1.414],[0,0],[-1.088,-1.668],[1.668,-0.798],[0,0],[-1.305,1.015],[-0.036,-0.036]],"o":[[-1.74,2.9],[0,0],[2.248,-1.668],[0.073,0.87],[0,4.496],[-0.363,0.399],[-1.015,0],[0,0],[0.725,0.036],[1.486,0],[1.523,-1.196],[-0.109,-5.402],[-0.145,-0.363],[1.414,-1.45],[0,0],[-0.943,1.595],[-1.015,-1.45],[0,0],[1.559,1.341],[-1.523,1.305],[0,0],[1.704,-1.088],[0,0.036],[0.399,1.051]],"v":[[26.737,-15.626],[19.341,-8.049],[21.299,-5.148],[27.209,-11.203],[27.318,-8.411],[26.157,-0.326],[24.055,0.29],[20.828,0.073],[21.843,3.263],[24.816,3.335],[28.333,2.357],[30.617,-8.23],[28.804,-20.738],[28.333,-21.825],[32.538,-27.372],[29.674,-29.113],[26.592,-24.798],[22.967,-29.076],[20.248,-26.974],[24.2,-22.442],[19.378,-19.251],[21.227,-16.242],[25.722,-19.433],[25.759,-19.324]],"c":true},"ix":2},"nm":"狂","mn":"ADBE Vector Shape - Group","hd":false},{"ty":"mm","mm":1,"nm":"合并路径 1","mn":"ADBE Vector Filter - Merge","hd":false},{"ty":"fl","c":{"a":0,"k":[1,1,1,1],"ix":4},"o":{"a":0,"k":100,"ix":5},"r":1,"bm":0,"nm":"填充 1","mn":"ADBE Vector Graphic - Fill","hd":false},{"ty":"st","c":{"a":0,"k":[0.098040008545,0.098040008545,0.098040008545,1],"ix":3},"o":{"a":0,"k":100,"ix":4},"w":{"a":0,"k":0.01,"ix":5},"lc":1,"lj":1,"ml":4,"bm":0,"nm":"描边 1","mn":"ADBE Vector Graphic - Stroke","hd":false},{"ty":"tr","p":{"a":0,"k":[0,0],"ix":2},"a":{"a":0,"k":[0,0],"ix":1},"s":{"a":0,"k":[100,100],"ix":3},"r":{"a":0,"k":0,"ix":6},"o":{"a":0,"k":100,"ix":7},"sk":{"a":0,"k":0,"ix":4},"sa":{"a":0,"k":0,"ix":5},"nm":"变换"}],"nm":"狂","np":5,"cix":2,"bm":0,"ix":3,"mn":"ADBE Vector Group","hd":false}],"ip":32,"op":692,"st":-58,"bm":0},{"ddd":0,"ind":13,"ty":4,"nm":"“安全感十足 2”轮廓","parent":76,"sr":1,"ks":{"o":{"a":1,"k":[{"i":{"x":[0.833],"y":[0.833]},"o":{"x":[0.167],"y":[0.167]},"t":31,"s":[0]},{"i":{"x":[0.833],"y":[0.833]},"o":{"x":[0.167],"y":[0.167]},"t":46,"s":[100]},{"i":{"x":[0.833],"y":[0.833]},"o":{"x":[0.167],"y":[0.167]},"t":165,"s":[100]},{"t":195,"s":[0]}],"ix":11},"r":{"a":0,"k":0,"ix":10},"p":{"a":0,"k":[161.5,58.5,0],"ix":2},"a":{"a":0,"k":[0.63,-13.716,0],"ix":1},"s":{"a":0,"k":[100,100,100],"ix":6}},"ao":0,"shapes":[{"ty":"gr","it":[{"ind":0,"ty":"sh","ix":1,"ks":{"a":0,"k":{"i":[[0,0],[0,0],[0.508,1.088],[0,0],[-0.471,-1.051],[0,0],[0,0],[0,0],[0,0],[0,0],[0,0],[0,0]],"o":[[0,0],[-0.508,-1.305],[0,0],[0.58,0.906],[0,0],[0,0],[0,0],[0,0],[0,0],[0,0],[0,0],[0,0]],"v":[[-56.428,-26.43],[-69.987,-26.43],[-71.51,-30.019],[-75.389,-29.366],[-73.83,-26.43],[-87.353,-26.43],[-87.353,-18.272],[-83.873,-18.272],[-83.873,-23.094],[-59.908,-23.094],[-59.908,-18.236],[-56.428,-18.236]],"c":true},"ix":2},"nm":"安","mn":"ADBE Vector Shape - Group","hd":false},{"ind":1,"ty":"sh","ix":2,"ks":{"a":0,"k":{"i":[[0,0],[0,0],[0,0],[1.233,-1.994],[-3.263,-1.378],[5.946,-0.036],[0,0],[-4.097,3.553],[-3.734,-2.175],[0,0],[3.589,1.523],[-1.45,3.553],[0,0],[0,0],[0,0],[-0.87,1.595],[0,0],[1.015,-1.885]],"o":[[0,0],[0,0],[-1.124,1.958],[3.227,1.015],[-3.698,2.61],[0,0],[6.598,-0.181],[3.698,1.704],[0,0],[-3.771,-2.03],[1.668,-2.103],[0,0],[0,0],[0,0],[0.761,-1.45],[0,0],[-0.943,1.885],[0,0]],"v":[[-87.933,-16.387],[-87.933,-13.052],[-79.74,-13.052],[-83.257,-7.142],[-73.504,-3.517],[-87.97,0.471],[-85.976,3.662],[-69.915,-1.958],[-58.748,3.879],[-56.392,0.834],[-67.413,-4.532],[-62.736,-13.052],[-55.739,-13.052],[-55.739,-16.387],[-73.83,-16.387],[-71.401,-20.955],[-74.954,-22.007],[-77.891,-16.387]],"c":true},"ix":2},"nm":"安","mn":"ADBE Vector Shape - Group","hd":false},{"ind":2,"ty":"sh","ix":3,"ks":{"a":0,"k":{"i":[[-0.979,1.668],[0,0],[1.74,-1.958],[2.465,0.725]],"o":[[0,0],[-1.124,2.755],[-2.574,-1.015],[0.834,-1.341]],"v":[[-75.679,-13.052],[-66.507,-13.052],[-70.821,-5.946],[-78.398,-8.52]],"c":true},"ix":2},"nm":"安","mn":"ADBE Vector Shape - Group","hd":false},{"ty":"mm","mm":1,"nm":"合并路径 1","mn":"ADBE Vector Filter - Merge","hd":false},{"ty":"fl","c":{"a":0,"k":[1,1,1,1],"ix":4},"o":{"a":0,"k":100,"ix":5},"r":1,"bm":0,"nm":"填充 1","mn":"ADBE Vector Graphic - Fill","hd":false},{"ty":"st","c":{"a":0,"k":[0.098040008545,0.098040008545,0.098040008545,1],"ix":3},"o":{"a":0,"k":100,"ix":4},"w":{"a":0,"k":0.01,"ix":5},"lc":1,"lj":1,"ml":4,"bm":0,"nm":"描边 1","mn":"ADBE Vector Graphic - Stroke","hd":false},{"ty":"tr","p":{"a":0,"k":[0,0],"ix":2},"a":{"a":0,"k":[0,0],"ix":1},"s":{"a":0,"k":[100,100],"ix":3},"r":{"a":0,"k":0,"ix":6},"o":{"a":0,"k":100,"ix":7},"sk":{"a":0,"k":0,"ix":4},"sa":{"a":0,"k":0,"ix":5},"nm":"变换"}],"nm":"安","np":6,"cix":2,"bm":0,"ix":1,"mn":"ADBE Vector Group","hd":false},{"ty":"gr","it":[{"ind":0,"ty":"sh","ix":1,"ks":{"a":0,"k":{"i":[[0,0],[6.308,-3.009],[0,0],[-1.668,1.015],[0,0],[0,0],[0,0],[0,0],[0,0],[0,0],[0,0],[0,0],[0,0],[0,0],[0,0],[0,0],[0,0],[0,0],[0,0],[0,0],[0,0],[0,0],[0,0],[-1.813,-0.87],[0,0],[4.532,4.677]],"o":[[-4.206,4.459],[0,0],[1.813,-0.906],[0,0],[0,0],[0,0],[0,0],[0,0],[0,0],[0,0],[0,0],[0,0],[0,0],[0,0],[0,0],[0,0],[0,0],[0,0],[0,0],[0,0],[0,0],[0,0],[1.595,1.015],[0,0],[-5.91,-2.683],[0,0]],"v":[[-37.105,-29.765],[-52.876,-18.562],[-51.208,-15.553],[-45.988,-18.417],[-45.988,-15.155],[-37.613,-15.155],[-37.613,-9.716],[-47.837,-9.716],[-47.837,-6.381],[-37.613,-6.381],[-37.613,-0.653],[-51.063,-0.653],[-51.063,2.719],[-20.646,2.719],[-20.646,-0.653],[-34.132,-0.653],[-34.132,-6.381],[-23.945,-6.381],[-23.945,-9.716],[-34.132,-9.716],[-34.132,-15.155],[-25.757,-15.155],[-25.757,-18.417],[-20.682,-15.626],[-18.978,-18.708],[-34.64,-29.765]],"c":true},"ix":2},"nm":"全","mn":"ADBE Vector Shape - Group","hd":false},{"ind":1,"ty":"sh","ix":2,"ks":{"a":0,"k":{"i":[[0,0],[-2.755,3.045],[-3.771,-2.32]],"o":[[3.916,-2.429],[2.9,3.118],[0,0]],"v":[[-45.915,-18.454],[-35.873,-26.647],[-25.83,-18.454]],"c":true},"ix":2},"nm":"全","mn":"ADBE Vector Shape - Group","hd":false},{"ty":"mm","mm":1,"nm":"合并路径 1","mn":"ADBE Vector Filter - Merge","hd":false},{"ty":"fl","c":{"a":0,"k":[1,1,1,1],"ix":4},"o":{"a":0,"k":100,"ix":5},"r":1,"bm":0,"nm":"填充 1","mn":"ADBE Vector Graphic - Fill","hd":false},{"ty":"st","c":{"a":0,"k":[0.098040008545,0.098040008545,0.098040008545,1],"ix":3},"o":{"a":0,"k":100,"ix":4},"w":{"a":0,"k":0.01,"ix":5},"lc":1,"lj":1,"ml":4,"bm":0,"nm":"描边 1","mn":"ADBE Vector Graphic - Stroke","hd":false},{"ty":"tr","p":{"a":0,"k":[0,0],"ix":2},"a":{"a":0,"k":[0,0],"ix":1},"s":{"a":0,"k":[100,100],"ix":3},"r":{"a":0,"k":0,"ix":6},"o":{"a":0,"k":100,"ix":7},"sk":{"a":0,"k":0,"ix":4},"sa":{"a":0,"k":0,"ix":5},"nm":"变换"}],"nm":"全","np":5,"cix":2,"bm":0,"ix":2,"mn":"ADBE Vector Group","hd":false},{"ty":"gr","it":[{"ind":0,"ty":"sh","ix":1,"ks":{"a":0,"k":{"i":[[0,0],[0,0],[0,0],[0,0]],"o":[[0,0],[0,0],[0,0],[0,0]],"v":[[-8.936,-21.39],[-8.936,-18.599],[3.064,-18.599],[3.064,-21.39]],"c":true},"ix":2},"nm":"感","mn":"ADBE Vector Shape - Group","hd":false},{"ind":1,"ty":"sh","ix":2,"ks":{"a":0,"k":{"i":[[0,0],[0,0],[0,0],[0,0]],"o":[[0,0],[0,0],[0,0],[0,0]],"v":[[-8.211,-16.75],[-8.211,-8.955],[2.375,-8.955],[2.375,-16.75]],"c":true},"ix":2},"nm":"感","mn":"ADBE Vector Shape - Group","hd":false},{"ind":2,"ty":"sh","ix":3,"ks":{"a":0,"k":{"i":[[0,0],[0,0],[0,0],[0,0]],"o":[[0,0],[0,0],[0,0],[0,0]],"v":[[-0.815,-11.565],[-4.984,-11.565],[-4.984,-14.139],[-0.815,-14.139]],"c":true},"ix":2},"nm":"感","mn":"ADBE Vector Shape - Group","hd":false},{"ind":3,"ty":"sh","ix":4,"ks":{"a":0,"k":{"i":[[0,0],[0,0],[0.254,0.87],[0,0],[-0.254,-0.87],[0,0],[0,1.088],[0,0],[-0.036,-1.015],[0,0],[0,0],[1.922,-2.32],[0,0],[-0.145,4.894],[0,0],[0,0],[-0.544,-1.922],[-0.508,-1.124],[1.305,-0.761],[0,0],[-1.088,1.16],[-0.145,-0.145],[-1.45,0],[-1.16,3.843],[0,0],[0.544,0],[0.798,1.233],[-1.088,3.372],[0,0],[1.088,-1.885],[0.181,0.87],[0.145,2.248],[0,0]],"o":[[0,0],[-0.254,-1.124],[0,0],[0.29,0.798],[0,0],[-0.036,-0.979],[0,0],[0,1.051],[0,0],[0,0],[-0.073,4.061],[0,0],[2.393,-2.973],[0,0],[0,0],[0.181,2.864],[0.399,1.378],[-1.088,1.233],[0,0],[1.233,-0.725],[0.073,0.145],[1.341,1.486],[1.668,0],[0,0],[-0.689,2.792],[-0.689,0],[1.523,-2.284],[0,0],[-0.761,2.429],[-0.218,-0.761],[-0.363,-1.414],[0,0],[0,0]],"v":[[15.282,-26.756],[13.07,-26.756],[12.309,-29.765],[9.264,-29.258],[10.098,-26.756],[7.125,-26.756],[7.088,-29.874],[3.789,-29.874],[3.825,-26.756],[-13.577,-26.756],[-13.577,-19.396],[-16.586,-9.861],[-13.976,-7.577],[-10.205,-19.396],[-10.205,-23.638],[4.007,-23.638],[5.094,-16.46],[6.472,-12.689],[2.883,-9.716],[4.623,-7.07],[8.104,-9.898],[8.43,-9.499],[12.599,-7.251],[16.877,-13.016],[14.122,-14.647],[12.273,-10.441],[10.061,-12.327],[14.013,-20.81],[11.366,-22.188],[8.611,-15.735],[7.995,-18.164],[7.27,-23.638],[15.282,-23.638]],"c":true},"ix":2},"nm":"感","mn":"ADBE Vector Shape - Group","hd":false},{"ind":4,"ty":"sh","ix":5,"ks":{"a":0,"k":{"i":[[0,0],[1.704,-2.393],[0,0],[-0.943,3.444]],"o":[[-0.761,2.755],[0,0],[1.668,-2.538],[0,0]],"v":[[-12.634,-7.07],[-16.332,0.689],[-13.432,2.574],[-9.48,-6.381]],"c":true},"ix":2},"nm":"感","mn":"ADBE Vector Shape - Group","hd":false},{"ind":5,"ty":"sh","ix":6,"ks":{"a":0,"k":{"i":[[0,0],[-0.689,0.508],[-0.29,2.973],[0,0],[0.29,-0.363],[0.58,0],[0,0],[0,0.943],[0,0],[0,0],[0,0],[-2.393,0]],"o":[[1.341,0],[0.689,-0.616],[0,0],[-0.109,1.922],[-0.254,0.363],[0,0],[-0.798,0],[0,0],[0,0],[0,0],[0,2.61],[0,0]],"v":[[5.058,3.154],[8.104,2.357],[9.554,-3.009],[6.255,-4.061],[5.638,-0.616],[4.406,-0.073],[-2.99,-0.073],[-4.151,-1.486],[-4.151,-7.432],[-7.631,-7.432],[-7.631,-0.798],[-4.042,3.154]],"c":true},"ix":2},"nm":"感","mn":"ADBE Vector Shape - Group","hd":false},{"ind":6,"ty":"sh","ix":7,"ks":{"a":0,"k":{"i":[[2.03,2.393],[0,0],[-1.16,-1.958],[0,0]],"o":[[0,0],[1.958,2.393],[0,0],[-1.088,-1.813]],"v":[[12.2,-6.453],[9.445,-4.749],[14.122,1.776],[16.877,-0.145]],"c":true},"ix":2},"nm":"感","mn":"ADBE Vector Shape - Group","hd":false},{"ind":7,"ty":"sh","ix":8,"ks":{"a":0,"k":{"i":[[1.595,1.813],[0,0],[-0.906,-1.486],[0,0]],"o":[[0,0],[1.559,1.813],[0,0],[-0.87,-1.378]],"v":[[0.562,-8.121],[-2.012,-6.526],[1.686,-1.595],[4.297,-3.372]],"c":true},"ix":2},"nm":"感","mn":"ADBE Vector Shape - Group","hd":false},{"ty":"mm","mm":1,"nm":"合并路径 1","mn":"ADBE Vector Filter - Merge","hd":false},{"ty":"fl","c":{"a":0,"k":[1,1,1,1],"ix":4},"o":{"a":0,"k":100,"ix":5},"r":1,"bm":0,"nm":"填充 1","mn":"ADBE Vector Graphic - Fill","hd":false},{"ty":"st","c":{"a":0,"k":[0.098040008545,0.098040008545,0.098040008545,1],"ix":3},"o":{"a":0,"k":100,"ix":4},"w":{"a":0,"k":0.01,"ix":5},"lc":1,"lj":1,"ml":4,"bm":0,"nm":"描边 1","mn":"ADBE Vector Graphic - Stroke","hd":false},{"ty":"tr","p":{"a":0,"k":[0,0],"ix":2},"a":{"a":0,"k":[0,0],"ix":1},"s":{"a":0,"k":[100,100],"ix":3},"r":{"a":0,"k":0,"ix":6},"o":{"a":0,"k":100,"ix":7},"sk":{"a":0,"k":0,"ix":4},"sa":{"a":0,"k":0,"ix":5},"nm":"变换"}],"nm":"感","np":11,"cix":2,"bm":0,"ix":3,"mn":"ADBE Vector Group","hd":false},{"ty":"gr","it":[{"ind":0,"ty":"sh","ix":1,"ks":{"a":0,"k":{"i":[[0,0],[0,0],[0,0],[0,0],[0,0],[0,0],[0,0],[0,0],[0,0],[0,0],[0,0],[0,0]],"o":[[0,0],[0,0],[0,0],[0,0],[0,0],[0,0],[0,0],[0,0],[0,0],[0,0],[0,0],[0,0]],"v":[[34.496,-29.656],[34.496,-18.091],[19.958,-18.091],[19.958,-14.756],[34.496,-14.756],[34.496,3.698],[37.976,3.698],[37.976,-14.756],[52.37,-14.756],[52.37,-18.091],[37.976,-18.091],[37.976,-29.656]],"c":true},"ix":2},"nm":"十","mn":"ADBE Vector Shape - Group","hd":false},{"ty":"fl","c":{"a":0,"k":[1,1,1,1],"ix":4},"o":{"a":0,"k":100,"ix":5},"r":1,"bm":0,"nm":"填充 1","mn":"ADBE Vector Graphic - Fill","hd":false},{"ty":"st","c":{"a":0,"k":[0.098040008545,0.098040008545,0.098040008545,1],"ix":3},"o":{"a":0,"k":100,"ix":4},"w":{"a":0,"k":0.01,"ix":5},"lc":1,"lj":1,"ml":4,"bm":0,"nm":"描边 1","mn":"ADBE Vector Graphic - Stroke","hd":false},{"ty":"tr","p":{"a":0,"k":[0,0],"ix":2},"a":{"a":0,"k":[0,0],"ix":1},"s":{"a":0,"k":[100,100],"ix":3},"r":{"a":0,"k":0,"ix":6},"o":{"a":0,"k":100,"ix":7},"sk":{"a":0,"k":0,"ix":4},"sa":{"a":0,"k":0,"ix":5},"nm":"变换"}],"nm":"十","np":3,"cix":2,"bm":0,"ix":4,"mn":"ADBE Vector Group","hd":false},{"ty":"gr","it":[{"ind":0,"ty":"sh","ix":1,"ks":{"a":0,"k":{"i":[[0,0],[0,0],[0,0],[0,0],[0.435,0.145],[1.595,3.118],[-0.399,1.994],[0,0],[3.263,-3.698],[0,0],[-1.378,3.227],[-1.922,-0.943],[-6.453,-0.036],[-2.248,0],[0,0],[2.9,0],[1.885,0.218],[0,0],[0,0],[0,0],[0,0],[0,0],[0,0],[0,0]],"o":[[0,0],[0,0],[0,0],[-0.508,-0.145],[-2.03,-0.834],[0.544,-1.74],[0,0],[-1.16,6.163],[0,0],[2.067,-2.175],[1.523,2.755],[2.32,1.16],[1.813,0.036],[0,0],[-1.994,0.109],[-2.538,0],[0,0],[0,0],[0,0],[0,0],[0,0],[0,0],[0,0],[0,0]],"v":[[60.925,-28.533],[60.925,-15.59],[71.185,-15.59],[71.185,-1.015],[69.771,-1.486],[64.296,-7.396],[65.71,-12.979],[62.375,-13.559],[55.776,1.233],[57.952,3.952],[63.1,-4.169],[68.284,1.341],[81.445,3.118],[87.572,3.19],[88.551,-0.218],[81.227,-0.036],[74.629,-0.363],[74.629,-6.997],[86.448,-6.997],[86.448,-10.369],[74.629,-10.369],[74.629,-15.59],[84.273,-15.59],[84.273,-28.533]],"c":true},"ix":2},"nm":"足","mn":"ADBE Vector Shape - Group","hd":false},{"ind":1,"ty":"sh","ix":2,"ks":{"a":0,"k":{"i":[[0,0],[0,0],[0,0],[0,0]],"o":[[0,0],[0,0],[0,0],[0,0]],"v":[[80.792,-18.816],[64.369,-18.816],[64.369,-25.233],[80.792,-25.233]],"c":true},"ix":2},"nm":"足","mn":"ADBE Vector Shape - Group","hd":false},{"ty":"mm","mm":1,"nm":"合并路径 1","mn":"ADBE Vector Filter - Merge","hd":false},{"ty":"fl","c":{"a":0,"k":[1,1,1,1],"ix":4},"o":{"a":0,"k":100,"ix":5},"r":1,"bm":0,"nm":"填充 1","mn":"ADBE Vector Graphic - Fill","hd":false},{"ty":"st","c":{"a":0,"k":[0.098040008545,0.098040008545,0.098040008545,1],"ix":3},"o":{"a":0,"k":100,"ix":4},"w":{"a":0,"k":0.01,"ix":5},"lc":1,"lj":1,"ml":4,"bm":0,"nm":"描边 1","mn":"ADBE Vector Graphic - Stroke","hd":false},{"ty":"tr","p":{"a":0,"k":[0,0],"ix":2},"a":{"a":0,"k":[0,0],"ix":1},"s":{"a":0,"k":[100,100],"ix":3},"r":{"a":0,"k":0,"ix":6},"o":{"a":0,"k":100,"ix":7},"sk":{"a":0,"k":0,"ix":4},"sa":{"a":0,"k":0,"ix":5},"nm":"变换"}],"nm":"足","np":5,"cix":2,"bm":0,"ix":5,"mn":"ADBE Vector Group","hd":false}],"ip":16,"op":676,"st":-74,"bm":0},{"ddd":0,"ind":15,"ty":4,"nm":"“沒有自信 2”轮廓","parent":77,"sr":1,"ks":{"o":{"a":1,"k":[{"i":{"x":[0.833],"y":[0.833]},"o":{"x":[0.167],"y":[0.167]},"t":24,"s":[0]},{"i":{"x":[0.833],"y":[0.833]},"o":{"x":[0.167],"y":[0.167]},"t":38,"s":[100]},{"i":{"x":[0.833],"y":[0.833]},"o":{"x":[0.167],"y":[0.167]},"t":165,"s":[100]},{"t":195,"s":[0]}],"ix":11},"r":{"a":0,"k":0,"ix":10},"p":{"a":0,"k":[125.5,60,0],"ix":2},"a":{"a":0,"k":[0.055,-13.142,0],"ix":1},"s":{"a":0,"k":[100,100,100],"ix":6}},"ao":0,"shapes":[{"ty":"gr","it":[{"ind":0,"ty":"sh","ix":1,"ks":{"a":0,"k":{"i":[[2.429,1.668],[0,0],[-1.45,-1.595],[0,0]],"o":[[0,0],[2.61,1.813],[0,0],[-1.668,-1.668]],"v":[[-67.504,-29.33],[-69.97,-26.974],[-63.843,-21.898],[-61.377,-24.327]],"c":true},"ix":2},"nm":"沒","mn":"ADBE Vector Shape - Group","hd":false},{"ind":1,"ty":"sh","ix":2,"ks":{"a":0,"k":{"i":[[2.32,1.704],[0,0],[-1.378,-1.595],[0,0]],"o":[[0,0],[2.538,1.885],[0,0],[-1.631,-1.74]],"v":[[-68.338,-20.774],[-70.804,-18.381],[-64.894,-13.161],[-62.392,-15.626]],"c":true},"ix":2},"nm":"沒","mn":"ADBE Vector Shape - Group","hd":false},{"ind":2,"ty":"sh","ix":3,"ks":{"a":0,"k":{"i":[[0,0],[2.248,-4.097],[0,0],[-1.595,4.568]],"o":[[-1.631,4.278],[0,0],[2.03,-4.024],[0,0]],"v":[[-64.64,-10.731],[-70.441,1.849],[-66.961,3.372],[-61.522,-9.499]],"c":true},"ix":2},"nm":"沒","mn":"ADBE Vector Shape - Group","hd":false},{"ind":3,"ty":"sh","ix":4,"ks":{"a":0,"k":{"i":[[0,0],[3.517,-2.937],[0,0],[-1.559,3.263],[0,0],[0.218,-0.508],[0.87,-0.036],[1.813,0.145],[0,0],[-1.16,0],[-0.616,1.124],[-0.109,4.858],[0,0],[-0.254,0.943]],"o":[[-1.233,5.003],[0,0],[2.538,-2.139],[0,0],[0,2.03],[-0.218,0.435],[-1.269,0],[0,0],[1.486,0.073],[2.103,-0.036],[0.544,-1.233],[0,0],[0.29,-0.87],[0,0]],"v":[[-54.416,-29.874],[-61.559,-17.946],[-59.347,-15.155],[-53.184,-23.276],[-43.83,-23.276],[-44.156,-19.433],[-45.824,-18.708],[-50.428,-18.925],[-49.413,-15.807],[-45.461,-15.662],[-41.401,-17.402],[-40.422,-26.575],[-51.879,-26.575],[-51.081,-29.294]],"c":true},"ix":2},"nm":"沒","mn":"ADBE Vector Shape - Group","hd":false},{"ind":4,"ty":"sh","ix":5,"ks":{"a":0,"k":{"i":[[0,0],[0,0],[0,0],[-2.792,-2.284],[4.278,-1.088],[0,0],[-3.263,2.03],[-3.988,-1.378],[0,0],[2.574,1.378],[-1.16,3.118],[0,0]],"o":[[0,0],[0,0],[1.015,2.828],[-2.973,1.704],[0,0],[4.786,-1.233],[2.755,1.74],[0,0],[-3.589,-1.051],[2.683,-2.248],[0,0],[0,0]],"v":[[-59.782,-14.248],[-59.782,-10.949],[-57.534,-10.949],[-51.842,-3.263],[-62.755,0.906],[-60.87,3.807],[-48.833,-1.088],[-38.718,3.625],[-36.833,0.58],[-46.078,-3.082],[-40.349,-11.094],[-40.349,-14.248]],"c":true},"ix":2},"nm":"沒","mn":"ADBE Vector Shape - Group","hd":false},{"ind":5,"ty":"sh","ix":6,"ks":{"a":0,"k":{"i":[[0.943,2.212],[0,0],[2.32,-1.74]],"o":[[0,0],[-1.196,2.248],[-2.429,-1.74]],"v":[[-54.271,-10.949],[-43.939,-10.949],[-49.196,-5.003]],"c":true},"ix":2},"nm":"沒","mn":"ADBE Vector Shape - Group","hd":false},{"ty":"mm","mm":1,"nm":"合并路径 1","mn":"ADBE Vector Filter - Merge","hd":false},{"ty":"fl","c":{"a":0,"k":[1,1,1,1],"ix":4},"o":{"a":0,"k":100,"ix":5},"r":1,"bm":0,"nm":"填充 1","mn":"ADBE Vector Graphic - Fill","hd":false},{"ty":"st","c":{"a":0,"k":[0.098040008545,0.098040008545,0.098040008545,1],"ix":3},"o":{"a":0,"k":100,"ix":4},"w":{"a":0,"k":0.01,"ix":5},"lc":1,"lj":1,"ml":4,"bm":0,"nm":"描边 1","mn":"ADBE Vector Graphic - Stroke","hd":false},{"ty":"tr","p":{"a":0,"k":[0,0],"ix":2},"a":{"a":0,"k":[0,0],"ix":1},"s":{"a":0,"k":[100,100],"ix":3},"r":{"a":0,"k":0,"ix":6},"o":{"a":0,"k":100,"ix":7},"sk":{"a":0,"k":0,"ix":4},"sa":{"a":0,"k":0,"ix":5},"nm":"变换"}],"nm":"沒","np":9,"cix":2,"bm":0,"ix":1,"mn":"ADBE Vector Group","hd":false},{"ty":"gr","it":[{"ind":0,"ty":"sh","ix":1,"ks":{"a":0,"k":{"i":[[0,0],[0,0],[0,0],[0,0]],"o":[[0,0],[0,0],[0,0],[0,0]],"v":[[-22.876,-16.206],[-9.316,-16.206],[-9.316,-13.016],[-22.876,-13.016]],"c":true},"ix":2},"nm":"有","mn":"ADBE Vector Shape - Group","hd":false},{"ind":1,"ty":"sh","ix":2,"ks":{"a":0,"k":{"i":[[0,0],[0,0],[0,0],[0,0]],"o":[[0,0],[0,0],[0,0],[0,0]],"v":[[-9.316,-10.006],[-9.316,-6.888],[-22.876,-6.888],[-22.876,-10.006]],"c":true},"ix":2},"nm":"有","mn":"ADBE Vector Shape - Group","hd":false},{"ind":2,"ty":"sh","ix":3,"ks":{"a":0,"k":{"i":[[0,0],[0,0],[0.87,0],[1.341,0.109],[0,0],[0,0],[0,1.994],[0,0],[0,0],[-0.58,1.196],[0,0],[0,0],[0,0],[-0.363,1.233],[0,0],[0.544,-1.305],[0,0],[0,0],[0,0],[4.206,-3.335],[0,0],[-1.885,2.212],[0,0],[0,0],[0,0]],"o":[[0,0],[0,0.798],[-1.196,0],[0,0],[0,0],[2.32,-0.073],[0,0],[0,0],[0.689,-1.124],[0,0],[0,0],[0,0],[0.435,-1.124],[0,0],[-0.435,1.305],[0,0],[0,0],[0,0],[-2.393,4.278],[0,0],[2.32,-1.885],[0,0],[0,0],[0,0],[0,0]],"v":[[-9.316,-3.916],[-9.316,-0.616],[-10.658,0.58],[-14.465,0.399],[-13.631,3.517],[-9.57,3.517],[-6.09,0.435],[-6.09,-19.179],[-22.622,-19.179],[-20.7,-22.659],[-1.703,-22.659],[-1.703,-25.995],[-19.214,-25.995],[-18.018,-29.548],[-21.534,-29.947],[-22.984,-25.995],[-33.607,-25.995],[-33.607,-22.659],[-24.652,-22.659],[-34.586,-11.203],[-32.375,-8.302],[-26.102,-14.429],[-26.102,3.662],[-22.876,3.662],[-22.876,-3.916]],"c":true},"ix":2},"nm":"有","mn":"ADBE Vector Shape - Group","hd":false},{"ty":"mm","mm":1,"nm":"合并路径 1","mn":"ADBE Vector Filter - Merge","hd":false},{"ty":"fl","c":{"a":0,"k":[1,1,1,1],"ix":4},"o":{"a":0,"k":100,"ix":5},"r":1,"bm":0,"nm":"填充 1","mn":"ADBE Vector Graphic - Fill","hd":false},{"ty":"st","c":{"a":0,"k":[0.098040008545,0.098040008545,0.098040008545,1],"ix":3},"o":{"a":0,"k":100,"ix":4},"w":{"a":0,"k":0.01,"ix":5},"lc":1,"lj":1,"ml":4,"bm":0,"nm":"描边 1","mn":"ADBE Vector Graphic - Stroke","hd":false},{"ty":"tr","p":{"a":0,"k":[0,0],"ix":2},"a":{"a":0,"k":[0,0],"ix":1},"s":{"a":0,"k":[100,100],"ix":3},"r":{"a":0,"k":0,"ix":6},"o":{"a":0,"k":100,"ix":7},"sk":{"a":0,"k":0,"ix":4},"sa":{"a":0,"k":0,"ix":5},"nm":"变换"}],"nm":"有","np":6,"cix":2,"bm":0,"ix":2,"mn":"ADBE Vector Group","hd":false},{"ty":"gr","it":[{"ind":0,"ty":"sh","ix":1,"ks":{"a":0,"k":{"i":[[0,0],[0,0],[-0.363,1.305],[0,0],[0.725,-1.341],[0,0],[0,0],[0,0],[0,0],[0,0],[0,0],[0,0]],"o":[[0,0],[0.653,-1.16],[0,0],[-0.363,1.45],[0,0],[0,0],[0,0],[0,0],[0,0],[0,0],[0,0],[0,0]],"v":[[30.599,-25.668],[17.112,-25.668],[18.671,-29.33],[15.155,-29.838],[13.487,-25.668],[5.656,-25.668],[5.656,3.698],[9.136,3.698],[9.136,1.668],[27.119,1.668],[27.119,3.698],[30.599,3.698]],"c":true},"ix":2},"nm":"自","mn":"ADBE Vector Shape - Group","hd":false},{"ind":1,"ty":"sh","ix":2,"ks":{"a":0,"k":{"i":[[0,0],[0,0],[0,0],[0,0]],"o":[[0,0],[0,0],[0,0],[0,0]],"v":[[9.136,-1.595],[9.136,-6.671],[27.119,-6.671],[27.119,-1.595]],"c":true},"ix":2},"nm":"自","mn":"ADBE Vector Shape - Group","hd":false},{"ind":2,"ty":"sh","ix":3,"ks":{"a":0,"k":{"i":[[0,0],[0,0],[0,0],[0,0]],"o":[[0,0],[0,0],[0,0],[0,0]],"v":[[9.136,-9.861],[9.136,-14.611],[27.119,-14.611],[27.119,-9.861]],"c":true},"ix":2},"nm":"自","mn":"ADBE Vector Shape - Group","hd":false},{"ind":3,"ty":"sh","ix":4,"ks":{"a":0,"k":{"i":[[0,0],[0,0],[0,0],[0,0]],"o":[[0,0],[0,0],[0,0],[0,0]],"v":[[9.136,-17.801],[9.136,-22.369],[27.119,-22.369],[27.119,-17.801]],"c":true},"ix":2},"nm":"自","mn":"ADBE Vector Shape - Group","hd":false},{"ty":"mm","mm":1,"nm":"合并路径 1","mn":"ADBE Vector Filter - Merge","hd":false},{"ty":"fl","c":{"a":0,"k":[1,1,1,1],"ix":4},"o":{"a":0,"k":100,"ix":5},"r":1,"bm":0,"nm":"填充 1","mn":"ADBE Vector Graphic - Fill","hd":false},{"ty":"st","c":{"a":0,"k":[0.098040008545,0.098040008545,0.098040008545,1],"ix":3},"o":{"a":0,"k":100,"ix":4},"w":{"a":0,"k":0.01,"ix":5},"lc":1,"lj":1,"ml":4,"bm":0,"nm":"描边 1","mn":"ADBE Vector Graphic - Stroke","hd":false},{"ty":"tr","p":{"a":0,"k":[0,0],"ix":2},"a":{"a":0,"k":[0,0],"ix":1},"s":{"a":0,"k":[100,100],"ix":3},"r":{"a":0,"k":0,"ix":6},"o":{"a":0,"k":100,"ix":7},"sk":{"a":0,"k":0,"ix":4},"sa":{"a":0,"k":0,"ix":5},"nm":"变换"}],"nm":"自","np":7,"cix":2,"bm":0,"ix":3,"mn":"ADBE Vector Group","hd":false},{"ty":"gr","it":[{"ind":0,"ty":"sh","ix":1,"ks":{"a":0,"k":{"i":[[-0.943,1.233],[0,0],[0,0],[0,0],[-0.834,2.683],[0,0],[3.335,-4.206],[0,0]],"o":[[0,0],[0,0],[0,0],[1.305,-2.502],[0,0],[-1.631,5.583],[0,0],[1.088,-1.233]],"v":[[41.184,-15.372],[41.184,3.807],[44.556,3.807],[44.556,-20.774],[47.747,-28.569],[44.52,-30.092],[37.051,-15.372],[38.175,-11.674]],"c":true},"ix":2},"nm":"信","mn":"ADBE Vector Shape - Group","hd":false},{"ind":1,"ty":"sh","ix":2,"ks":{"a":0,"k":{"i":[[0,0],[0,0],[0,0],[0,0],[0,0],[0.761,1.631],[0,0],[-0.471,-1.233]],"o":[[0,0],[0,0],[0,0],[0,0],[-0.399,-1.378],[0,0],[0.616,1.16],[0,0]],"v":[[47.094,-25.342],[47.094,-22.115],[70.913,-22.115],[70.913,-25.342],[61.125,-25.342],[59.384,-29.838],[56.085,-28.931],[57.717,-25.342]],"c":true},"ix":2},"nm":"信","mn":"ADBE Vector Shape - Group","hd":false},{"ind":2,"ty":"sh","ix":3,"ks":{"a":0,"k":{"i":[[0,0],[0,0],[0,0],[0,0]],"o":[[0,0],[0,0],[0,0],[0,0]],"v":[[50.393,-19.904],[50.393,-16.822],[67.832,-16.822],[67.832,-19.904]],"c":true},"ix":2},"nm":"信","mn":"ADBE Vector Shape - Group","hd":false},{"ind":3,"ty":"sh","ix":4,"ks":{"a":0,"k":{"i":[[0,0],[0,0],[0,0],[0,0]],"o":[[0,0],[0,0],[0,0],[0,0]],"v":[[50.393,-14.792],[50.393,-11.674],[67.832,-11.674],[67.832,-14.792]],"c":true},"ix":2},"nm":"信","mn":"ADBE Vector Shape - Group","hd":false},{"ind":4,"ty":"sh","ix":5,"ks":{"a":0,"k":{"i":[[0,0],[0,0],[0,0],[0,0],[0,0],[0,0],[0,0],[0,0]],"o":[[0,0],[0,0],[0,0],[0,0],[0,0],[0,0],[0,0],[0,0]],"v":[[68.593,-9.39],[49.596,-9.39],[49.596,3.734],[52.931,3.734],[52.931,1.849],[65.258,1.849],[65.258,3.734],[68.593,3.734]],"c":true},"ix":2},"nm":"信","mn":"ADBE Vector Shape - Group","hd":false},{"ind":5,"ty":"sh","ix":6,"ks":{"a":0,"k":{"i":[[0,0],[0,0],[0,0],[0,0]],"o":[[0,0],[0,0],[0,0],[0,0]],"v":[[52.931,-1.378],[52.931,-6.2],[65.258,-6.2],[65.258,-1.378]],"c":true},"ix":2},"nm":"信","mn":"ADBE Vector Shape - Group","hd":false},{"ty":"mm","mm":1,"nm":"合并路径 1","mn":"ADBE Vector Filter - Merge","hd":false},{"ty":"fl","c":{"a":0,"k":[1,1,1,1],"ix":4},"o":{"a":0,"k":100,"ix":5},"r":1,"bm":0,"nm":"填充 1","mn":"ADBE Vector Graphic - Fill","hd":false},{"ty":"st","c":{"a":0,"k":[0.098040008545,0.098040008545,0.098040008545,1],"ix":3},"o":{"a":0,"k":100,"ix":4},"w":{"a":0,"k":0.01,"ix":5},"lc":1,"lj":1,"ml":4,"bm":0,"nm":"描边 1","mn":"ADBE Vector Graphic - Stroke","hd":false},{"ty":"tr","p":{"a":0,"k":[0,0],"ix":2},"a":{"a":0,"k":[0,0],"ix":1},"s":{"a":0,"k":[100,100],"ix":3},"r":{"a":0,"k":0,"ix":6},"o":{"a":0,"k":100,"ix":7},"sk":{"a":0,"k":0,"ix":4},"sa":{"a":0,"k":0,"ix":5},"nm":"变换"}],"nm":"信","np":9,"cix":2,"bm":0,"ix":4,"mn":"ADBE Vector Group","hd":false}],"ip":8,"op":668,"st":-82,"bm":0},{"ddd":0,"ind":73,"ty":2,"nm":"per_0","parent":80,"refId":"image_0","sr":1,"ks":{"o":{"a":1,"k":[{"i":{"x":[0.833],"y":[0.833]},"o":{"x":[0.167],"y":[0.167]},"t":55,"s":[0]},{"i":{"x":[0.833],"y":[0.833]},"o":{"x":[0.167],"y":[0.167]},"t":70,"s":[100]},{"i":{"x":[0.833],"y":[0.833]},"o":{"x":[0.167],"y":[0.167]},"t":165,"s":[100]},{"t":195,"s":[0]}],"ix":11},"r":{"a":0,"k":0,"ix":10},"p":{"a":1,"k":[{"i":{"x":0.7,"y":1},"o":{"x":0.3,"y":0},"t":40,"s":[20,13.79,0],"to":[-173.333,-77.573,0],"ti":[55.333,104.573,0]},{"t":70,"s":[-366,-281.647,0]}],"ix":2},"a":{"a":0,"k":[117.234,55.5,0],"ix":1},"s":{"a":0,"k":[100,100,100],"ix":6}},"ao":0,"ip":40,"op":760,"st":10,"bm":0},{"ddd":0,"ind":74,"ty":2,"nm":"per_1","parent":79,"refId":"image_1","sr":1,"ks":{"o":{"a":1,"k":[{"i":{"x":[0.833],"y":[0.833]},"o":{"x":[0.167],"y":[0.167]},"t":47,"s":[0]},{"i":{"x":[0.833],"y":[0.833]},"o":{"x":[0.167],"y":[0.167]},"t":62,"s":[100]},{"i":{"x":[0.833],"y":[0.833]},"o":{"x":[0.167],"y":[0.167]},"t":165,"s":[100]},{"t":195,"s":[0]}],"ix":11},"r":{"a":0,"k":0,"ix":10},"p":{"a":1,"k":[{"i":{"x":0.7,"y":1},"o":{"x":0.3,"y":0},"t":32,"s":[20,17.438,0],"to":[-161.333,20.427,0],"ti":[151.333,34.573,0]},{"t":62,"s":[-424,-10,0]}],"ix":2},"a":{"a":0,"k":[117.234,55.5,0],"ix":1},"s":{"a":0,"k":[100,100,100],"ix":6}},"ao":0,"ip":32,"op":752,"st":2,"bm":0},{"ddd":0,"ind":75,"ty":2,"nm":"per_2","parent":81,"refId":"image_2","sr":1,"ks":{"o":{"a":1,"k":[{"i":{"x":[0.833],"y":[0.833]},"o":{"x":[0.167],"y":[0.167]},"t":39,"s":[0]},{"i":{"x":[0.833],"y":[0.833]},"o":{"x":[0.167],"y":[0.167]},"t":54,"s":[100]},{"i":{"x":[0.833],"y":[0.833]},"o":{"x":[0.167],"y":[0.167]},"t":165,"s":[100]},{"t":195,"s":[0]}],"ix":11},"r":{"a":0,"k":0,"ix":10},"p":{"a":1,"k":[{"i":{"x":0.7,"y":1},"o":{"x":0.3,"y":0},"t":24,"s":[20,18.795,0],"to":[-81.333,142.427,0],"ti":[109.333,-33.427,0]},{"t":54,"s":[-288,279.357,0]}],"ix":2},"a":{"a":0,"k":[117.234,55.5,0],"ix":1},"s":{"a":0,"k":[100,100,100],"ix":6}},"ao":0,"ip":24,"op":774,"st":24,"bm":0},{"ddd":0,"ind":76,"ty":2,"nm":"per_3","parent":79,"refId":"image_3","sr":1,"ks":{"o":{"a":1,"k":[{"i":{"x":[0.833],"y":[0.833]},"o":{"x":[0.167],"y":[0.167]},"t":31,"s":[0]},{"i":{"x":[0.833],"y":[0.833]},"o":{"x":[0.167],"y":[0.167]},"t":46,"s":[100]},{"i":{"x":[0.833],"y":[0.833]},"o":{"x":[0.167],"y":[0.167]},"t":165,"s":[100]},{"t":195,"s":[0]}],"ix":11},"r":{"a":0,"k":0,"ix":10},"p":{"a":1,"k":[{"i":{"x":0.7,"y":1},"o":{"x":0.3,"y":0},"t":16,"s":[20,14.039,0],"to":[221.667,34.427,0],"ti":[-31.667,-121.427,0]},{"t":46,"s":[310.266,277.602,0]}],"ix":2},"a":{"a":0,"k":[161.5,58.5,0],"ix":1},"s":{"a":0,"k":[100,100,100],"ix":6}},"ao":0,"ip":16,"op":766,"st":16,"bm":0},{"ddd":0,"ind":77,"ty":2,"nm":"per_4","parent":80,"refId":"image_4","sr":1,"ks":{"o":{"a":1,"k":[{"i":{"x":[0.833],"y":[0.833]},"o":{"x":[0.167],"y":[0.167]},"t":24,"s":[0]},{"i":{"x":[0.833],"y":[0.833]},"o":{"x":[0.167],"y":[0.167]},"t":38,"s":[100]},{"i":{"x":[0.833],"y":[0.833]},"o":{"x":[0.167],"y":[0.167]},"t":165,"s":[100]},{"t":195,"s":[0]}],"ix":11},"r":{"a":0,"k":0,"ix":10},"p":{"a":1,"k":[{"i":{"x":0.5,"y":1},"o":{"x":0.3,"y":0},"t":8,"s":[20,13.79,0],"to":[114.667,-89.573,0],"ti":[-138.667,8.573,0]},{"t":38,"s":[396,-103.647,0]}],"ix":2},"a":{"a":0,"k":[117.234,55.5,0],"ix":1},"s":{"a":0,"k":[100,100,100],"ix":6}},"ao":0,"ip":8,"op":728,"st":-22,"bm":0},{"ddd":0,"ind":78,"ty":2,"nm":"per_5","parent":79,"refId":"image_5","sr":1,"ks":{"o":{"a":1,"k":[{"i":{"x":[0.833],"y":[0.833]},"o":{"x":[0.167],"y":[0.167]},"t":15,"s":[0]},{"i":{"x":[0.833],"y":[0.833]},"o":{"x":[0.167],"y":[0.167]},"t":30,"s":[100]},{"i":{"x":[0.833],"y":[0.833]},"o":{"x":[0.167],"y":[0.167]},"t":165,"s":[100]},{"t":195,"s":[0]}],"ix":11},"r":{"a":0,"k":0,"ix":10},"p":{"a":1,"k":[{"i":{"x":0.5,"y":1},"o":{"x":0.3,"y":0},"t":0,"s":[20,29.214,0],"to":[28.667,-185.573,0],"ti":[-150.667,16.573,0]},{"t":30,"s":[340,-316.223,0]}],"ix":2},"a":{"a":0,"k":[73,37,0],"ix":1},"s":{"a":0,"k":[100,100,100],"ix":6}},"ao":0,"ip":0,"op":720,"st":-30,"bm":0},{"ddd":0,"ind":79,"ty":3,"nm":"先下后上(小幅度)","sr":1.3,"ks":{"o":{"a":0,"k":1,"ix":11},"r":{"a":0,"k":0,"ix":10},"p":{"a":1,"k":[{"i":{"x":0.75,"y":1},"o":{"x":0.271,"y":0},"t":44,"s":[562.5,550,0],"to":[0,-0.727,0],"ti":[0,1.897,0]},{"i":{"x":0.757,"y":1},"o":{"x":0.25,"y":0},"t":90,"s":[562.5,565,0],"to":[0,-6.803,0],"ti":[0,-2.607,0]},{"i":{"x":0.75,"y":1},"o":{"x":0.25,"y":0},"t":161,"s":[562.5,535,0],"to":[0,3.333,0],"ti":[0,0,0]},{"i":{"x":0.75,"y":1},"o":{"x":0.25,"y":0},"t":239,"s":[562.5,565,0],"to":[0,0,0],"ti":[0,2.5,0]},{"i":{"x":0.75,"y":1},"o":{"x":0.25,"y":0},"t":317,"s":[562.5,535,0],"to":[0,-2.5,0],"ti":[0,-2.5,0]},{"t":356,"s":[562.5,550,0]}],"ix":2},"a":{"a":0,"k":[0,0,0],"ix":1},"s":{"a":0,"k":[100,100,100],"ix":6}},"ao":0,"ip":44,"op":902,"st":-73,"bm":0},{"ddd":0,"ind":80,"ty":3,"nm":"先上后下 2","sr":1.3,"ks":{"o":{"a":0,"k":1,"ix":11},"r":{"a":0,"k":0,"ix":10},"p":{"a":1,"k":[{"i":{"x":0.75,"y":1},"o":{"x":0.25,"y":0},"t":59,"s":[562.5,550,0],"to":[0,-3.333,0],"ti":[0,-3.333,0]},{"i":{"x":0.75,"y":1},"o":{"x":0.25,"y":0},"t":98,"s":[562.5,530,0],"to":[0,3.333,0],"ti":[0,0,0]},{"i":{"x":0.75,"y":1},"o":{"x":0.25,"y":0},"t":176,"s":[562.5,570,0],"to":[0,0,0],"ti":[0,0,0]},{"i":{"x":0.75,"y":1},"o":{"x":0.25,"y":0},"t":254,"s":[562.5,530,0],"to":[0,0,0],"ti":[0,-3.333,0]},{"i":{"x":0.75,"y":1},"o":{"x":0.25,"y":0},"t":332,"s":[562.5,570,0],"to":[0,3.333,0],"ti":[0,3.333,0]},{"t":371,"s":[562.5,550,0]}],"ix":2},"a":{"a":0,"k":[0,0,0],"ix":1},"s":{"a":0,"k":[100,100,100],"ix":6}},"ao":0,"ip":59,"op":917,"st":-58,"bm":0},{"ddd":0,"ind":81,"ty":3,"nm":"先上后下","sr":1.3,"ks":{"o":{"a":0,"k":1,"ix":11},"r":{"a":0,"k":0,"ix":10},"p":{"a":1,"k":[{"i":{"x":0.75,"y":1},"o":{"x":0.25,"y":0},"t":47,"s":[562.5,550,0],"to":[0,-1.667,0],"ti":[0,-1.667,0]},{"i":{"x":0.661,"y":0.945},"o":{"x":0.25,"y":0},"t":86,"s":[562.5,540,0],"to":[0,1.667,0],"ti":[0,0,0]},{"i":{"x":0.751,"y":1},"o":{"x":0.257,"y":0.041},"t":165,"s":[562.5,560,0],"to":[0,0,0],"ti":[0,0,0]},{"i":{"x":0.75,"y":1},"o":{"x":0.25,"y":0},"t":242,"s":[562.5,540,0],"to":[0,0,0],"ti":[0,-1.667,0]},{"i":{"x":0.75,"y":1},"o":{"x":0.25,"y":0},"t":320,"s":[562.5,565,0],"to":[0,1.667,0],"ti":[0,2.5,0]},{"t":359,"s":[562.5,550,0]}],"ix":2},"a":{"a":0,"k":[0,0,0],"ix":1},"s":{"a":0,"k":[100,100,100],"ix":6}},"ao":0,"ip":47,"op":905,"st":-70,"bm":0}],"markers":[]}